<?xml version='1.0' encoding='UTF-8'?>
<gpx version="1.1" creator="https://www.komoot.de" xmlns="http://www.topografix.com/GPX/1/1" xmlns:xsi="http://www.w3.org/2001/XMLSchema-instance" xsi:schemaLocation="http://www.topografix.com/GPX/1/1 http://www.topografix.com/GPX/1/1/gpx.xsd">
  <metadata>
    <name>⭐️ 🏡 Dilltalradweg</name>
    <author>
      <link href="https://www.komoot.de">
        <text>komoot</text>
        <type>text/html</type>
      </link>
    </author>
  </metadata>
  <wpt lat="50.475524" lon="8.446462">
    <name>Bike path between Niederquembach and Kraftsolms</name>
    <sym>Flag, Blue</sym>
  </wpt>
  <wpt lat="50.570814" lon="8.423253">
    <name>Turn left into the Dernbach Valley</name>
    <sym>Flag, Blue</sym>
  </wpt>
  <wpt lat="50.574492" lon="8.423226">
    <name>Grube Fortuna</name>
    <sym>Flag, Blue</sym>
  </wpt>
  <wpt lat="50.583021" lon="8.421592">
    <name>Berghausen Pass</name>
    <sym>Flag, Blue</sym>
  </wpt>
  <wpt lat="50.590000" lon="8.422778">
    <name>Village square and well pavilion in Berghausen</name>
    <sym>Flag, Blue</sym>
  </wpt>
  <wpt lat="50.663276" lon="8.318310">
    <name>Cycle Path Through the Aue Meadows</name>
    <sym>Flag, Blue</sym>
  </wpt>
  <wpt lat="50.694688" lon="8.305508">
    <name>Old railroad bridge in Burg</name>
    <sym>Bridge</sym>
  </wpt>
  <wpt lat="50.743576" lon="8.274484">
    <name>Dill Valley Between Dillenburg and Sechshelden</name>
    <sym>Flag, Blue</sym>
  </wpt>
  <trk>
    <name>⭐️ 🏡 Dilltalradweg</name>
    <type>mtb_easy</type>
    <trkseg>
      <trkpt lat="50.433163" lon="8.496856">
        <ele>238.247297</ele>
        <time>2026-08-09T07:55:15.792Z</time>
      </trkpt>
      <trkpt lat="50.433034" lon="8.496315">
        <ele>238.247297</ele>
        <time>2026-08-09T07:55:22.354Z</time>
      </trkpt>
      <trkpt lat="50.432987" lon="8.496202">
        <ele>238.247297</ele>
        <time>2026-08-09T07:55:23.882Z</time>
      </trkpt>
      <trkpt lat="50.433015" lon="8.495998">
        <ele>238.247297</ele>
        <time>2026-08-09T07:55:26.998Z</time>
      </trkpt>
      <trkpt lat="50.432992" lon="8.495912">
        <ele>238.247297</ele>
        <time>2026-08-09T07:55:28.424Z</time>
      </trkpt>
      <trkpt lat="50.433236" lon="8.495242">
        <ele>238.209683</ele>
        <time>2026-08-09T07:55:37.184Z</time>
      </trkpt>
      <trkpt lat="50.432928" lon="8.494988">
        <ele>238.154823</ele>
        <time>2026-08-09T07:55:43.061Z</time>
      </trkpt>
      <trkpt lat="50.432812" lon="8.494893">
        <ele>238.134193</ele>
        <time>2026-08-09T07:55:45.261Z</time>
      </trkpt>
      <trkpt lat="50.432549" lon="8.494677">
        <ele>238.087390</ele>
        <time>2026-08-09T07:55:50.193Z</time>
      </trkpt>
      <trkpt lat="50.432679" lon="8.493514">
        <ele>237.968791</ele>
        <time>2026-08-09T07:56:02.293Z</time>
      </trkpt>
      <trkpt lat="50.432892" lon="8.491592">
        <ele>237.923853</ele>
        <time>2026-08-09T07:56:23.274Z</time>
      </trkpt>
      <trkpt lat="50.432912" lon="8.489820">
        <ele>237.125285</ele>
        <time>2026-08-09T07:56:43.871Z</time>
      </trkpt>
      <trkpt lat="50.433062" lon="8.488870">
        <ele>236.226557</ele>
        <time>2026-08-09T07:56:52.688Z</time>
      </trkpt>
      <trkpt lat="50.433144" lon="8.488790">
        <ele>236.087384</ele>
        <time>2026-08-09T07:56:53.952Z</time>
      </trkpt>
      <trkpt lat="50.433478" lon="8.488789">
        <ele>235.605904</ele>
        <time>2026-08-09T07:56:58.234Z</time>
      </trkpt>
      <trkpt lat="50.433554" lon="8.488677">
        <ele>235.455640</ele>
        <time>2026-08-09T07:56:59.541Z</time>
      </trkpt>
      <trkpt lat="50.433827" lon="8.487461">
        <ele>233.796692</ele>
        <time>2026-08-09T07:57:10.047Z</time>
      </trkpt>
      <trkpt lat="50.434196" lon="8.485965">
        <ele>231.650699</ele>
        <time>2026-08-09T07:57:24.376Z</time>
      </trkpt>
      <trkpt lat="50.434483" lon="8.484795">
        <ele>230.925372</ele>
        <time>2026-08-09T07:57:35.722Z</time>
      </trkpt>
      <trkpt lat="50.434722" lon="8.484979">
        <ele>230.707261</ele>
        <time>2026-08-09T07:57:39.695Z</time>
      </trkpt>
      <trkpt lat="50.434880" lon="8.485092">
        <ele>230.564999</ele>
        <time>2026-08-09T07:57:42.357Z</time>
      </trkpt>
      <trkpt lat="50.435365" lon="8.485443">
        <ele>230.127409</ele>
        <time>2026-08-09T07:57:51.055Z</time>
      </trkpt>
      <trkpt lat="50.435390" lon="8.485462">
        <ele>230.104650</ele>
        <time>2026-08-09T07:57:51.592Z</time>
      </trkpt>
      <trkpt lat="50.435943" lon="8.484235">
        <ele>230.368923</ele>
        <time>2026-08-09T07:58:09.981Z</time>
      </trkpt>
      <trkpt lat="50.436022" lon="8.484115">
        <ele>230.406438</ele>
        <time>2026-08-09T07:58:12.220Z</time>
      </trkpt>
      <trkpt lat="50.436083" lon="8.484021">
        <ele>230.435609</ele>
        <time>2026-08-09T07:58:15.677Z</time>
      </trkpt>
      <trkpt lat="50.436131" lon="8.483886">
        <ele>230.469218</ele>
        <time>2026-08-09T07:58:17.648Z</time>
      </trkpt>
      <trkpt lat="50.437328" lon="8.482038">
        <ele>231.034670</ele>
        <time>2026-08-09T07:58:48.656Z</time>
      </trkpt>
      <trkpt lat="50.437671" lon="8.481428">
        <ele>231.207946</ele>
        <time>2026-08-09T07:58:59.042Z</time>
      </trkpt>
      <trkpt lat="50.437835" lon="8.481194">
        <ele>231.262505</ele>
        <time>2026-08-09T07:59:03.384Z</time>
      </trkpt>
      <trkpt lat="50.437997" lon="8.481012">
        <ele>231.122013</ele>
        <time>2026-08-09T07:59:07.245Z</time>
      </trkpt>
      <trkpt lat="50.439775" lon="8.479590">
        <ele>229.147043</ele>
        <time>2026-08-09T07:59:37.152Z</time>
      </trkpt>
      <trkpt lat="50.439992" lon="8.479328">
        <ele>228.579286</ele>
        <time>2026-08-09T07:59:40.771Z</time>
      </trkpt>
      <trkpt lat="50.440281" lon="8.478890">
        <ele>227.746193</ele>
        <time>2026-08-09T07:59:45.989Z</time>
      </trkpt>
      <trkpt lat="50.440565" lon="8.478372">
        <ele>226.843329</ele>
        <time>2026-08-09T07:59:51.568Z</time>
      </trkpt>
      <trkpt lat="50.441129" lon="8.476934">
        <ele>224.714312</ele>
        <time>2026-08-09T08:00:06.200Z</time>
      </trkpt>
      <trkpt lat="50.441869" lon="8.475849">
        <ele>222.769610</ele>
        <time>2026-08-09T08:00:22.536Z</time>
      </trkpt>
      <trkpt lat="50.441830" lon="8.475739">
        <ele>222.746282</ele>
        <time>2026-08-09T08:00:23.861Z</time>
      </trkpt>
      <trkpt lat="50.441813" lon="8.475583">
        <ele>222.716955</ele>
        <time>2026-08-09T08:00:25.529Z</time>
      </trkpt>
      <trkpt lat="50.441996" lon="8.475475">
        <ele>222.660073</ele>
        <time>2026-08-09T08:00:28.362Z</time>
      </trkpt>
      <trkpt lat="50.442352" lon="8.475261">
        <ele>222.549162</ele>
        <time>2026-08-09T08:00:34.056Z</time>
      </trkpt>
      <trkpt lat="50.442797" lon="8.474993">
        <ele>222.410489</ele>
        <time>2026-08-09T08:00:41.740Z</time>
      </trkpt>
      <trkpt lat="50.443602" lon="8.474799">
        <ele>222.204188</ele>
        <time>2026-08-09T08:01:00.486Z</time>
      </trkpt>
      <trkpt lat="50.444119" lon="8.474612">
        <ele>222.110925</ele>
        <time>2026-08-09T08:01:11.752Z</time>
      </trkpt>
      <trkpt lat="50.444557" lon="8.474339">
        <ele>222.028086</ele>
        <time>2026-08-09T08:01:19.214Z</time>
      </trkpt>
      <trkpt lat="50.444895" lon="8.474097">
        <ele>221.962785</ele>
        <time>2026-08-09T08:01:24.570Z</time>
      </trkpt>
      <trkpt lat="50.445202" lon="8.474032">
        <ele>221.738728</ele>
        <time>2026-08-09T08:01:28.880Z</time>
      </trkpt>
      <trkpt lat="50.445369" lon="8.473933">
        <ele>221.506353</ele>
        <time>2026-08-09T08:01:31.326Z</time>
      </trkpt>
      <trkpt lat="50.445663" lon="8.473684">
        <ele>221.071509</ele>
        <time>2026-08-09T08:01:35.892Z</time>
      </trkpt>
      <trkpt lat="50.445645" lon="8.473399">
        <ele>220.834087</ele>
        <time>2026-08-09T08:01:38.878Z</time>
      </trkpt>
      <trkpt lat="50.445707" lon="8.472835">
        <ele>220.359619</ele>
        <time>2026-08-09T08:01:45.046Z</time>
      </trkpt>
      <trkpt lat="50.445756" lon="8.472384">
        <ele>219.980341</ele>
        <time>2026-08-09T08:01:50.227Z</time>
      </trkpt>
      <trkpt lat="50.445827" lon="8.471614">
        <ele>219.387452</ele>
        <time>2026-08-09T08:01:59.482Z</time>
      </trkpt>
      <trkpt lat="50.445866" lon="8.471384">
        <ele>219.229981</ele>
        <time>2026-08-09T08:02:02.182Z</time>
      </trkpt>
      <trkpt lat="50.445903" lon="8.471257">
        <ele>219.137581</ele>
        <time>2026-08-09T08:02:03.745Z</time>
      </trkpt>
      <trkpt lat="50.445982" lon="8.471109">
        <ele>219.009815</ele>
        <time>2026-08-09T08:02:05.905Z</time>
      </trkpt>
      <trkpt lat="50.446317" lon="8.470669">
        <ele>218.556078</ele>
        <time>2026-08-09T08:02:13.608Z</time>
      </trkpt>
      <trkpt lat="50.446430" lon="8.470380">
        <ele>218.331711</ele>
        <time>2026-08-09T08:02:17.355Z</time>
      </trkpt>
      <trkpt lat="50.446453" lon="8.470228">
        <ele>218.228348</ele>
        <time>2026-08-09T08:02:19.045Z</time>
      </trkpt>
      <trkpt lat="50.446578" lon="8.469917">
        <ele>217.985035</ele>
        <time>2026-08-09T08:02:23.059Z</time>
      </trkpt>
      <trkpt lat="50.446680" lon="8.469722">
        <ele>217.818081</ele>
        <time>2026-08-09T08:02:25.831Z</time>
      </trkpt>
      <trkpt lat="50.446866" lon="8.469472">
        <ele>217.513385</ele>
        <time>2026-08-09T08:02:30.025Z</time>
      </trkpt>
      <trkpt lat="50.447620" lon="8.468711">
        <ele>216.290953</ele>
        <time>2026-08-09T08:02:44.866Z</time>
      </trkpt>
      <trkpt lat="50.447919" lon="8.468336">
        <ele>215.769065</ele>
        <time>2026-08-09T08:02:51.201Z</time>
      </trkpt>
      <trkpt lat="50.448100" lon="8.467961">
        <ele>215.360399</ele>
        <time>2026-08-09T08:02:56.376Z</time>
      </trkpt>
      <trkpt lat="50.448159" lon="8.467704">
        <ele>215.301518</ele>
        <time>2026-08-09T08:02:59.449Z</time>
      </trkpt>
      <trkpt lat="50.448236" lon="8.467272">
        <ele>215.380179</ele>
        <time>2026-08-09T08:03:04.738Z</time>
      </trkpt>
      <trkpt lat="50.448291" lon="8.466977">
        <ele>215.434077</ele>
        <time>2026-08-09T08:03:08.516Z</time>
      </trkpt>
      <trkpt lat="50.448479" lon="8.465900">
        <ele>215.629891</ele>
        <time>2026-08-09T08:03:24.381Z</time>
      </trkpt>
      <trkpt lat="50.448576" lon="8.465618">
        <ele>215.686092</ele>
        <time>2026-08-09T08:03:29.731Z</time>
      </trkpt>
      <trkpt lat="50.448728" lon="8.465406">
        <ele>215.742071</ele>
        <time>2026-08-09T08:03:34.950Z</time>
      </trkpt>
      <trkpt lat="50.448979" lon="8.465267">
        <ele>215.733103</ele>
        <time>2026-08-09T08:03:41.602Z</time>
      </trkpt>
      <trkpt lat="50.449251" lon="8.465186">
        <ele>215.680103</ele>
        <time>2026-08-09T08:03:48.158Z</time>
      </trkpt>
      <trkpt lat="50.449520" lon="8.465146">
        <ele>215.628375</ele>
        <time>2026-08-09T08:03:53.963Z</time>
      </trkpt>
      <trkpt lat="50.450147" lon="8.465140">
        <ele>215.508340</ele>
        <time>2026-08-09T08:04:05.867Z</time>
      </trkpt>
      <trkpt lat="50.450568" lon="8.465111">
        <ele>215.427666</ele>
        <time>2026-08-09T08:04:13.132Z</time>
      </trkpt>
      <trkpt lat="50.450731" lon="8.465014">
        <ele>215.089903</ele>
        <time>2026-08-09T08:04:16.021Z</time>
      </trkpt>
      <trkpt lat="50.450833" lon="8.464873">
        <ele>214.783170</ele>
        <time>2026-08-09T08:04:18.255Z</time>
      </trkpt>
      <trkpt lat="50.450909" lon="8.464712">
        <ele>214.495107</ele>
        <time>2026-08-09T08:04:20.312Z</time>
      </trkpt>
      <trkpt lat="50.451736" lon="8.462513">
        <ele>211.143703</ele>
        <time>2026-08-09T08:04:45.529Z</time>
      </trkpt>
      <trkpt lat="50.451962" lon="8.461578">
        <ele>210.559418</ele>
        <time>2026-08-09T08:04:55.617Z</time>
      </trkpt>
      <trkpt lat="50.451962" lon="8.461269">
        <ele>210.378893</ele>
        <time>2026-08-09T08:04:59.013Z</time>
      </trkpt>
      <trkpt lat="50.451935" lon="8.461103">
        <ele>210.278798</ele>
        <time>2026-08-09T08:05:00.926Z</time>
      </trkpt>
      <trkpt lat="50.451904" lon="8.460695">
        <ele>210.038743</ele>
        <time>2026-08-09T08:05:06.064Z</time>
      </trkpt>
      <trkpt lat="50.451856" lon="8.460404">
        <ele>209.863122</ele>
        <time>2026-08-09T08:05:10.463Z</time>
      </trkpt>
      <trkpt lat="50.452023" lon="8.460331">
        <ele>209.725628</ele>
        <time>2026-08-09T08:05:14.585Z</time>
      </trkpt>
      <trkpt lat="50.452437" lon="8.460149">
        <ele>210.392317</ele>
        <time>2026-08-09T08:05:26.782Z</time>
      </trkpt>
      <trkpt lat="50.452793" lon="8.460130">
        <ele>210.944705</ele>
        <time>2026-08-09T08:05:37.057Z</time>
      </trkpt>
      <trkpt lat="50.453421" lon="8.460288">
        <ele>211.930996</ele>
        <time>2026-08-09T08:05:52.507Z</time>
      </trkpt>
      <trkpt lat="50.453510" lon="8.460281">
        <ele>212.069186</ele>
        <time>2026-08-09T08:05:54.628Z</time>
      </trkpt>
      <trkpt lat="50.453785" lon="8.460164">
        <ele>212.495881</ele>
        <time>2026-08-09T08:06:01.249Z</time>
      </trkpt>
      <trkpt lat="50.454130" lon="8.459884">
        <ele>212.156128</ele>
        <time>2026-08-09T08:06:08.771Z</time>
      </trkpt>
      <trkpt lat="50.454282" lon="8.459805">
        <ele>212.016053</ele>
        <time>2026-08-09T08:06:11.296Z</time>
      </trkpt>
      <trkpt lat="50.454711" lon="8.459785">
        <ele>211.640561</ele>
        <time>2026-08-09T08:06:17.236Z</time>
      </trkpt>
      <trkpt lat="50.454912" lon="8.459695">
        <ele>211.457703</ele>
        <time>2026-08-09T08:06:20.153Z</time>
      </trkpt>
      <trkpt lat="50.455127" lon="8.459516">
        <ele>211.244810</ele>
        <time>2026-08-09T08:06:23.689Z</time>
      </trkpt>
      <trkpt lat="50.455228" lon="8.459390">
        <ele>211.131964</ele>
        <time>2026-08-09T08:06:25.567Z</time>
      </trkpt>
      <trkpt lat="50.455341" lon="8.459213">
        <ele>210.992342</ele>
        <time>2026-08-09T08:06:27.836Z</time>
      </trkpt>
      <trkpt lat="50.455509" lon="8.458950">
        <ele>210.774290</ele>
        <time>2026-08-09T08:06:31.014Z</time>
      </trkpt>
      <trkpt lat="50.455911" lon="8.458300">
        <ele>210.232327</ele>
        <time>2026-08-09T08:06:39.026Z</time>
      </trkpt>
      <trkpt lat="50.456084" lon="8.457929">
        <ele>209.957297</ele>
        <time>2026-08-09T08:06:43.434Z</time>
      </trkpt>
      <trkpt lat="50.456122" lon="8.457725">
        <ele>209.830178</ele>
        <time>2026-08-09T08:06:45.577Z</time>
      </trkpt>
      <trkpt lat="50.456307" lon="8.457693">
        <ele>209.655345</ele>
        <time>2026-08-09T08:06:48.715Z</time>
      </trkpt>
      <trkpt lat="50.456629" lon="8.457308">
        <ele>209.275203</ele>
        <time>2026-08-09T08:06:55.617Z</time>
      </trkpt>
      <trkpt lat="50.456917" lon="8.457046">
        <ele>209.060346</ele>
        <time>2026-08-09T08:07:01.509Z</time>
      </trkpt>
      <trkpt lat="50.458776" lon="8.454785">
        <ele>207.732433</ele>
        <time>2026-08-09T08:07:37.435Z</time>
      </trkpt>
      <trkpt lat="50.459281" lon="8.454396">
        <ele>207.456072</ele>
        <time>2026-08-09T08:07:46.668Z</time>
      </trkpt>
      <trkpt lat="50.459704" lon="8.454022">
        <ele>207.117688</ele>
        <time>2026-08-09T08:07:54.702Z</time>
      </trkpt>
      <trkpt lat="50.459861" lon="8.453727">
        <ele>206.740320</ele>
        <time>2026-08-09T08:07:58.804Z</time>
      </trkpt>
      <trkpt lat="50.460069" lon="8.453327">
        <ele>206.233428</ele>
        <time>2026-08-09T08:08:03.958Z</time>
      </trkpt>
      <trkpt lat="50.460801" lon="8.452443">
        <ele>204.809992</ele>
        <time>2026-08-09T08:08:16.514Z</time>
      </trkpt>
      <trkpt lat="50.460851" lon="8.452374">
        <ele>204.707389</ele>
        <time>2026-08-09T08:08:17.372Z</time>
      </trkpt>
      <trkpt lat="50.461083" lon="8.452012">
        <ele>204.036866</ele>
        <time>2026-08-09T08:08:21.540Z</time>
      </trkpt>
      <trkpt lat="50.461217" lon="8.451733">
        <ele>203.495800</ele>
        <time>2026-08-09T08:08:24.366Z</time>
      </trkpt>
      <trkpt lat="50.461284" lon="8.451708">
        <ele>203.328332</ele>
        <time>2026-08-09T08:08:25.259Z</time>
      </trkpt>
      <trkpt lat="50.461591" lon="8.451427">
        <ele>202.464255</ele>
        <time>2026-08-09T08:08:29.766Z</time>
      </trkpt>
      <trkpt lat="50.461705" lon="8.451360">
        <ele>202.168254</ele>
        <time>2026-08-09T08:08:31.314Z</time>
      </trkpt>
      <trkpt lat="50.461700" lon="8.451316">
        <ele>202.099060</ele>
        <time>2026-08-09T08:08:31.709Z</time>
      </trkpt>
      <trkpt lat="50.461805" lon="8.451171">
        <ele>201.759074</ele>
        <time>2026-08-09T08:08:33.752Z</time>
      </trkpt>
      <trkpt lat="50.462393" lon="8.450581">
        <ele>200.113179</ele>
        <time>2026-08-09T08:08:44.461Z</time>
      </trkpt>
      <trkpt lat="50.462427" lon="8.450546">
        <ele>200.105650</ele>
        <time>2026-08-09T08:08:45.115Z</time>
      </trkpt>
      <trkpt lat="50.462773" lon="8.450245">
        <ele>200.032394</ele>
        <time>2026-08-09T08:08:51.960Z</time>
      </trkpt>
      <trkpt lat="50.463165" lon="8.449827">
        <ele>199.944642</ele>
        <time>2026-08-09T08:09:01.300Z</time>
      </trkpt>
      <trkpt lat="50.463598" lon="8.449588">
        <ele>199.859637</ele>
        <time>2026-08-09T08:09:11.312Z</time>
      </trkpt>
      <trkpt lat="50.463808" lon="8.449520">
        <ele>199.819924</ele>
        <time>2026-08-09T08:09:16.193Z</time>
      </trkpt>
      <trkpt lat="50.464246" lon="8.449284">
        <ele>200.115045</ele>
        <time>2026-08-09T08:09:26.997Z</time>
      </trkpt>
      <trkpt lat="50.465014" lon="8.448902">
        <ele>201.100780</ele>
        <time>2026-08-09T08:09:47.508Z</time>
      </trkpt>
      <trkpt lat="50.465416" lon="8.448633">
        <ele>201.635448</ele>
        <time>2026-08-09T08:09:58.823Z</time>
      </trkpt>
      <trkpt lat="50.466734" lon="8.448055">
        <ele>203.287023</ele>
        <time>2026-08-09T08:10:35.594Z</time>
      </trkpt>
      <trkpt lat="50.467432" lon="8.447603">
        <ele>204.124770</ele>
        <time>2026-08-09T08:10:53.885Z</time>
      </trkpt>
      <trkpt lat="50.467799" lon="8.447265">
        <ele>203.870257</ele>
        <time>2026-08-09T08:11:02.617Z</time>
      </trkpt>
      <trkpt lat="50.467946" lon="8.447163">
        <ele>203.774115</ele>
        <time>2026-08-09T08:11:05.616Z</time>
      </trkpt>
      <trkpt lat="50.468168" lon="8.447092">
        <ele>203.638575</ele>
        <time>2026-08-09T08:11:09.685Z</time>
      </trkpt>
      <trkpt lat="50.468250" lon="8.447113">
        <ele>203.588869</ele>
        <time>2026-08-09T08:11:11.117Z</time>
      </trkpt>
      <trkpt lat="50.468378" lon="8.447211">
        <ele>203.503680</ele>
        <time>2026-08-09T08:11:13.529Z</time>
      </trkpt>
      <trkpt lat="50.468474" lon="8.447179">
        <ele>203.444967</ele>
        <time>2026-08-09T08:11:15.190Z</time>
      </trkpt>
      <trkpt lat="50.468877" lon="8.446437">
        <ele>203.073526</ele>
        <time>2026-08-09T08:11:25.546Z</time>
      </trkpt>
      <trkpt lat="50.469129" lon="8.446053">
        <ele>203.597083</ele>
        <time>2026-08-09T08:11:31.875Z</time>
      </trkpt>
      <trkpt lat="50.469359" lon="8.445829">
        <ele>204.004823</ele>
        <time>2026-08-09T08:11:37.420Z</time>
      </trkpt>
      <trkpt lat="50.469572" lon="8.445675">
        <ele>204.358117</ele>
        <time>2026-08-09T08:11:43.037Z</time>
      </trkpt>
      <trkpt lat="50.469837" lon="8.445557">
        <ele>204.773137</ele>
        <time>2026-08-09T08:11:50.700Z</time>
      </trkpt>
      <trkpt lat="50.470313" lon="8.445408">
        <ele>205.504455</ele>
        <time>2026-08-09T08:12:07.537Z</time>
      </trkpt>
      <trkpt lat="50.471360" lon="8.445193">
        <ele>208.021776</ele>
        <time>2026-08-09T08:12:48.071Z</time>
      </trkpt>
      <trkpt lat="50.472018" lon="8.445165">
        <ele>209.713141</ele>
        <time>2026-08-09T08:13:08.807Z</time>
      </trkpt>
      <trkpt lat="50.472603" lon="8.445303">
        <ele>208.918531</ele>
        <time>2026-08-09T08:13:21.211Z</time>
      </trkpt>
      <trkpt lat="50.473093" lon="8.445553">
        <ele>206.547915</ele>
        <time>2026-08-09T08:13:28.909Z</time>
      </trkpt>
      <trkpt lat="50.473384" lon="8.445656">
        <ele>205.175330</ele>
        <time>2026-08-09T08:13:32.934Z</time>
      </trkpt>
      <trkpt lat="50.473612" lon="8.445674">
        <ele>204.124869</ele>
        <time>2026-08-09T08:13:35.897Z</time>
      </trkpt>
      <trkpt lat="50.473847" lon="8.445620">
        <ele>203.032019</ele>
        <time>2026-08-09T08:13:38.904Z</time>
      </trkpt>
      <trkpt lat="50.474399" lon="8.445390">
        <ele>200.274584</ele>
        <time>2026-08-09T08:13:46.165Z</time>
      </trkpt>
      <trkpt lat="50.474692" lon="8.445303">
        <ele>198.799269</ele>
        <time>2026-08-09T08:13:50.066Z</time>
      </trkpt>
      <trkpt lat="50.474866" lon="8.445306">
        <ele>197.938327</ele>
        <time>2026-08-09T08:13:52.403Z</time>
      </trkpt>
      <trkpt lat="50.475068" lon="8.445429">
        <ele>196.866485</ele>
        <time>2026-08-09T08:13:55.421Z</time>
      </trkpt>
      <trkpt lat="50.475096" lon="8.445540">
        <ele>196.490520</ele>
        <time>2026-08-09T08:13:56.503Z</time>
      </trkpt>
      <trkpt lat="50.475109" lon="8.445945">
        <ele>195.213657</ele>
        <time>2026-08-09T08:14:00.331Z</time>
      </trkpt>
      <trkpt lat="50.475176" lon="8.446114">
        <ele>194.586715</ele>
        <time>2026-08-09T08:14:02.334Z</time>
      </trkpt>
      <trkpt lat="50.475332" lon="8.446318">
        <ele>193.582559</ele>
        <time>2026-08-09T08:14:05.742Z</time>
      </trkpt>
      <trkpt lat="50.475521" lon="8.446465">
        <ele>193.261872</ele>
        <time>2026-08-09T08:14:09.637Z</time>
      </trkpt>
      <trkpt lat="50.475722" lon="8.445869">
        <ele>193.365278</ele>
        <time>2026-08-09T08:14:17.476Z</time>
      </trkpt>
      <trkpt lat="50.476128" lon="8.445262">
        <ele>193.500275</ele>
        <time>2026-08-09T08:14:28.571Z</time>
      </trkpt>
      <trkpt lat="50.476671" lon="8.444745">
        <ele>193.653217</ele>
        <time>2026-08-09T08:14:42.558Z</time>
      </trkpt>
      <trkpt lat="50.476848" lon="8.444646">
        <ele>193.540506</ele>
        <time>2026-08-09T08:14:46.580Z</time>
      </trkpt>
      <trkpt lat="50.477063" lon="8.444429">
        <ele>193.338408</ele>
        <time>2026-08-09T08:14:51.449Z</time>
      </trkpt>
      <trkpt lat="50.477232" lon="8.444200">
        <ele>193.161913</ele>
        <time>2026-08-09T08:14:55.452Z</time>
      </trkpt>
      <trkpt lat="50.477334" lon="8.443954">
        <ele>193.014135</ele>
        <time>2026-08-09T08:14:58.495Z</time>
      </trkpt>
      <trkpt lat="50.477443" lon="8.443578">
        <ele>192.806178</ele>
        <time>2026-08-09T08:15:02.699Z</time>
      </trkpt>
      <trkpt lat="50.477461" lon="8.443476">
        <ele>192.752902</ele>
        <time>2026-08-09T08:15:03.612Z</time>
      </trkpt>
      <trkpt lat="50.477508" lon="8.443509">
        <ele>192.712188</ele>
        <time>2026-08-09T08:15:05.254Z</time>
      </trkpt>
      <trkpt lat="50.477524" lon="8.443204">
        <ele>192.558157</ele>
        <time>2026-08-09T08:15:07.931Z</time>
      </trkpt>
      <trkpt lat="50.477465" lon="8.442739">
        <ele>192.319509</ele>
        <time>2026-08-09T08:15:11.931Z</time>
      </trkpt>
      <trkpt lat="50.477399" lon="8.442405">
        <ele>192.093131</ele>
        <time>2026-08-09T08:15:14.810Z</time>
      </trkpt>
      <trkpt lat="50.477583" lon="8.442008">
        <ele>191.715690</ele>
        <time>2026-08-09T08:15:19.066Z</time>
      </trkpt>
      <trkpt lat="50.477700" lon="8.441540">
        <ele>191.329267</ele>
        <time>2026-08-09T08:15:23.652Z</time>
      </trkpt>
      <trkpt lat="50.477754" lon="8.441263">
        <ele>191.106624</ele>
        <time>2026-08-09T08:15:26.420Z</time>
      </trkpt>
      <trkpt lat="50.477916" lon="8.440752">
        <ele>190.667882</ele>
        <time>2026-08-09T08:15:32.143Z</time>
      </trkpt>
      <trkpt lat="50.478028" lon="8.440236">
        <ele>190.248900</ele>
        <time>2026-08-09T08:15:37.680Z</time>
      </trkpt>
      <trkpt lat="50.478046" lon="8.439190">
        <ele>189.566694</ele>
        <time>2026-08-09T08:15:47.788Z</time>
      </trkpt>
      <trkpt lat="50.478144" lon="8.438574">
        <ele>189.174364</ele>
        <time>2026-08-09T08:15:53.579Z</time>
      </trkpt>
      <trkpt lat="50.478208" lon="8.438356">
        <ele>189.026023</ele>
        <time>2026-08-09T08:15:55.757Z</time>
      </trkpt>
      <trkpt lat="50.478313" lon="8.438176">
        <ele>188.875148</ele>
        <time>2026-08-09T08:15:58.009Z</time>
      </trkpt>
      <trkpt lat="50.478642" lon="8.437981">
        <ele>188.533740</ele>
        <time>2026-08-09T08:16:03.203Z</time>
      </trkpt>
      <trkpt lat="50.478886" lon="8.437900">
        <ele>188.302517</ele>
        <time>2026-08-09T08:16:06.978Z</time>
      </trkpt>
      <trkpt lat="50.479320" lon="8.437851">
        <ele>188.039304</ele>
        <time>2026-08-09T08:16:13.836Z</time>
      </trkpt>
      <trkpt lat="50.479800" lon="8.437871">
        <ele>187.748838</ele>
        <time>2026-08-09T08:16:21.692Z</time>
      </trkpt>
      <trkpt lat="50.480145" lon="8.437830">
        <ele>187.539544</ele>
        <time>2026-08-09T08:16:27.130Z</time>
      </trkpt>
      <trkpt lat="50.480310" lon="8.437785">
        <ele>187.438240</ele>
        <time>2026-08-09T08:16:29.645Z</time>
      </trkpt>
      <trkpt lat="50.480456" lon="8.437607">
        <ele>187.326459</ele>
        <time>2026-08-09T08:16:32.355Z</time>
      </trkpt>
      <trkpt lat="50.480504" lon="8.437645">
        <ele>187.293946</ele>
        <time>2026-08-09T08:16:33.135Z</time>
      </trkpt>
      <trkpt lat="50.480557" lon="8.437631">
        <ele>187.261435</ele>
        <time>2026-08-09T08:16:33.914Z</time>
      </trkpt>
      <trkpt lat="50.480594" lon="8.437570">
        <ele>187.232271</ele>
        <time>2026-08-09T08:16:34.691Z</time>
      </trkpt>
      <trkpt lat="50.480601" lon="8.437486">
        <ele>187.229993</ele>
        <time>2026-08-09T08:16:35.466Z</time>
      </trkpt>
      <trkpt lat="50.480735" lon="8.437413">
        <ele>187.224000</ele>
        <time>2026-08-09T08:16:37.726Z</time>
      </trkpt>
      <trkpt lat="50.481012" lon="8.437028">
        <ele>187.208373</ele>
        <time>2026-08-09T08:16:44.328Z</time>
      </trkpt>
      <trkpt lat="50.481084" lon="8.436923">
        <ele>187.204223</ele>
        <time>2026-08-09T08:16:46.599Z</time>
      </trkpt>
      <trkpt lat="50.481304" lon="8.436608">
        <ele>187.191646</ele>
        <time>2026-08-09T08:16:53.508Z</time>
      </trkpt>
      <trkpt lat="50.481493" lon="8.436446">
        <ele>187.182549</ele>
        <time>2026-08-09T08:16:58.166Z</time>
      </trkpt>
      <trkpt lat="50.481642" lon="8.436392">
        <ele>187.176087</ele>
        <time>2026-08-09T08:17:01.026Z</time>
      </trkpt>
      <trkpt lat="50.482048" lon="8.436328">
        <ele>187.158845</ele>
        <time>2026-08-09T08:17:07.479Z</time>
      </trkpt>
      <trkpt lat="50.482349" lon="8.436197">
        <ele>186.806637</ele>
        <time>2026-08-09T08:17:11.944Z</time>
      </trkpt>
      <trkpt lat="50.482384" lon="8.436182">
        <ele>186.757271</ele>
        <time>2026-08-09T08:17:12.445Z</time>
      </trkpt>
      <trkpt lat="50.482459" lon="8.436090">
        <ele>186.627803</ele>
        <time>2026-08-09T08:17:13.822Z</time>
      </trkpt>
      <trkpt lat="50.482444" lon="8.435517">
        <ele>186.131233</ele>
        <time>2026-08-09T08:17:18.832Z</time>
      </trkpt>
      <trkpt lat="50.482509" lon="8.435240">
        <ele>185.875595</ele>
        <time>2026-08-09T08:17:21.314Z</time>
      </trkpt>
      <trkpt lat="50.482597" lon="8.435038">
        <ele>185.663622</ele>
        <time>2026-08-09T08:17:23.344Z</time>
      </trkpt>
      <trkpt lat="50.482702" lon="8.434953">
        <ele>185.502899</ele>
        <time>2026-08-09T08:17:24.905Z</time>
      </trkpt>
      <trkpt lat="50.482782" lon="8.434928">
        <ele>185.391906</ele>
        <time>2026-08-09T08:17:26.019Z</time>
      </trkpt>
      <trkpt lat="50.482733" lon="8.434310">
        <ele>184.852656</ele>
        <time>2026-08-09T08:17:31.575Z</time>
      </trkpt>
      <trkpt lat="50.482707" lon="8.434159">
        <ele>184.717206</ele>
        <time>2026-08-09T08:17:33.165Z</time>
      </trkpt>
      <trkpt lat="50.482680" lon="8.433887">
        <ele>184.766144</ele>
        <time>2026-08-09T08:17:36.150Z</time>
      </trkpt>
      <trkpt lat="50.482645" lon="8.433667">
        <ele>184.814938</ele>
        <time>2026-08-09T08:17:38.953Z</time>
      </trkpt>
      <trkpt lat="50.482593" lon="8.433514">
        <ele>184.852260</ele>
        <time>2026-08-09T08:17:41.380Z</time>
      </trkpt>
      <trkpt lat="50.482726" lon="8.433255">
        <ele>184.923871</ele>
        <time>2026-08-09T08:17:46.249Z</time>
      </trkpt>
      <trkpt lat="50.482901" lon="8.433023">
        <ele>185.001288</ele>
        <time>2026-08-09T08:17:51.673Z</time>
      </trkpt>
      <trkpt lat="50.483115" lon="8.432826">
        <ele>185.085152</ele>
        <time>2026-08-09T08:17:57.379Z</time>
      </trkpt>
      <trkpt lat="50.483681" lon="8.432435">
        <ele>185.294215</ele>
        <time>2026-08-09T08:18:08.754Z</time>
      </trkpt>
      <trkpt lat="50.484296" lon="8.432182">
        <ele>185.322244</ele>
        <time>2026-08-09T08:18:18.628Z</time>
      </trkpt>
      <trkpt lat="50.485052" lon="8.431628">
        <ele>185.329713</ele>
        <time>2026-08-09T08:18:33.913Z</time>
      </trkpt>
      <trkpt lat="50.485142" lon="8.431490">
        <ele>185.330839</ele>
        <time>2026-08-09T08:18:36.279Z</time>
      </trkpt>
      <trkpt lat="50.485207" lon="8.431295">
        <ele>185.332093</ele>
        <time>2026-08-09T08:18:38.894Z</time>
      </trkpt>
      <trkpt lat="50.485217" lon="8.431060">
        <ele>185.311774</ele>
        <time>2026-08-09T08:18:41.686Z</time>
      </trkpt>
      <trkpt lat="50.485751" lon="8.431094">
        <ele>184.708178</ele>
        <time>2026-08-09T08:18:51.582Z</time>
      </trkpt>
      <trkpt lat="50.486620" lon="8.430881">
        <ele>183.714864</ele>
        <time>2026-08-09T08:19:05.427Z</time>
      </trkpt>
      <trkpt lat="50.487500" lon="8.430875">
        <ele>183.553752</ele>
        <time>2026-08-09T08:19:19.483Z</time>
      </trkpt>
      <trkpt lat="50.487906" lon="8.430989">
        <ele>183.755726</ele>
        <time>2026-08-09T08:19:27.554Z</time>
      </trkpt>
      <trkpt lat="50.488062" lon="8.430958">
        <ele>183.832731</ele>
        <time>2026-08-09T08:19:31.214Z</time>
      </trkpt>
      <trkpt lat="50.488636" lon="8.430405">
        <ele>184.162435</ele>
        <time>2026-08-09T08:19:50.429Z</time>
      </trkpt>
      <trkpt lat="50.489500" lon="8.430005">
        <ele>185.227052</ele>
        <time>2026-08-09T08:20:17.819Z</time>
      </trkpt>
      <trkpt lat="50.490015" lon="8.429716">
        <ele>185.891641</ele>
        <time>2026-08-09T08:20:30.771Z</time>
      </trkpt>
      <trkpt lat="50.490403" lon="8.429382">
        <ele>186.310492</ele>
        <time>2026-08-09T08:20:39.110Z</time>
      </trkpt>
      <trkpt lat="50.491706" lon="8.428436">
        <ele>184.637233</ele>
        <time>2026-08-09T08:21:02.325Z</time>
      </trkpt>
      <trkpt lat="50.492281" lon="8.427843">
        <ele>183.835757</ele>
        <time>2026-08-09T08:21:13.687Z</time>
      </trkpt>
      <trkpt lat="50.493950" lon="8.426171">
        <ele>180.425479</ele>
        <time>2026-08-09T08:21:46.988Z</time>
      </trkpt>
      <trkpt lat="50.494409" lon="8.426011">
        <ele>178.941693</ele>
        <time>2026-08-09T08:21:53.368Z</time>
      </trkpt>
      <trkpt lat="50.494654" lon="8.426060">
        <ele>178.162244</ele>
        <time>2026-08-09T08:21:56.693Z</time>
      </trkpt>
      <trkpt lat="50.494630" lon="8.426134">
        <ele>177.995481</ele>
        <time>2026-08-09T08:21:57.329Z</time>
      </trkpt>
      <trkpt lat="50.494674" lon="8.426243">
        <ele>177.736305</ele>
        <time>2026-08-09T08:21:58.282Z</time>
      </trkpt>
      <trkpt lat="50.495181" lon="8.426417">
        <ele>176.333805</ele>
        <time>2026-08-09T08:22:04.896Z</time>
      </trkpt>
      <trkpt lat="50.495788" lon="8.426409">
        <ele>175.541609</ele>
        <time>2026-08-09T08:22:13.121Z</time>
      </trkpt>
      <trkpt lat="50.496359" lon="8.426340">
        <ele>174.794225</ele>
        <time>2026-08-09T08:22:23.976Z</time>
      </trkpt>
      <trkpt lat="50.496803" lon="8.426290">
        <ele>174.213296</ele>
        <time>2026-08-09T08:22:32.672Z</time>
      </trkpt>
      <trkpt lat="50.497163" lon="8.426251">
        <ele>173.870266</ele>
        <time>2026-08-09T08:22:39.060Z</time>
      </trkpt>
      <trkpt lat="50.498596" lon="8.425974">
        <ele>172.573839</ele>
        <time>2026-08-09T08:23:00.119Z</time>
      </trkpt>
      <trkpt lat="50.498806" lon="8.426393">
        <ele>172.138479</ele>
        <time>2026-08-09T08:23:05.161Z</time>
      </trkpt>
      <trkpt lat="50.498877" lon="8.426478">
        <ele>172.019293</ele>
        <time>2026-08-09T08:23:06.495Z</time>
      </trkpt>
      <trkpt lat="50.499016" lon="8.426560">
        <ele>171.821016</ele>
        <time>2026-08-09T08:23:08.697Z</time>
      </trkpt>
      <trkpt lat="50.499122" lon="8.426284">
        <ele>171.547128</ele>
        <time>2026-08-09T08:23:11.739Z</time>
      </trkpt>
      <trkpt lat="50.499355" lon="8.426014">
        <ele>171.160553</ele>
        <time>2026-08-09T08:23:16.025Z</time>
      </trkpt>
      <trkpt lat="50.499584" lon="8.425784">
        <ele>170.797633</ele>
        <time>2026-08-09T08:23:20.064Z</time>
      </trkpt>
      <trkpt lat="50.499851" lon="8.425525">
        <ele>170.378633</ele>
        <time>2026-08-09T08:23:24.938Z</time>
      </trkpt>
      <trkpt lat="50.500444" lon="8.424799">
        <ele>169.867257</ele>
        <time>2026-08-09T08:23:36.916Z</time>
      </trkpt>
      <trkpt lat="50.500514" lon="8.424978">
        <ele>169.804357</ele>
        <time>2026-08-09T08:23:38.969Z</time>
      </trkpt>
      <trkpt lat="50.500599" lon="8.425258">
        <ele>169.711485</ele>
        <time>2026-08-09T08:23:42.430Z</time>
      </trkpt>
      <trkpt lat="50.500615" lon="8.425240">
        <ele>169.702226</ele>
        <time>2026-08-09T08:23:42.730Z</time>
      </trkpt>
      <trkpt lat="50.500608" lon="8.425100">
        <ele>169.660189</ele>
        <time>2026-08-09T08:23:44.145Z</time>
      </trkpt>
      <trkpt lat="50.500750" lon="8.424788">
        <ele>169.545348</ele>
        <time>2026-08-09T08:23:48.144Z</time>
      </trkpt>
      <trkpt lat="50.500830" lon="8.424473">
        <ele>169.443818</ele>
        <time>2026-08-09T08:23:51.730Z</time>
      </trkpt>
      <trkpt lat="50.501528" lon="8.424020">
        <ele>169.384794</ele>
        <time>2026-08-09T08:24:07.126Z</time>
      </trkpt>
      <trkpt lat="50.501603" lon="8.424000">
        <ele>169.401968</ele>
        <time>2026-08-09T08:24:08.719Z</time>
      </trkpt>
      <trkpt lat="50.501957" lon="8.424015">
        <ele>169.481918</ele>
        <time>2026-08-09T08:24:16.344Z</time>
      </trkpt>
      <trkpt lat="50.502429" lon="8.423833">
        <ele>169.591638</ele>
        <time>2026-08-09T08:24:27.450Z</time>
      </trkpt>
      <trkpt lat="50.502582" lon="8.423842">
        <ele>169.626204</ele>
        <time>2026-08-09T08:24:30.754Z</time>
      </trkpt>
      <trkpt lat="50.502897" lon="8.423934">
        <ele>169.682006</ele>
        <time>2026-08-09T08:24:37.097Z</time>
      </trkpt>
      <trkpt lat="50.503389" lon="8.424110">
        <ele>169.293500</ele>
        <time>2026-08-09T08:24:45.372Z</time>
      </trkpt>
      <trkpt lat="50.503300" lon="8.423267">
        <ele>168.875012</ele>
        <time>2026-08-09T08:24:53.480Z</time>
      </trkpt>
      <trkpt lat="50.503238" lon="8.422921">
        <ele>168.698971</ele>
        <time>2026-08-09T08:24:56.814Z</time>
      </trkpt>
      <trkpt lat="50.503163" lon="8.422590">
        <ele>168.526892</ele>
        <time>2026-08-09T08:25:00.009Z</time>
      </trkpt>
      <trkpt lat="50.503032" lon="8.422051">
        <ele>168.254861</ele>
        <time>2026-08-09T08:25:05.165Z</time>
      </trkpt>
      <trkpt lat="50.504790" lon="8.420169">
        <ele>167.170436</ele>
        <time>2026-08-09T08:25:38.768Z</time>
      </trkpt>
      <trkpt lat="50.505142" lon="8.419568">
        <ele>167.198972</ele>
        <time>2026-08-09T08:25:47.801Z</time>
      </trkpt>
      <trkpt lat="50.505654" lon="8.419256">
        <ele>167.229126</ele>
        <time>2026-08-09T08:25:58.064Z</time>
      </trkpt>
      <trkpt lat="50.505933" lon="8.418910">
        <ele>167.251170</ele>
        <time>2026-08-09T08:26:04.762Z</time>
      </trkpt>
      <trkpt lat="50.506246" lon="8.418743">
        <ele>167.290881</ele>
        <time>2026-08-09T08:26:11.023Z</time>
      </trkpt>
      <trkpt lat="50.506841" lon="8.417728">
        <ele>167.396358</ele>
        <time>2026-08-09T08:26:27.322Z</time>
      </trkpt>
      <trkpt lat="50.507110" lon="8.417189">
        <ele>167.448710</ele>
        <time>2026-08-09T08:26:34.407Z</time>
      </trkpt>
      <trkpt lat="50.507421" lon="8.416776">
        <ele>167.415889</ele>
        <time>2026-08-09T08:26:40.899Z</time>
      </trkpt>
      <trkpt lat="50.507630" lon="8.416656">
        <ele>167.380216</ele>
        <time>2026-08-09T08:26:44.477Z</time>
      </trkpt>
      <trkpt lat="50.507821" lon="8.416616">
        <ele>167.349323</ele>
        <time>2026-08-09T08:26:47.640Z</time>
      </trkpt>
      <trkpt lat="50.507979" lon="8.416641">
        <ele>167.323863</ele>
        <time>2026-08-09T08:26:50.294Z</time>
      </trkpt>
      <trkpt lat="50.508308" lon="8.416809">
        <ele>167.268403</ele>
        <time>2026-08-09T08:26:56.142Z</time>
      </trkpt>
      <trkpt lat="50.508592" lon="8.416866">
        <ele>167.222500</ele>
        <time>2026-08-09T08:27:01.123Z</time>
      </trkpt>
      <trkpt lat="50.508801" lon="8.416852">
        <ele>167.188961</ele>
        <time>2026-08-09T08:27:04.804Z</time>
      </trkpt>
      <trkpt lat="50.508906" lon="8.416815">
        <ele>167.163587</ele>
        <time>2026-08-09T08:27:06.706Z</time>
      </trkpt>
      <trkpt lat="50.509397" lon="8.416469">
        <ele>166.799853</ele>
        <time>2026-08-09T08:27:15.814Z</time>
      </trkpt>
      <trkpt lat="50.509892" lon="8.415821">
        <ele>166.364436</ele>
        <time>2026-08-09T08:27:25.608Z</time>
      </trkpt>
      <trkpt lat="50.510211" lon="8.415218">
        <ele>166.027228</ele>
        <time>2026-08-09T08:27:32.902Z</time>
      </trkpt>
      <trkpt lat="50.510320" lon="8.414820">
        <ele>165.753991</ele>
        <time>2026-08-09T08:27:36.906Z</time>
      </trkpt>
      <trkpt lat="50.510363" lon="8.414375">
        <ele>165.417159</ele>
        <time>2026-08-09T08:27:41.074Z</time>
      </trkpt>
      <trkpt lat="50.510337" lon="8.413413">
        <ele>164.696608</ele>
        <time>2026-08-09T08:27:49.916Z</time>
      </trkpt>
      <trkpt lat="50.510367" lon="8.413142">
        <ele>164.490759</ele>
        <time>2026-08-09T08:27:52.458Z</time>
      </trkpt>
      <trkpt lat="50.510515" lon="8.412666">
        <ele>164.094255</ele>
        <time>2026-08-09T08:27:57.408Z</time>
      </trkpt>
      <trkpt lat="50.510663" lon="8.412354">
        <ele>163.825786</ele>
        <time>2026-08-09T08:28:01.033Z</time>
      </trkpt>
      <trkpt lat="50.510884" lon="8.412030">
        <ele>163.679323</ele>
        <time>2026-08-09T08:28:05.715Z</time>
      </trkpt>
      <trkpt lat="50.510944" lon="8.411897">
        <ele>163.629056</ele>
        <time>2026-08-09T08:28:07.257Z</time>
      </trkpt>
      <trkpt lat="50.511121" lon="8.411005">
        <ele>163.341013</ele>
        <time>2026-08-09T08:28:16.356Z</time>
      </trkpt>
      <trkpt lat="50.511220" lon="8.410670">
        <ele>163.227141</ele>
        <time>2026-08-09T08:28:20.136Z</time>
      </trkpt>
      <trkpt lat="50.511335" lon="8.410613">
        <ele>163.168692</ele>
        <time>2026-08-09T08:28:22.363Z</time>
      </trkpt>
      <trkpt lat="50.511715" lon="8.410562">
        <ele>162.983822</ele>
        <time>2026-08-09T08:28:29.817Z</time>
      </trkpt>
      <trkpt lat="50.512288" lon="8.410530">
        <ele>162.671948</ele>
        <time>2026-08-09T08:28:41.614Z</time>
      </trkpt>
      <trkpt lat="50.512823" lon="8.410269">
        <ele>162.365510</ele>
        <time>2026-08-09T08:28:51.615Z</time>
      </trkpt>
      <trkpt lat="50.513527" lon="8.409786">
        <ele>161.893813</ele>
        <time>2026-08-09T08:29:04.515Z</time>
      </trkpt>
      <trkpt lat="50.513889" lon="8.409053">
        <ele>161.161390</ele>
        <time>2026-08-09T08:29:14.064Z</time>
      </trkpt>
      <trkpt lat="50.514138" lon="8.408909">
        <ele>160.832139</ele>
        <time>2026-08-09T08:29:18.366Z</time>
      </trkpt>
      <trkpt lat="50.514390" lon="8.408968">
        <ele>160.515952</ele>
        <time>2026-08-09T08:29:22.509Z</time>
      </trkpt>
      <trkpt lat="50.514883" lon="8.408936">
        <ele>159.903601</ele>
        <time>2026-08-09T08:29:30.677Z</time>
      </trkpt>
      <trkpt lat="50.515865" lon="8.409272">
        <ele>159.293009</ele>
        <time>2026-08-09T08:29:47.909Z</time>
      </trkpt>
      <trkpt lat="50.516510" lon="8.409303">
        <ele>158.956765</ele>
        <time>2026-08-09T08:29:58.843Z</time>
      </trkpt>
      <trkpt lat="50.517550" lon="8.409353">
        <ele>160.787212</ele>
        <time>2026-08-09T08:30:23.570Z</time>
      </trkpt>
      <trkpt lat="50.517267" lon="8.410630">
        <ele>162.984009</ele>
        <time>2026-08-09T08:30:53.287Z</time>
      </trkpt>
      <trkpt lat="50.517228" lon="8.411233">
        <ele>163.838055</ele>
        <time>2026-08-09T08:31:07.919Z</time>
      </trkpt>
      <trkpt lat="50.517978" lon="8.411407">
        <ele>165.320865</ele>
        <time>2026-08-09T08:31:33.942Z</time>
      </trkpt>
      <trkpt lat="50.518065" lon="8.411411">
        <ele>165.491102</ele>
        <time>2026-08-09T08:31:36.326Z</time>
      </trkpt>
      <trkpt lat="50.518635" lon="8.411183">
        <ele>166.641465</ele>
        <time>2026-08-09T08:31:49.529Z</time>
      </trkpt>
      <trkpt lat="50.518725" lon="8.411141">
        <ele>166.825083</ele>
        <time>2026-08-09T08:31:51.101Z</time>
      </trkpt>
      <trkpt lat="50.518772" lon="8.411119">
        <ele>166.920996</ele>
        <time>2026-08-09T08:31:51.898Z</time>
      </trkpt>
      <trkpt lat="50.519359" lon="8.411355">
        <ele>166.054337</ele>
        <time>2026-08-09T08:32:01.042Z</time>
      </trkpt>
      <trkpt lat="50.520246" lon="8.411931">
        <ele>164.657705</ele>
        <time>2026-08-09T08:32:14.465Z</time>
      </trkpt>
      <trkpt lat="50.520572" lon="8.412107">
        <ele>164.365401</ele>
        <time>2026-08-09T08:32:19.646Z</time>
      </trkpt>
      <trkpt lat="50.520603" lon="8.412098">
        <ele>164.381133</ele>
        <time>2026-08-09T08:32:20.154Z</time>
      </trkpt>
      <trkpt lat="50.520690" lon="8.412075">
        <ele>164.425161</ele>
        <time>2026-08-09T08:32:21.603Z</time>
      </trkpt>
      <trkpt lat="50.520964" lon="8.411891">
        <ele>164.573847</ele>
        <time>2026-08-09T08:32:27.175Z</time>
      </trkpt>
      <trkpt lat="50.521069" lon="8.411762">
        <ele>164.640341</ele>
        <time>2026-08-09T08:32:30.044Z</time>
      </trkpt>
      <trkpt lat="50.521223" lon="8.411899">
        <ele>164.728639</ele>
        <time>2026-08-09T08:32:34.185Z</time>
      </trkpt>
      <trkpt lat="50.521440" lon="8.411828">
        <ele>164.839254</ele>
        <time>2026-08-09T08:32:39.586Z</time>
      </trkpt>
      <trkpt lat="50.521743" lon="8.411986">
        <ele>164.998565</ele>
        <time>2026-08-09T08:32:47.503Z</time>
      </trkpt>
      <trkpt lat="50.522180" lon="8.412048">
        <ele>165.201033</ele>
        <time>2026-08-09T08:32:59.248Z</time>
      </trkpt>
      <trkpt lat="50.523660" lon="8.412817">
        <ele>164.363859</ele>
        <time>2026-08-09T08:33:25.562Z</time>
      </trkpt>
      <trkpt lat="50.524504" lon="8.412890">
        <ele>162.988179</ele>
        <time>2026-08-09T08:33:37.224Z</time>
      </trkpt>
      <trkpt lat="50.525441" lon="8.412915">
        <ele>161.094468</ele>
        <time>2026-08-09T08:33:50.416Z</time>
      </trkpt>
      <trkpt lat="50.525582" lon="8.412941">
        <ele>160.807591</ele>
        <time>2026-08-09T08:33:52.559Z</time>
      </trkpt>
      <trkpt lat="50.525631" lon="8.413012">
        <ele>160.672967</ele>
        <time>2026-08-09T08:33:53.646Z</time>
      </trkpt>
      <trkpt lat="50.525675" lon="8.412920">
        <ele>160.537789</ele>
        <time>2026-08-09T08:33:54.718Z</time>
      </trkpt>
      <trkpt lat="50.525762" lon="8.412935">
        <ele>160.387760</ele>
        <time>2026-08-09T08:33:56.130Z</time>
      </trkpt>
      <trkpt lat="50.526068" lon="8.412995">
        <ele>159.859155</ele>
        <time>2026-08-09T08:34:00.853Z</time>
      </trkpt>
      <trkpt lat="50.526546" lon="8.413090">
        <ele>159.033252</ele>
        <time>2026-08-09T08:34:07.841Z</time>
      </trkpt>
      <trkpt lat="50.526571" lon="8.413250">
        <ele>158.853702</ele>
        <time>2026-08-09T08:34:09.386Z</time>
      </trkpt>
      <trkpt lat="50.526886" lon="8.413153">
        <ele>158.303479</ele>
        <time>2026-08-09T08:34:14.028Z</time>
      </trkpt>
      <trkpt lat="50.526974" lon="8.413111">
        <ele>158.145839</ele>
        <time>2026-08-09T08:34:15.363Z</time>
      </trkpt>
      <trkpt lat="50.527045" lon="8.413033">
        <ele>157.997387</ele>
        <time>2026-08-09T08:34:16.621Z</time>
      </trkpt>
      <trkpt lat="50.527082" lon="8.412707">
        <ele>157.636514</ele>
        <time>2026-08-09T08:34:19.708Z</time>
      </trkpt>
      <trkpt lat="50.527097" lon="8.412327">
        <ele>157.325513</ele>
        <time>2026-08-09T08:34:23.237Z</time>
      </trkpt>
      <trkpt lat="50.528102" lon="8.412202">
        <ele>156.187863</ele>
        <time>2026-08-09T08:34:38.075Z</time>
      </trkpt>
      <trkpt lat="50.528374" lon="8.412145">
        <ele>155.878208</ele>
        <time>2026-08-09T08:34:42.650Z</time>
      </trkpt>
      <trkpt lat="50.528456" lon="8.412128">
        <ele>155.784874</ele>
        <time>2026-08-09T08:34:44.034Z</time>
      </trkpt>
      <trkpt lat="50.528934" lon="8.412054">
        <ele>155.654831</ele>
        <time>2026-08-09T08:34:52.248Z</time>
      </trkpt>
      <trkpt lat="50.529420" lon="8.411979">
        <ele>156.000701</ele>
        <time>2026-08-09T08:35:03.057Z</time>
      </trkpt>
      <trkpt lat="50.529833" lon="8.411834">
        <ele>156.300412</ele>
        <time>2026-08-09T08:35:13.833Z</time>
      </trkpt>
      <trkpt lat="50.530041" lon="8.412679">
        <ele>156.708381</ele>
        <time>2026-08-09T08:35:26.706Z</time>
      </trkpt>
      <trkpt lat="50.530203" lon="8.412673">
        <ele>156.730894</ele>
        <time>2026-08-09T08:35:29.767Z</time>
      </trkpt>
      <trkpt lat="50.530364" lon="8.412667">
        <ele>156.647386</ele>
        <time>2026-08-09T08:35:32.563Z</time>
      </trkpt>
      <trkpt lat="50.530438" lon="8.412623">
        <ele>156.606364</ele>
        <time>2026-08-09T08:35:33.882Z</time>
      </trkpt>
      <trkpt lat="50.530417" lon="8.412125">
        <ele>156.441853</ele>
        <time>2026-08-09T08:35:39.308Z</time>
      </trkpt>
      <trkpt lat="50.530474" lon="8.411765">
        <ele>156.319564</ele>
        <time>2026-08-09T08:35:42.988Z</time>
      </trkpt>
      <trkpt lat="50.530498" lon="8.411713">
        <ele>156.298383</ele>
        <time>2026-08-09T08:35:43.570Z</time>
      </trkpt>
      <trkpt lat="50.530576" lon="8.411811">
        <ele>156.246620</ele>
        <time>2026-08-09T08:35:45.146Z</time>
      </trkpt>
      <trkpt lat="50.530813" lon="8.411461">
        <ele>156.078061</ele>
        <time>2026-08-09T08:35:49.969Z</time>
      </trkpt>
      <trkpt lat="50.531813" lon="8.411308">
        <ele>155.104600</ele>
        <time>2026-08-09T08:36:06.046Z</time>
      </trkpt>
      <trkpt lat="50.532724" lon="8.411169">
        <ele>153.863440</ele>
        <time>2026-08-09T08:36:19.537Z</time>
      </trkpt>
      <trkpt lat="50.532708" lon="8.410221">
        <ele>153.264491</ele>
        <time>2026-08-09T08:36:28.487Z</time>
      </trkpt>
      <trkpt lat="50.532745" lon="8.410031">
        <ele>153.199470</ele>
        <time>2026-08-09T08:36:30.392Z</time>
      </trkpt>
      <trkpt lat="50.533004" lon="8.410125">
        <ele>153.062646</ele>
        <time>2026-08-09T08:36:34.641Z</time>
      </trkpt>
      <trkpt lat="50.533159" lon="8.410140">
        <ele>152.982708</ele>
        <time>2026-08-09T08:36:37.128Z</time>
      </trkpt>
      <trkpt lat="50.533209" lon="8.410138">
        <ele>152.956961</ele>
        <time>2026-08-09T08:36:37.929Z</time>
      </trkpt>
      <trkpt lat="50.533561" lon="8.410128">
        <ele>152.775737</ele>
        <time>2026-08-09T08:36:44.026Z</time>
      </trkpt>
      <trkpt lat="50.533775" lon="8.410140">
        <ele>152.665508</ele>
        <time>2026-08-09T08:36:48.462Z</time>
      </trkpt>
      <trkpt lat="50.533916" lon="8.410218">
        <ele>152.588571</ele>
        <time>2026-08-09T08:36:51.735Z</time>
      </trkpt>
      <trkpt lat="50.534050" lon="8.410355">
        <ele>152.506308</ele>
        <time>2026-08-09T08:36:55.082Z</time>
      </trkpt>
      <trkpt lat="50.534151" lon="8.410210">
        <ele>152.449112</ele>
        <time>2026-08-09T08:36:57.610Z</time>
      </trkpt>
      <trkpt lat="50.534229" lon="8.410167">
        <ele>152.421991</ele>
        <time>2026-08-09T08:36:59.017Z</time>
      </trkpt>
      <trkpt lat="50.534830" lon="8.409984">
        <ele>152.221122</ele>
        <time>2026-08-09T08:37:08.697Z</time>
      </trkpt>
      <trkpt lat="50.535416" lon="8.409806">
        <ele>152.025284</ele>
        <time>2026-08-09T08:37:17.401Z</time>
      </trkpt>
      <trkpt lat="50.535849" lon="8.409592">
        <ele>151.931597</ele>
        <time>2026-08-09T08:37:24.395Z</time>
      </trkpt>
      <trkpt lat="50.536910" lon="8.408916">
        <ele>155.168093</ele>
        <time>2026-08-09T08:37:52.390Z</time>
      </trkpt>
      <trkpt lat="50.537079" lon="8.408818">
        <ele>155.677342</ele>
        <time>2026-08-09T08:37:59.182Z</time>
      </trkpt>
      <trkpt lat="50.537186" lon="8.408793">
        <ele>155.983190</ele>
        <time>2026-08-09T08:38:03.504Z</time>
      </trkpt>
      <trkpt lat="50.537515" lon="8.408865">
        <ele>156.922355</ele>
        <time>2026-08-09T08:38:17.916Z</time>
      </trkpt>
      <trkpt lat="50.537990" lon="8.409061">
        <ele>159.472173</ele>
        <time>2026-08-09T08:38:41.112Z</time>
      </trkpt>
      <trkpt lat="50.538196" lon="8.409193">
        <ele>160.644823</ele>
        <time>2026-08-09T08:38:52.001Z</time>
      </trkpt>
      <trkpt lat="50.538599" lon="8.409567">
        <ele>163.111496</ele>
        <time>2026-08-09T08:39:13.747Z</time>
      </trkpt>
      <trkpt lat="50.538855" lon="8.409899">
        <ele>164.860503</ele>
        <time>2026-08-09T08:39:26.323Z</time>
      </trkpt>
      <trkpt lat="50.538965" lon="8.410114">
        <ele>165.785315</ele>
        <time>2026-08-09T08:39:32.343Z</time>
      </trkpt>
      <trkpt lat="50.539015" lon="8.410459">
        <ele>166.328832</ele>
        <time>2026-08-09T08:39:39.258Z</time>
      </trkpt>
      <trkpt lat="50.539122" lon="8.410571">
        <ele>166.171126</ele>
        <time>2026-08-09T08:39:42.812Z</time>
      </trkpt>
      <trkpt lat="50.539358" lon="8.409980">
        <ele>165.626765</ele>
        <time>2026-08-09T08:39:53.138Z</time>
      </trkpt>
      <trkpt lat="50.539378" lon="8.409932">
        <ele>165.582001</ele>
        <time>2026-08-09T08:39:53.887Z</time>
      </trkpt>
      <trkpt lat="50.539522" lon="8.410151">
        <ele>165.336239</ele>
        <time>2026-08-09T08:39:57.282Z</time>
      </trkpt>
      <trkpt lat="50.539813" lon="8.410554">
        <ele>164.860521</ele>
        <time>2026-08-09T08:40:02.724Z</time>
      </trkpt>
      <trkpt lat="50.539841" lon="8.410644">
        <ele>164.782371</ele>
        <time>2026-08-09T08:40:03.496Z</time>
      </trkpt>
      <trkpt lat="50.540025" lon="8.411235">
        <ele>164.269113</ele>
        <time>2026-08-09T08:40:08.356Z</time>
      </trkpt>
      <trkpt lat="50.540088" lon="8.411495">
        <ele>163.165820</ele>
        <time>2026-08-09T08:40:10.330Z</time>
      </trkpt>
      <trkpt lat="50.540182" lon="8.411885">
        <ele>161.329247</ele>
        <time>2026-08-09T08:40:13.206Z</time>
      </trkpt>
      <trkpt lat="50.540230" lon="8.412068">
        <ele>160.457544</ele>
        <time>2026-08-09T08:40:14.563Z</time>
      </trkpt>
      <trkpt lat="50.540300" lon="8.412156">
        <ele>159.836787</ele>
        <time>2026-08-09T08:40:15.523Z</time>
      </trkpt>
      <trkpt lat="50.540484" lon="8.412230">
        <ele>158.521012</ele>
        <time>2026-08-09T08:40:17.553Z</time>
      </trkpt>
      <trkpt lat="50.540510" lon="8.412341">
        <ele>158.000128</ele>
        <time>2026-08-09T08:40:18.408Z</time>
      </trkpt>
      <trkpt lat="50.540775" lon="8.412963">
        <ele>154.702939</ele>
        <time>2026-08-09T08:40:23.793Z</time>
      </trkpt>
      <trkpt lat="50.541135" lon="8.413814">
        <ele>151.532654</ele>
        <time>2026-08-09T08:40:31.558Z</time>
      </trkpt>
      <trkpt lat="50.540872" lon="8.414105">
        <ele>151.181818</ele>
        <time>2026-08-09T08:40:36.103Z</time>
      </trkpt>
      <trkpt lat="50.540398" lon="8.414523">
        <ele>150.588897</ele>
        <time>2026-08-09T08:40:45.579Z</time>
      </trkpt>
      <trkpt lat="50.540278" lon="8.414645">
        <ele>150.432997</ele>
        <time>2026-08-09T08:40:48.546Z</time>
      </trkpt>
      <trkpt lat="50.539901" lon="8.415034">
        <ele>149.941050</ele>
        <time>2026-08-09T08:40:59.107Z</time>
      </trkpt>
      <trkpt lat="50.539837" lon="8.415100">
        <ele>149.857550</ele>
        <time>2026-08-09T08:41:01.044Z</time>
      </trkpt>
      <trkpt lat="50.539654" lon="8.415504">
        <ele>149.843475</ele>
        <time>2026-08-09T08:41:09.229Z</time>
      </trkpt>
      <trkpt lat="50.539524" lon="8.416033">
        <ele>149.875287</ele>
        <time>2026-08-09T08:41:17.680Z</time>
      </trkpt>
      <trkpt lat="50.539493" lon="8.416394">
        <ele>149.895719</ele>
        <time>2026-08-09T08:41:22.293Z</time>
      </trkpt>
      <trkpt lat="50.539496" lon="8.416825">
        <ele>149.919895</ele>
        <time>2026-08-09T08:41:27.148Z</time>
      </trkpt>
      <trkpt lat="50.539507" lon="8.417039">
        <ele>149.931938</ele>
        <time>2026-08-09T08:41:29.457Z</time>
      </trkpt>
      <trkpt lat="50.539508" lon="8.417697">
        <ele>149.968844</ele>
        <time>2026-08-09T08:41:35.855Z</time>
      </trkpt>
      <trkpt lat="50.539545" lon="8.419959">
        <ele>148.239286</ele>
        <time>2026-08-09T08:41:55.497Z</time>
      </trkpt>
      <trkpt lat="50.539594" lon="8.421011">
        <ele>147.917704</ele>
        <time>2026-08-09T08:42:06.098Z</time>
      </trkpt>
      <trkpt lat="50.539614" lon="8.421710">
        <ele>148.493289</ele>
        <time>2026-08-09T08:42:15.020Z</time>
      </trkpt>
      <trkpt lat="50.539622" lon="8.423491">
        <ele>149.958390</ele>
        <time>2026-08-09T08:42:44.425Z</time>
      </trkpt>
      <trkpt lat="50.539625" lon="8.425184">
        <ele>152.371891</ele>
        <time>2026-08-09T08:43:15.538Z</time>
      </trkpt>
      <trkpt lat="50.539597" lon="8.425786">
        <ele>153.235968</ele>
        <time>2026-08-09T08:43:26.850Z</time>
      </trkpt>
      <trkpt lat="50.539563" lon="8.426015">
        <ele>153.572611</ele>
        <time>2026-08-09T08:43:31.263Z</time>
      </trkpt>
      <trkpt lat="50.539418" lon="8.426928">
        <ele>153.408915</ele>
        <time>2026-08-09T08:43:45.007Z</time>
      </trkpt>
      <trkpt lat="50.539283" lon="8.427700">
        <ele>152.623411</ele>
        <time>2026-08-09T08:43:52.740Z</time>
      </trkpt>
      <trkpt lat="50.541003" lon="8.427467">
        <ele>148.877595</ele>
        <time>2026-08-09T08:44:14.001Z</time>
      </trkpt>
      <trkpt lat="50.541191" lon="8.428701">
        <ele>146.588211</ele>
        <time>2026-08-09T08:44:24.528Z</time>
      </trkpt>
      <trkpt lat="50.541375" lon="8.428621">
        <ele>146.107622</ele>
        <time>2026-08-09T08:44:27.237Z</time>
      </trkpt>
      <trkpt lat="50.542091" lon="8.428308">
        <ele>145.365978</ele>
        <time>2026-08-09T08:44:38.322Z</time>
      </trkpt>
      <trkpt lat="50.542263" lon="8.427642">
        <ele>144.910021</ele>
        <time>2026-08-09T08:44:45.009Z</time>
      </trkpt>
      <trkpt lat="50.543818" lon="8.426747">
        <ele>143.826251</ele>
        <time>2026-08-09T08:45:11.347Z</time>
      </trkpt>
      <trkpt lat="50.544355" lon="8.426516">
        <ele>143.561000</ele>
        <time>2026-08-09T08:45:20.217Z</time>
      </trkpt>
      <trkpt lat="50.544702" lon="8.426229">
        <ele>143.371248</ele>
        <time>2026-08-09T08:45:26.446Z</time>
      </trkpt>
      <trkpt lat="50.545188" lon="8.426014">
        <ele>143.124469</ele>
        <time>2026-08-09T08:45:34.373Z</time>
      </trkpt>
      <trkpt lat="50.545543" lon="8.425899">
        <ele>142.947298</ele>
        <time>2026-08-09T08:45:39.878Z</time>
      </trkpt>
      <trkpt lat="50.546725" lon="8.425607">
        <ele>142.675222</ele>
        <time>2026-08-09T08:45:59.379Z</time>
      </trkpt>
      <trkpt lat="50.546899" lon="8.425638">
        <ele>142.697958</ele>
        <time>2026-08-09T08:46:02.678Z</time>
      </trkpt>
      <trkpt lat="50.546975" lon="8.425657">
        <ele>142.707949</ele>
        <time>2026-08-09T08:46:04.147Z</time>
      </trkpt>
      <trkpt lat="50.547150" lon="8.425691">
        <ele>142.730843</ele>
        <time>2026-08-09T08:46:07.526Z</time>
      </trkpt>
      <trkpt lat="50.547160" lon="8.425694">
        <ele>142.732164</ele>
        <time>2026-08-09T08:46:07.770Z</time>
      </trkpt>
      <trkpt lat="50.547191" lon="8.425702">
        <ele>142.736243</ele>
        <time>2026-08-09T08:46:08.517Z</time>
      </trkpt>
      <trkpt lat="50.547361" lon="8.425747">
        <ele>142.758625</ele>
        <time>2026-08-09T08:46:12.744Z</time>
      </trkpt>
      <trkpt lat="50.547716" lon="8.425842">
        <ele>142.805379</ele>
        <time>2026-08-09T08:46:21.432Z</time>
      </trkpt>
      <trkpt lat="50.547850" lon="8.425877">
        <ele>142.823015</ele>
        <time>2026-08-09T08:46:24.555Z</time>
      </trkpt>
      <trkpt lat="50.547944" lon="8.425923">
        <ele>142.835796</ele>
        <time>2026-08-09T08:46:26.327Z</time>
      </trkpt>
      <trkpt lat="50.548153" lon="8.426066">
        <ele>142.857740</ele>
        <time>2026-08-09T08:46:30.187Z</time>
      </trkpt>
      <trkpt lat="50.548192" lon="8.426099">
        <ele>142.861516</ele>
        <time>2026-08-09T08:46:30.939Z</time>
      </trkpt>
      <trkpt lat="50.548305" lon="8.426210">
        <ele>142.872876</ele>
        <time>2026-08-09T08:46:33.181Z</time>
      </trkpt>
      <trkpt lat="50.548445" lon="8.426349">
        <ele>142.886993</ele>
        <time>2026-08-09T08:46:36.852Z</time>
      </trkpt>
      <trkpt lat="50.548760" lon="8.426687">
        <ele>142.919507</ele>
        <time>2026-08-09T08:46:45.289Z</time>
      </trkpt>
      <trkpt lat="50.549268" lon="8.427215">
        <ele>142.971426</ele>
        <time>2026-08-09T08:46:55.591Z</time>
      </trkpt>
      <trkpt lat="50.549385" lon="8.427342">
        <ele>142.983547</ele>
        <time>2026-08-09T08:46:58.072Z</time>
      </trkpt>
      <trkpt lat="50.549389" lon="8.427431">
        <ele>142.988382</ele>
        <time>2026-08-09T08:46:59.086Z</time>
      </trkpt>
      <trkpt lat="50.549270" lon="8.428606">
        <ele>143.307118</ele>
        <time>2026-08-09T08:47:13.800Z</time>
      </trkpt>
      <trkpt lat="50.549252" lon="8.428820">
        <ele>143.371588</ele>
        <time>2026-08-09T08:47:16.606Z</time>
      </trkpt>
      <trkpt lat="50.549175" lon="8.431077">
        <ele>144.126381</ele>
        <time>2026-08-09T08:47:44.010Z</time>
      </trkpt>
      <trkpt lat="50.549188" lon="8.431472">
        <ele>144.290526</ele>
        <time>2026-08-09T08:47:49.348Z</time>
      </trkpt>
      <trkpt lat="50.549260" lon="8.431804">
        <ele>144.436110</ele>
        <time>2026-08-09T08:47:54.142Z</time>
      </trkpt>
      <trkpt lat="50.549354" lon="8.431958">
        <ele>144.524730</ele>
        <time>2026-08-09T08:47:56.992Z</time>
      </trkpt>
      <trkpt lat="50.549507" lon="8.432024">
        <ele>144.628343</ele>
        <time>2026-08-09T08:48:00.246Z</time>
      </trkpt>
      <trkpt lat="50.549540" lon="8.431788">
        <ele>144.728626</ele>
        <time>2026-08-09T08:48:03.310Z</time>
      </trkpt>
      <trkpt lat="50.549551" lon="8.431744">
        <ele>144.748248</ele>
        <time>2026-08-09T08:48:03.899Z</time>
      </trkpt>
      <trkpt lat="50.549646" lon="8.431503">
        <ele>144.865945</ele>
        <time>2026-08-09T08:48:07.437Z</time>
      </trkpt>
      <trkpt lat="50.549789" lon="8.431317">
        <ele>144.987110</ele>
        <time>2026-08-09T08:48:11.063Z</time>
      </trkpt>
      <trkpt lat="50.549990" lon="8.431205">
        <ele>145.068324</ele>
        <time>2026-08-09T08:48:15.303Z</time>
      </trkpt>
      <trkpt lat="50.550203" lon="8.431220">
        <ele>145.133931</ele>
        <time>2026-08-09T08:48:19.625Z</time>
      </trkpt>
      <trkpt lat="50.550449" lon="8.431420">
        <ele>145.219129</ele>
        <time>2026-08-09T08:48:25.190Z</time>
      </trkpt>
      <trkpt lat="50.550704" lon="8.431794">
        <ele>145.326384</ele>
        <time>2026-08-09T08:48:31.367Z</time>
      </trkpt>
      <trkpt lat="50.550960" lon="8.432216">
        <ele>145.440455</ele>
        <time>2026-08-09T08:48:37.530Z</time>
      </trkpt>
      <trkpt lat="50.551859" lon="8.433594">
        <ele>145.937503</ele>
        <time>2026-08-09T08:49:00.498Z</time>
      </trkpt>
      <trkpt lat="50.552186" lon="8.433996">
        <ele>146.120378</ele>
        <time>2026-08-09T08:49:08.459Z</time>
      </trkpt>
      <trkpt lat="50.552395" lon="8.434196">
        <ele>146.228181</ele>
        <time>2026-08-09T08:49:13.133Z</time>
      </trkpt>
      <trkpt lat="50.552639" lon="8.434335">
        <ele>146.342547</ele>
        <time>2026-08-09T08:49:18.253Z</time>
      </trkpt>
      <trkpt lat="50.552745" lon="8.434336">
        <ele>146.434094</ele>
        <time>2026-08-09T08:49:20.414Z</time>
      </trkpt>
      <trkpt lat="50.552851" lon="8.434276">
        <ele>146.567783</ele>
        <time>2026-08-09T08:49:22.760Z</time>
      </trkpt>
      <trkpt lat="50.552899" lon="8.434463">
        <ele>146.719862</ele>
        <time>2026-08-09T08:49:25.440Z</time>
      </trkpt>
      <trkpt lat="50.553038" lon="8.434876">
        <ele>147.072278</ele>
        <time>2026-08-09T08:49:32.014Z</time>
      </trkpt>
      <trkpt lat="50.553121" lon="8.435054">
        <ele>147.238765</ele>
        <time>2026-08-09T08:49:35.337Z</time>
      </trkpt>
      <trkpt lat="50.553195" lon="8.435152">
        <ele>147.353541</ele>
        <time>2026-08-09T08:49:37.753Z</time>
      </trkpt>
      <trkpt lat="50.553695" lon="8.435818">
        <ele>148.130919</ele>
        <time>2026-08-09T08:49:54.825Z</time>
      </trkpt>
      <trkpt lat="50.553868" lon="8.436023">
        <ele>148.387918</ele>
        <time>2026-08-09T08:49:59.759Z</time>
      </trkpt>
      <trkpt lat="50.554309" lon="8.436554">
        <ele>148.535222</ele>
        <time>2026-08-09T08:50:09.598Z</time>
      </trkpt>
      <trkpt lat="50.554508" lon="8.436848">
        <ele>148.557515</ele>
        <time>2026-08-09T08:50:13.985Z</time>
      </trkpt>
      <trkpt lat="50.554606" lon="8.437049">
        <ele>148.570664</ele>
        <time>2026-08-09T08:50:16.554Z</time>
      </trkpt>
      <trkpt lat="50.554730" lon="8.437381">
        <ele>148.590649</ele>
        <time>2026-08-09T08:50:20.374Z</time>
      </trkpt>
      <trkpt lat="50.554839" lon="8.437671">
        <ele>148.608135</ele>
        <time>2026-08-09T08:50:23.679Z</time>
      </trkpt>
      <trkpt lat="50.554917" lon="8.437899">
        <ele>148.621574</ele>
        <time>2026-08-09T08:50:26.268Z</time>
      </trkpt>
      <trkpt lat="50.555199" lon="8.438691">
        <ele>149.588951</ele>
        <time>2026-08-09T08:50:36.557Z</time>
      </trkpt>
      <trkpt lat="50.555304" lon="8.438987">
        <ele>150.270892</ele>
        <time>2026-08-09T08:50:41.949Z</time>
      </trkpt>
      <trkpt lat="50.555453" lon="8.438825">
        <ele>150.844253</ele>
        <time>2026-08-09T08:50:47.267Z</time>
      </trkpt>
      <trkpt lat="50.555477" lon="8.438683">
        <ele>151.139827</ele>
        <time>2026-08-09T08:50:50.221Z</time>
      </trkpt>
      <trkpt lat="50.555418" lon="8.438156">
        <ele>152.216243</ele>
        <time>2026-08-09T08:51:02.313Z</time>
      </trkpt>
      <trkpt lat="50.555370" lon="8.437261">
        <ele>154.022979</ele>
        <time>2026-08-09T08:51:24.876Z</time>
      </trkpt>
      <trkpt lat="50.555399" lon="8.436941">
        <ele>154.813072</ele>
        <time>2026-08-09T08:51:33.172Z</time>
      </trkpt>
      <trkpt lat="50.555521" lon="8.436566">
        <ele>156.015343</ele>
        <time>2026-08-09T08:51:43.775Z</time>
      </trkpt>
      <trkpt lat="50.556137" lon="8.435863">
        <ele>159.432937</ele>
        <time>2026-08-09T08:52:13.382Z</time>
      </trkpt>
      <trkpt lat="50.556342" lon="8.436215">
        <ele>160.795589</ele>
        <time>2026-08-09T08:52:24.796Z</time>
      </trkpt>
      <trkpt lat="50.556592" lon="8.436540">
        <ele>162.251968</ele>
        <time>2026-08-09T08:52:36.154Z</time>
      </trkpt>
      <trkpt lat="50.556872" lon="8.436909">
        <ele>163.388494</ele>
        <time>2026-08-09T08:52:47.678Z</time>
      </trkpt>
      <trkpt lat="50.556990" lon="8.437022">
        <ele>163.796916</ele>
        <time>2026-08-09T08:52:51.852Z</time>
      </trkpt>
      <trkpt lat="50.557104" lon="8.437093">
        <ele>164.159437</ele>
        <time>2026-08-09T08:52:55.548Z</time>
      </trkpt>
      <trkpt lat="50.557528" lon="8.437217">
        <ele>165.434642</ele>
        <time>2026-08-09T08:53:08.880Z</time>
      </trkpt>
      <trkpt lat="50.557827" lon="8.437423">
        <ele>166.399754</ele>
        <time>2026-08-09T08:53:19.254Z</time>
      </trkpt>
      <trkpt lat="50.558234" lon="8.437713">
        <ele>167.720795</ele>
        <time>2026-08-09T08:53:31.757Z</time>
      </trkpt>
      <trkpt lat="50.558433" lon="8.437826">
        <ele>167.992610</ele>
        <time>2026-08-09T08:53:37.183Z</time>
      </trkpt>
      <trkpt lat="50.558723" lon="8.437897">
        <ele>168.357128</ele>
        <time>2026-08-09T08:53:44.199Z</time>
      </trkpt>
      <trkpt lat="50.558904" lon="8.437923">
        <ele>168.582868</ele>
        <time>2026-08-09T08:53:48.532Z</time>
      </trkpt>
      <trkpt lat="50.559001" lon="8.437879">
        <ele>168.708247</ele>
        <time>2026-08-09T08:53:50.903Z</time>
      </trkpt>
      <trkpt lat="50.559264" lon="8.437634">
        <ele>169.087815</ele>
        <time>2026-08-09T08:53:57.875Z</time>
      </trkpt>
      <trkpt lat="50.559455" lon="8.437351">
        <ele>169.413602</ele>
        <time>2026-08-09T08:54:03.439Z</time>
      </trkpt>
      <trkpt lat="50.559668" lon="8.436927">
        <ele>169.840111</ele>
        <time>2026-08-09T08:54:09.622Z</time>
      </trkpt>
      <trkpt lat="50.560210" lon="8.435755">
        <ele>170.740606</ele>
        <time>2026-08-09T08:54:27.759Z</time>
      </trkpt>
      <trkpt lat="50.560732" lon="8.433888">
        <ele>172.161564</ele>
        <time>2026-08-09T08:54:57.231Z</time>
      </trkpt>
      <trkpt lat="50.561090" lon="8.433114">
        <ele>173.119867</ele>
        <time>2026-08-09T08:55:12.397Z</time>
      </trkpt>
      <trkpt lat="50.561192" lon="8.432837">
        <ele>173.440330</ele>
        <time>2026-08-09T08:55:17.564Z</time>
      </trkpt>
      <trkpt lat="50.561346" lon="8.432446">
        <ele>173.900802</ele>
        <time>2026-08-09T08:55:24.879Z</time>
      </trkpt>
      <trkpt lat="50.561604" lon="8.431930">
        <ele>174.556686</ele>
        <time>2026-08-09T08:55:34.992Z</time>
      </trkpt>
      <trkpt lat="50.561857" lon="8.431513">
        <ele>175.119717</ele>
        <time>2026-08-09T08:55:43.373Z</time>
      </trkpt>
      <trkpt lat="50.562192" lon="8.431161">
        <ele>175.738797</ele>
        <time>2026-08-09T08:55:52.655Z</time>
      </trkpt>
      <trkpt lat="50.562593" lon="8.430845">
        <ele>176.428068</ele>
        <time>2026-08-09T08:56:03.404Z</time>
      </trkpt>
      <trkpt lat="50.563238" lon="8.430413">
        <ele>177.561441</ele>
        <time>2026-08-09T08:56:20.580Z</time>
      </trkpt>
      <trkpt lat="50.563726" lon="8.430227">
        <ele>178.514052</ele>
        <time>2026-08-09T08:56:34.811Z</time>
      </trkpt>
      <trkpt lat="50.563841" lon="8.430238">
        <ele>178.732638</ele>
        <time>2026-08-09T08:56:38.410Z</time>
      </trkpt>
      <trkpt lat="50.563932" lon="8.430296">
        <ele>178.918902</ele>
        <time>2026-08-09T08:56:41.374Z</time>
      </trkpt>
      <trkpt lat="50.564357" lon="8.430555">
        <ele>179.783542</ele>
        <time>2026-08-09T08:56:54.931Z</time>
      </trkpt>
      <trkpt lat="50.564668" lon="8.430551">
        <ele>180.373608</ele>
        <time>2026-08-09T08:57:03.617Z</time>
      </trkpt>
      <trkpt lat="50.564820" lon="8.430355">
        <ele>180.723279</ele>
        <time>2026-08-09T08:57:08.345Z</time>
      </trkpt>
      <trkpt lat="50.565555" lon="8.428990">
        <ele>182.139406</ele>
        <time>2026-08-09T08:57:34.877Z</time>
      </trkpt>
      <trkpt lat="50.565855" lon="8.428589">
        <ele>182.629711</ele>
        <time>2026-08-09T08:57:43.037Z</time>
      </trkpt>
      <trkpt lat="50.566112" lon="8.428370">
        <ele>182.976564</ele>
        <time>2026-08-09T08:57:49.237Z</time>
      </trkpt>
      <trkpt lat="50.566922" lon="8.428003">
        <ele>183.781616</ele>
        <time>2026-08-09T08:58:06.807Z</time>
      </trkpt>
      <trkpt lat="50.567093" lon="8.427961">
        <ele>183.946918</ele>
        <time>2026-08-09T08:58:10.501Z</time>
      </trkpt>
      <trkpt lat="50.567338" lon="8.427958">
        <ele>184.180931</ele>
        <time>2026-08-09T08:58:15.821Z</time>
      </trkpt>
      <trkpt lat="50.567461" lon="8.427906">
        <ele>184.302573</ele>
        <time>2026-08-09T08:58:18.581Z</time>
      </trkpt>
      <trkpt lat="50.567555" lon="8.427867">
        <ele>184.395420</ele>
        <time>2026-08-09T08:58:20.695Z</time>
      </trkpt>
      <trkpt lat="50.567702" lon="8.427696">
        <ele>184.569991</ele>
        <time>2026-08-09T08:58:24.714Z</time>
      </trkpt>
      <trkpt lat="50.568754" lon="8.425710">
        <ele>186.761125</ele>
        <time>2026-08-09T08:59:02.102Z</time>
      </trkpt>
      <trkpt lat="50.569038" lon="8.425214">
        <ele>187.356475</ele>
        <time>2026-08-09T08:59:12.478Z</time>
      </trkpt>
      <trkpt lat="50.569271" lon="8.424883">
        <ele>187.815977</ele>
        <time>2026-08-09T08:59:20.632Z</time>
      </trkpt>
      <trkpt lat="50.569498" lon="8.424644">
        <ele>188.215816</ele>
        <time>2026-08-09T08:59:27.992Z</time>
      </trkpt>
      <trkpt lat="50.569697" lon="8.424498">
        <ele>188.537272</ele>
        <time>2026-08-09T08:59:33.631Z</time>
      </trkpt>
      <trkpt lat="50.570025" lon="8.424445">
        <ele>189.020049</ele>
        <time>2026-08-09T08:59:40.657Z</time>
      </trkpt>
      <trkpt lat="50.570188" lon="8.424361">
        <ele>189.271171</ele>
        <time>2026-08-09T08:59:44.113Z</time>
      </trkpt>
      <trkpt lat="50.570441" lon="8.424177">
        <ele>189.679222</ele>
        <time>2026-08-09T08:59:49.858Z</time>
      </trkpt>
      <trkpt lat="50.570468" lon="8.424158">
        <ele>189.743955</ele>
        <time>2026-08-09T08:59:50.487Z</time>
      </trkpt>
      <trkpt lat="50.570560" lon="8.424024">
        <ele>190.116022</ele>
        <time>2026-08-09T08:59:53.298Z</time>
      </trkpt>
      <trkpt lat="50.570760" lon="8.423399">
        <ele>191.435599</ele>
        <time>2026-08-09T09:00:05.307Z</time>
      </trkpt>
      <trkpt lat="50.570795" lon="8.423242">
        <ele>191.749331</ele>
        <time>2026-08-09T09:00:08.331Z</time>
      </trkpt>
      <trkpt lat="50.570893" lon="8.422814">
        <ele>192.607174</ele>
        <time>2026-08-09T09:00:16.897Z</time>
      </trkpt>
      <trkpt lat="50.572361" lon="8.421886">
        <ele>198.620792</ele>
        <time>2026-08-09T09:01:21.120Z</time>
      </trkpt>
      <trkpt lat="50.572642" lon="8.421951">
        <ele>199.955011</ele>
        <time>2026-08-09T09:01:33.707Z</time>
      </trkpt>
      <trkpt lat="50.573143" lon="8.422377">
        <ele>202.629801</ele>
        <time>2026-08-09T09:01:57.619Z</time>
      </trkpt>
      <trkpt lat="50.573729" lon="8.422787">
        <ele>205.071021</ele>
        <time>2026-08-09T09:02:22.193Z</time>
      </trkpt>
      <trkpt lat="50.574148" lon="8.423025">
        <ele>206.607979</ele>
        <time>2026-08-09T09:02:38.378Z</time>
      </trkpt>
      <trkpt lat="50.574202" lon="8.423063">
        <ele>206.812067</ele>
        <time>2026-08-09T09:02:40.429Z</time>
      </trkpt>
      <trkpt lat="50.574482" lon="8.423260">
        <ele>207.870269</ele>
        <time>2026-08-09T09:02:50.900Z</time>
      </trkpt>
      <trkpt lat="50.574818" lon="8.423495">
        <ele>209.138861</ele>
        <time>2026-08-09T09:03:02.871Z</time>
      </trkpt>
      <trkpt lat="50.574888" lon="8.423549">
        <ele>209.407825</ele>
        <time>2026-08-09T09:03:05.343Z</time>
      </trkpt>
      <trkpt lat="50.575128" lon="8.423725">
        <ele>210.183881</ele>
        <time>2026-08-09T09:03:13.778Z</time>
      </trkpt>
      <trkpt lat="50.575313" lon="8.423870">
        <ele>210.739915</ele>
        <time>2026-08-09T09:03:19.746Z</time>
      </trkpt>
      <trkpt lat="50.575406" lon="8.423864">
        <ele>210.990360</ele>
        <time>2026-08-09T09:03:22.442Z</time>
      </trkpt>
      <trkpt lat="50.575809" lon="8.423674">
        <ele>212.122271</ele>
        <time>2026-08-09T09:03:34.499Z</time>
      </trkpt>
      <trkpt lat="50.576593" lon="8.423574">
        <ele>214.238687</ele>
        <time>2026-08-09T09:03:57.588Z</time>
      </trkpt>
      <trkpt lat="50.576919" lon="8.423394">
        <ele>215.289000</ele>
        <time>2026-08-09T09:04:07.744Z</time>
      </trkpt>
      <trkpt lat="50.577283" lon="8.423101">
        <ele>216.599328</ele>
        <time>2026-08-09T09:04:19.151Z</time>
      </trkpt>
      <trkpt lat="50.577446" lon="8.423072">
        <ele>217.125117</ele>
        <time>2026-08-09T09:04:23.712Z</time>
      </trkpt>
      <trkpt lat="50.577649" lon="8.423159">
        <ele>217.799462</ele>
        <time>2026-08-09T09:04:30.189Z</time>
      </trkpt>
      <trkpt lat="50.577842" lon="8.423367">
        <ele>218.549091</ele>
        <time>2026-08-09T09:04:37.658Z</time>
      </trkpt>
      <trkpt lat="50.578044" lon="8.423915">
        <ele>219.838824</ele>
        <time>2026-08-09T09:04:51.131Z</time>
      </trkpt>
      <trkpt lat="50.578236" lon="8.424085">
        <ele>220.753893</ele>
        <time>2026-08-09T09:04:58.985Z</time>
      </trkpt>
      <trkpt lat="50.578391" lon="8.424210">
        <ele>221.792299</ele>
        <time>2026-08-09T09:05:05.544Z</time>
      </trkpt>
      <trkpt lat="50.578564" lon="8.424196">
        <ele>222.825249</ele>
        <time>2026-08-09T09:05:12.329Z</time>
      </trkpt>
      <trkpt lat="50.578694" lon="8.424087">
        <ele>223.703463</ele>
        <time>2026-08-09T09:05:18.397Z</time>
      </trkpt>
      <trkpt lat="50.579047" lon="8.423435">
        <ele>226.947818</ele>
        <time>2026-08-09T09:05:43.549Z</time>
      </trkpt>
      <trkpt lat="50.579279" lon="8.422884">
        <ele>229.451174</ele>
        <time>2026-08-09T09:06:04.774Z</time>
      </trkpt>
      <trkpt lat="50.579321" lon="8.422672">
        <ele>230.292078</ele>
        <time>2026-08-09T09:06:11.727Z</time>
      </trkpt>
      <trkpt lat="50.579380" lon="8.422098">
        <ele>232.356409</ele>
        <time>2026-08-09T09:06:29.159Z</time>
      </trkpt>
      <trkpt lat="50.579442" lon="8.421925">
        <ele>233.038127</ele>
        <time>2026-08-09T09:06:34.786Z</time>
      </trkpt>
      <trkpt lat="50.579507" lon="8.421830">
        <ele>233.517379</ele>
        <time>2026-08-09T09:06:38.659Z</time>
      </trkpt>
      <trkpt lat="50.579623" lon="8.421773">
        <ele>234.174083</ele>
        <time>2026-08-09T09:06:43.775Z</time>
      </trkpt>
      <trkpt lat="50.579696" lon="8.421780">
        <ele>234.569325</ele>
        <time>2026-08-09T09:06:46.813Z</time>
      </trkpt>
      <trkpt lat="50.579811" lon="8.421853">
        <ele>235.239406</ele>
        <time>2026-08-09T09:06:51.893Z</time>
      </trkpt>
      <trkpt lat="50.579912" lon="8.422156">
        <ele>236.413774</ele>
        <time>2026-08-09T09:07:00.492Z</time>
      </trkpt>
      <trkpt lat="50.580083" lon="8.423288">
        <ele>240.406878</ele>
        <time>2026-08-09T09:07:28.834Z</time>
      </trkpt>
      <trkpt lat="50.580214" lon="8.423470">
        <ele>241.392835</ele>
        <time>2026-08-09T09:07:35.245Z</time>
      </trkpt>
      <trkpt lat="50.580375" lon="8.423527">
        <ele>242.346512</ele>
        <time>2026-08-09T09:07:41.399Z</time>
      </trkpt>
      <trkpt lat="50.580494" lon="8.423470">
        <ele>243.065348</ele>
        <time>2026-08-09T09:07:46.225Z</time>
      </trkpt>
      <trkpt lat="50.580578" lon="8.423379">
        <ele>243.654574</ele>
        <time>2026-08-09T09:07:50.314Z</time>
      </trkpt>
      <trkpt lat="50.580779" lon="8.422979">
        <ele>245.526499</ele>
        <time>2026-08-09T09:08:04.156Z</time>
      </trkpt>
      <trkpt lat="50.580873" lon="8.422881">
        <ele>246.178001</ele>
        <time>2026-08-09T09:08:09.290Z</time>
      </trkpt>
      <trkpt lat="50.581193" lon="8.422671">
        <ele>248.181495</ele>
        <time>2026-08-09T09:08:25.796Z</time>
      </trkpt>
      <trkpt lat="50.581796" lon="8.422015">
        <ele>251.514194</ele>
        <time>2026-08-09T09:09:00.675Z</time>
      </trkpt>
      <trkpt lat="50.582060" lon="8.421850">
        <ele>251.993201</ele>
        <time>2026-08-09T09:09:13.352Z</time>
      </trkpt>
      <trkpt lat="50.583021" lon="8.421588">
        <ele>253.637999</ele>
        <time>2026-08-09T09:09:37.578Z</time>
      </trkpt>
      <trkpt lat="50.583057" lon="8.421578">
        <ele>253.699649</ele>
        <time>2026-08-09T09:09:38.093Z</time>
      </trkpt>
      <trkpt lat="50.583840" lon="8.421765">
        <ele>250.612570</ele>
        <time>2026-08-09T09:09:47.456Z</time>
      </trkpt>
      <trkpt lat="50.583971" lon="8.421753">
        <ele>249.695422</ele>
        <time>2026-08-09T09:09:48.893Z</time>
      </trkpt>
      <trkpt lat="50.584536" lon="8.421405">
        <ele>245.455217</ele>
        <time>2026-08-09T09:09:55.364Z</time>
      </trkpt>
      <trkpt lat="50.584842" lon="8.421346">
        <ele>243.300520</ele>
        <time>2026-08-09T09:09:58.645Z</time>
      </trkpt>
      <trkpt lat="50.585138" lon="8.421363">
        <ele>241.189897</ele>
        <time>2026-08-09T09:10:01.834Z</time>
      </trkpt>
      <trkpt lat="50.585501" lon="8.421435">
        <ele>238.356394</ele>
        <time>2026-08-09T09:10:05.806Z</time>
      </trkpt>
      <trkpt lat="50.585655" lon="8.421517">
        <ele>237.097407</ele>
        <time>2026-08-09T09:10:07.572Z</time>
      </trkpt>
      <trkpt lat="50.586145" lon="8.421829">
        <ele>233.004158</ele>
        <time>2026-08-09T09:10:13.338Z</time>
      </trkpt>
      <trkpt lat="50.586982" lon="8.422475">
        <ele>226.470050</ele>
        <time>2026-08-09T09:10:23.491Z</time>
      </trkpt>
      <trkpt lat="50.587834" lon="8.423177">
        <ele>221.722099</ele>
        <time>2026-08-09T09:10:34.218Z</time>
      </trkpt>
      <trkpt lat="50.587978" lon="8.423200">
        <ele>221.007397</ele>
        <time>2026-08-09T09:10:35.993Z</time>
      </trkpt>
      <trkpt lat="50.588201" lon="8.423464">
        <ele>219.629892</ele>
        <time>2026-08-09T09:10:39.676Z</time>
      </trkpt>
      <trkpt lat="50.588366" lon="8.423419">
        <ele>218.803019</ele>
        <time>2026-08-09T09:10:42.109Z</time>
      </trkpt>
      <trkpt lat="50.588616" lon="8.423259">
        <ele>219.170845</ele>
        <time>2026-08-09T09:10:46.930Z</time>
      </trkpt>
      <trkpt lat="50.589006" lon="8.422691">
        <ele>219.920333</ele>
        <time>2026-08-09T09:11:02.105Z</time>
      </trkpt>
      <trkpt lat="50.589083" lon="8.422617">
        <ele>220.047608</ele>
        <time>2026-08-09T09:11:04.961Z</time>
      </trkpt>
      <trkpt lat="50.589197" lon="8.422629">
        <ele>220.208822</ele>
        <time>2026-08-09T09:11:08.618Z</time>
      </trkpt>
      <trkpt lat="50.589562" lon="8.422771">
        <ele>220.739319</ele>
        <time>2026-08-09T09:11:20.952Z</time>
      </trkpt>
      <trkpt lat="50.589711" lon="8.422775">
        <ele>220.949591</ele>
        <time>2026-08-09T09:11:25.422Z</time>
      </trkpt>
      <trkpt lat="50.589978" lon="8.422813">
        <ele>221.327867</ele>
        <time>2026-08-09T09:11:31.685Z</time>
      </trkpt>
      <trkpt lat="50.590155" lon="8.422818">
        <ele>220.717074</ele>
        <time>2026-08-09T09:11:34.729Z</time>
      </trkpt>
      <trkpt lat="50.590301" lon="8.422942">
        <ele>220.134965</ele>
        <time>2026-08-09T09:11:37.264Z</time>
      </trkpt>
      <trkpt lat="50.590531" lon="8.422918">
        <ele>219.326035</ele>
        <time>2026-08-09T09:11:40.443Z</time>
      </trkpt>
      <trkpt lat="50.590734" lon="8.422602">
        <ele>218.324440</ele>
        <time>2026-08-09T09:11:44.067Z</time>
      </trkpt>
      <trkpt lat="50.590829" lon="8.422561">
        <ele>217.978759</ele>
        <time>2026-08-09T09:11:45.272Z</time>
      </trkpt>
      <trkpt lat="50.591252" lon="8.422287">
        <ele>216.373666</ele>
        <time>2026-08-09T09:11:50.620Z</time>
      </trkpt>
      <trkpt lat="50.591359" lon="8.422174">
        <ele>215.921576</ele>
        <time>2026-08-09T09:11:52.062Z</time>
      </trkpt>
      <trkpt lat="50.591461" lon="8.421976">
        <ele>215.353483</ele>
        <time>2026-08-09T09:11:53.862Z</time>
      </trkpt>
      <trkpt lat="50.591498" lon="8.421799">
        <ele>214.829020</ele>
        <time>2026-08-09T09:11:55.179Z</time>
      </trkpt>
      <trkpt lat="50.591529" lon="8.421374">
        <ele>212.580381</ele>
        <time>2026-08-09T09:11:58.160Z</time>
      </trkpt>
      <trkpt lat="50.591567" lon="8.421260">
        <ele>211.903581</ele>
        <time>2026-08-09T09:11:59.049Z</time>
      </trkpt>
      <trkpt lat="50.591627" lon="8.421201">
        <ele>211.317945</ele>
        <time>2026-08-09T09:11:59.805Z</time>
      </trkpt>
      <trkpt lat="50.592102" lon="8.421095">
        <ele>207.345809</ele>
        <time>2026-08-09T09:12:04.861Z</time>
      </trkpt>
      <trkpt lat="50.592271" lon="8.420990">
        <ele>205.841628</ele>
        <time>2026-08-09T09:12:06.783Z</time>
      </trkpt>
      <trkpt lat="50.592517" lon="8.420723">
        <ele>203.368135</ele>
        <time>2026-08-09T09:12:09.956Z</time>
      </trkpt>
      <trkpt lat="50.592729" lon="8.420368">
        <ele>200.806326</ele>
        <time>2026-08-09T09:12:13.275Z</time>
      </trkpt>
      <trkpt lat="50.592774" lon="8.419925">
        <ele>198.889660</ele>
        <time>2026-08-09T09:12:16.409Z</time>
      </trkpt>
      <trkpt lat="50.592730" lon="8.419623">
        <ele>197.689419</ele>
        <time>2026-08-09T09:12:18.608Z</time>
      </trkpt>
      <trkpt lat="50.592455" lon="8.418408">
        <ele>192.692796</ele>
        <time>2026-08-09T09:12:27.881Z</time>
      </trkpt>
      <trkpt lat="50.592403" lon="8.417966">
        <ele>190.951501</ele>
        <time>2026-08-09T09:12:31.448Z</time>
      </trkpt>
      <trkpt lat="50.592396" lon="8.417604">
        <ele>189.548596</ele>
        <time>2026-08-09T09:12:34.284Z</time>
      </trkpt>
      <trkpt lat="50.592477" lon="8.417044">
        <ele>187.293490</ele>
        <time>2026-08-09T09:12:38.452Z</time>
      </trkpt>
      <trkpt lat="50.592512" lon="8.416738">
        <ele>186.069121</ele>
        <time>2026-08-09T09:12:40.557Z</time>
      </trkpt>
      <trkpt lat="50.592452" lon="8.416334">
        <ele>184.435295</ele>
        <time>2026-08-09T09:12:43.305Z</time>
      </trkpt>
      <trkpt lat="50.592480" lon="8.416073">
        <ele>183.392956</ele>
        <time>2026-08-09T09:12:45.088Z</time>
      </trkpt>
      <trkpt lat="50.592588" lon="8.415959">
        <ele>182.586542</ele>
        <time>2026-08-09T09:12:46.479Z</time>
      </trkpt>
      <trkpt lat="50.592698" lon="8.415977">
        <ele>181.900551</ele>
        <time>2026-08-09T09:12:47.702Z</time>
      </trkpt>
      <trkpt lat="50.592741" lon="8.416029">
        <ele>181.564290</ele>
        <time>2026-08-09T09:12:48.306Z</time>
      </trkpt>
      <trkpt lat="50.592798" lon="8.416178">
        <ele>180.879265</ele>
        <time>2026-08-09T09:12:49.564Z</time>
      </trkpt>
      <trkpt lat="50.592898" lon="8.416688">
        <ele>178.777389</ele>
        <time>2026-08-09T09:12:53.692Z</time>
      </trkpt>
      <trkpt lat="50.592944" lon="8.416911">
        <ele>177.925547</ele>
        <time>2026-08-09T09:12:55.619Z</time>
      </trkpt>
      <trkpt lat="50.592869" lon="8.416954">
        <ele>177.682145</ele>
        <time>2026-08-09T09:12:56.681Z</time>
      </trkpt>
      <trkpt lat="50.592830" lon="8.416780">
        <ele>177.324902</ele>
        <time>2026-08-09T09:12:58.200Z</time>
      </trkpt>
      <trkpt lat="50.592814" lon="8.416696">
        <ele>177.155116</ele>
        <time>2026-08-09T09:12:58.961Z</time>
      </trkpt>
      <trkpt lat="50.592529" lon="8.415171">
        <ele>174.077434</ele>
        <time>2026-08-09T09:13:12.603Z</time>
      </trkpt>
      <trkpt lat="50.592496" lon="8.414892">
        <ele>173.527992</ele>
        <time>2026-08-09T09:13:14.940Z</time>
      </trkpt>
      <trkpt lat="50.592550" lon="8.414532">
        <ele>172.811837</ele>
        <time>2026-08-09T09:13:17.822Z</time>
      </trkpt>
      <trkpt lat="50.592670" lon="8.414179">
        <ele>171.919731</ele>
        <time>2026-08-09T09:13:20.827Z</time>
      </trkpt>
      <trkpt lat="50.592840" lon="8.413623">
        <ele>170.429638</ele>
        <time>2026-08-09T09:13:25.289Z</time>
      </trkpt>
      <trkpt lat="50.592984" lon="8.412641">
        <ele>167.996113</ele>
        <time>2026-08-09T09:13:32.499Z</time>
      </trkpt>
      <trkpt lat="50.592989" lon="8.412202">
        <ele>166.935955</ele>
        <time>2026-08-09T09:13:36.316Z</time>
      </trkpt>
      <trkpt lat="50.592944" lon="8.411765">
        <ele>165.867006</ele>
        <time>2026-08-09T09:13:40.698Z</time>
      </trkpt>
      <trkpt lat="50.592230" lon="8.407621">
        <ele>165.561992</ele>
        <time>2026-08-09T09:14:28.467Z</time>
      </trkpt>
      <trkpt lat="50.592256" lon="8.401640">
        <ele>166.003166</ele>
        <time>2026-08-09T09:15:34.215Z</time>
      </trkpt>
      <trkpt lat="50.591944" lon="8.399251">
        <ele>166.746302</ele>
        <time>2026-08-09T09:16:04.261Z</time>
      </trkpt>
      <trkpt lat="50.592071" lon="8.398786">
        <ele>166.967748</ele>
        <time>2026-08-09T09:16:10.998Z</time>
      </trkpt>
      <trkpt lat="50.592027" lon="8.398730">
        <ele>167.006729</ele>
        <time>2026-08-09T09:16:12.182Z</time>
      </trkpt>
      <trkpt lat="50.591678" lon="8.398544">
        <ele>167.260614</ele>
        <time>2026-08-09T09:16:20.015Z</time>
      </trkpt>
      <trkpt lat="50.591640" lon="8.398500">
        <ele>167.293113</ele>
        <time>2026-08-09T09:16:21.010Z</time>
      </trkpt>
      <trkpt lat="50.591639" lon="8.398423">
        <ele>167.326805</ele>
        <time>2026-08-09T09:16:22.045Z</time>
      </trkpt>
      <trkpt lat="50.592732" lon="8.393971">
        <ele>170.095491</ele>
        <time>2026-08-09T09:17:26.057Z</time>
      </trkpt>
      <trkpt lat="50.592768" lon="8.393924">
        <ele>170.141212</ele>
        <time>2026-08-09T09:17:27.051Z</time>
      </trkpt>
      <trkpt lat="50.592907" lon="8.393948">
        <ele>170.277943</ele>
        <time>2026-08-09T09:17:30.032Z</time>
      </trkpt>
      <trkpt lat="50.593027" lon="8.393916">
        <ele>170.396952</ele>
        <time>2026-08-09T09:17:32.609Z</time>
      </trkpt>
      <trkpt lat="50.593167" lon="8.393796">
        <ele>170.552802</ele>
        <time>2026-08-09T09:17:36.045Z</time>
      </trkpt>
      <trkpt lat="50.593315" lon="8.393545">
        <ele>170.765450</ele>
        <time>2026-08-09T09:17:40.803Z</time>
      </trkpt>
      <trkpt lat="50.593409" lon="8.392998">
        <ele>171.196480</ele>
        <time>2026-08-09T09:17:49.285Z</time>
      </trkpt>
      <trkpt lat="50.593453" lon="8.392577">
        <ele>171.523346</ele>
        <time>2026-08-09T09:17:55.041Z</time>
      </trkpt>
      <trkpt lat="50.593468" lon="8.392262">
        <ele>171.765342</ele>
        <time>2026-08-09T09:17:59.384Z</time>
      </trkpt>
      <trkpt lat="50.593484" lon="8.391948">
        <ele>172.006668</ele>
        <time>2026-08-09T09:18:03.974Z</time>
      </trkpt>
      <trkpt lat="50.593463" lon="8.391833">
        <ele>172.098341</ele>
        <time>2026-08-09T09:18:05.651Z</time>
      </trkpt>
      <trkpt lat="50.593391" lon="8.391765">
        <ele>172.199649</ele>
        <time>2026-08-09T09:18:07.676Z</time>
      </trkpt>
      <trkpt lat="50.593442" lon="8.391510">
        <ele>172.404468</ele>
        <time>2026-08-09T09:18:11.668Z</time>
      </trkpt>
      <trkpt lat="50.593524" lon="8.391291">
        <ele>172.599251</ele>
        <time>2026-08-09T09:18:15.549Z</time>
      </trkpt>
      <trkpt lat="50.593539" lon="8.391275">
        <ele>172.621112</ele>
        <time>2026-08-09T09:18:15.954Z</time>
      </trkpt>
      <trkpt lat="50.593663" lon="8.391141">
        <ele>172.802581</ele>
        <time>2026-08-09T09:18:19.638Z</time>
      </trkpt>
      <trkpt lat="50.593622" lon="8.390958">
        <ele>172.950396</ele>
        <time>2026-08-09T09:18:22.643Z</time>
      </trkpt>
      <trkpt lat="50.593613" lon="8.390650">
        <ele>173.083795</ele>
        <time>2026-08-09T09:18:27.084Z</time>
      </trkpt>
      <trkpt lat="50.593837" lon="8.389590">
        <ele>173.567151</ele>
        <time>2026-08-09T09:18:43.801Z</time>
      </trkpt>
      <trkpt lat="50.593911" lon="8.389268">
        <ele>173.715313</ele>
        <time>2026-08-09T09:18:49.067Z</time>
      </trkpt>
      <trkpt lat="50.594098" lon="8.388469">
        <ele>174.083747</ele>
        <time>2026-08-09T09:19:00.838Z</time>
      </trkpt>
      <trkpt lat="50.594653" lon="8.386095">
        <ele>173.768720</ele>
        <time>2026-08-09T09:19:30.991Z</time>
      </trkpt>
      <trkpt lat="50.594794" lon="8.385533">
        <ele>173.670033</ele>
        <time>2026-08-09T09:19:37.257Z</time>
      </trkpt>
      <trkpt lat="50.594885" lon="8.385326">
        <ele>173.646247</ele>
        <time>2026-08-09T09:19:39.987Z</time>
      </trkpt>
      <trkpt lat="50.595231" lon="8.384707">
        <ele>173.568333</ele>
        <time>2026-08-09T09:19:48.898Z</time>
      </trkpt>
      <trkpt lat="50.595312" lon="8.384438">
        <ele>173.540208</ele>
        <time>2026-08-09T09:19:51.982Z</time>
      </trkpt>
      <trkpt lat="50.595323" lon="8.384391">
        <ele>173.535476</ele>
        <time>2026-08-09T09:19:52.568Z</time>
      </trkpt>
      <trkpt lat="50.595388" lon="8.384111">
        <ele>173.507312</ele>
        <time>2026-08-09T09:19:56.181Z</time>
      </trkpt>
      <trkpt lat="50.595461" lon="8.383821">
        <ele>173.477841</ele>
        <time>2026-08-09T09:20:00.104Z</time>
      </trkpt>
      <trkpt lat="50.595565" lon="8.383393">
        <ele>173.434549</ele>
        <time>2026-08-09T09:20:05.153Z</time>
      </trkpt>
      <trkpt lat="50.595750" lon="8.382633">
        <ele>173.187839</ele>
        <time>2026-08-09T09:20:13.909Z</time>
      </trkpt>
      <trkpt lat="50.595938" lon="8.381824">
        <ele>172.846535</ele>
        <time>2026-08-09T09:20:22.358Z</time>
      </trkpt>
      <trkpt lat="50.596023" lon="8.381673">
        <ele>172.766580</ele>
        <time>2026-08-09T09:20:24.239Z</time>
      </trkpt>
      <trkpt lat="50.596126" lon="8.381759">
        <ele>172.693827</ele>
        <time>2026-08-09T09:20:26.055Z</time>
      </trkpt>
      <trkpt lat="50.596248" lon="8.381803">
        <ele>172.615717</ele>
        <time>2026-08-09T09:20:28.009Z</time>
      </trkpt>
      <trkpt lat="50.596492" lon="8.381898">
        <ele>172.458855</ele>
        <time>2026-08-09T09:20:31.954Z</time>
      </trkpt>
      <trkpt lat="50.596834" lon="8.382039">
        <ele>172.236423</ele>
        <time>2026-08-09T09:20:37.711Z</time>
      </trkpt>
      <trkpt lat="50.596878" lon="8.382056">
        <ele>172.207132</ele>
        <time>2026-08-09T09:20:38.434Z</time>
      </trkpt>
      <trkpt lat="50.597402" lon="8.382256">
        <ele>171.858537</ele>
        <time>2026-08-09T09:20:46.861Z</time>
      </trkpt>
      <trkpt lat="50.597484" lon="8.382292">
        <ele>171.803500</ele>
        <time>2026-08-09T09:20:48.214Z</time>
      </trkpt>
      <trkpt lat="50.597714" lon="8.382365">
        <ele>171.651805</ele>
        <time>2026-08-09T09:20:51.895Z</time>
      </trkpt>
      <trkpt lat="50.597884" lon="8.382419">
        <ele>171.539680</ele>
        <time>2026-08-09T09:20:54.661Z</time>
      </trkpt>
      <trkpt lat="50.598188" lon="8.382510">
        <ele>171.339611</ele>
        <time>2026-08-09T09:20:59.784Z</time>
      </trkpt>
      <trkpt lat="50.598251" lon="8.381996">
        <ele>171.125106</ele>
        <time>2026-08-09T09:21:05.550Z</time>
      </trkpt>
      <trkpt lat="50.598298" lon="8.381539">
        <ele>171.039916</ele>
        <time>2026-08-09T09:21:10.634Z</time>
      </trkpt>
      <trkpt lat="50.598306" lon="8.381457">
        <ele>171.024650</ele>
        <time>2026-08-09T09:21:11.468Z</time>
      </trkpt>
      <trkpt lat="50.598309" lon="8.381421">
        <ele>171.017969</ele>
        <time>2026-08-09T09:21:11.834Z</time>
      </trkpt>
      <trkpt lat="50.598324" lon="8.381285">
        <ele>170.992569</ele>
        <time>2026-08-09T09:21:13.217Z</time>
      </trkpt>
      <trkpt lat="50.598325" lon="8.381208">
        <ele>170.978397</ele>
        <time>2026-08-09T09:21:13.959Z</time>
      </trkpt>
      <trkpt lat="50.598316" lon="8.380999">
        <ele>170.939851</ele>
        <time>2026-08-09T09:21:16.123Z</time>
      </trkpt>
      <trkpt lat="50.598317" lon="8.380894">
        <ele>170.920527</ele>
        <time>2026-08-09T09:21:17.205Z</time>
      </trkpt>
      <trkpt lat="50.598373" lon="8.380619">
        <ele>170.867384</ele>
        <time>2026-08-09T09:21:20.179Z</time>
      </trkpt>
      <trkpt lat="50.598463" lon="8.380440">
        <ele>170.825365</ele>
        <time>2026-08-09T09:21:22.559Z</time>
      </trkpt>
      <trkpt lat="50.598438" lon="8.380323">
        <ele>170.802649</ele>
        <time>2026-08-09T09:21:23.800Z</time>
      </trkpt>
      <trkpt lat="50.598499" lon="8.379603">
        <ele>170.668988</ele>
        <time>2026-08-09T09:21:31.600Z</time>
      </trkpt>
      <trkpt lat="50.598801" lon="8.377465">
        <ele>170.764529</ele>
        <time>2026-08-09T09:21:56.752Z</time>
      </trkpt>
      <trkpt lat="50.599802" lon="8.374144">
        <ele>171.058634</ele>
        <time>2026-08-09T09:22:37.560Z</time>
      </trkpt>
      <trkpt lat="50.599900" lon="8.373947">
        <ele>171.090071</ele>
        <time>2026-08-09T09:22:40.409Z</time>
      </trkpt>
      <trkpt lat="50.600027" lon="8.373832">
        <ele>171.136892</ele>
        <time>2026-08-09T09:22:43.073Z</time>
      </trkpt>
      <trkpt lat="50.600736" lon="8.374280">
        <ele>171.381061</ele>
        <time>2026-08-09T09:22:57.095Z</time>
      </trkpt>
      <trkpt lat="50.600829" lon="8.374311">
        <ele>171.411445</ele>
        <time>2026-08-09T09:22:58.884Z</time>
      </trkpt>
      <trkpt lat="50.601195" lon="8.374306">
        <ele>171.528436</ele>
        <time>2026-08-09T09:23:05.783Z</time>
      </trkpt>
      <trkpt lat="50.601467" lon="8.374226">
        <ele>171.616879</ele>
        <time>2026-08-09T09:23:11.043Z</time>
      </trkpt>
      <trkpt lat="50.601535" lon="8.374193">
        <ele>171.639622</ele>
        <time>2026-08-09T09:23:12.388Z</time>
      </trkpt>
      <trkpt lat="50.601627" lon="8.374115">
        <ele>171.681754</ele>
        <time>2026-08-09T09:23:14.423Z</time>
      </trkpt>
      <trkpt lat="50.602573" lon="8.373638">
        <ele>172.099818</ele>
        <time>2026-08-09T09:23:33.502Z</time>
      </trkpt>
      <trkpt lat="50.602647" lon="8.373554">
        <ele>172.138206</ele>
        <time>2026-08-09T09:23:35.262Z</time>
      </trkpt>
      <trkpt lat="50.602789" lon="8.373125">
        <ele>172.267458</ele>
        <time>2026-08-09T09:23:41.137Z</time>
      </trkpt>
      <trkpt lat="50.602997" lon="8.372419">
        <ele>172.425302</ele>
        <time>2026-08-09T09:23:50.417Z</time>
      </trkpt>
      <trkpt lat="50.603091" lon="8.372096">
        <ele>172.455013</ele>
        <time>2026-08-09T09:23:54.576Z</time>
      </trkpt>
      <trkpt lat="50.603815" lon="8.370878">
        <ele>172.594543</ele>
        <time>2026-08-09T09:24:12.814Z</time>
      </trkpt>
      <trkpt lat="50.603794" lon="8.370792">
        <ele>172.602247</ele>
        <time>2026-08-09T09:24:13.818Z</time>
      </trkpt>
      <trkpt lat="50.603527" lon="8.370385">
        <ele>172.684196</ele>
        <time>2026-08-09T09:24:20.263Z</time>
      </trkpt>
      <trkpt lat="50.603512" lon="8.370273">
        <ele>172.720642</ele>
        <time>2026-08-09T09:24:21.528Z</time>
      </trkpt>
      <trkpt lat="50.603537" lon="8.370223">
        <ele>172.740908</ele>
        <time>2026-08-09T09:24:22.228Z</time>
      </trkpt>
      <trkpt lat="50.604424" lon="8.369406">
        <ele>173.256339</ele>
        <time>2026-08-09T09:24:40.901Z</time>
      </trkpt>
      <trkpt lat="50.605223" lon="8.368554">
        <ele>174.115205</ele>
        <time>2026-08-09T09:25:02.203Z</time>
      </trkpt>
      <trkpt lat="50.605494" lon="8.368431">
        <ele>174.523756</ele>
        <time>2026-08-09T09:25:08.657Z</time>
      </trkpt>
      <trkpt lat="50.605529" lon="8.368345">
        <ele>174.617685</ele>
        <time>2026-08-09T09:25:10.825Z</time>
      </trkpt>
      <trkpt lat="50.605814" lon="8.368690">
        <ele>175.138331</ele>
        <time>2026-08-09T09:25:19.606Z</time>
      </trkpt>
      <trkpt lat="50.605894" lon="8.368579">
        <ele>175.292752</ele>
        <time>2026-08-09T09:25:22.342Z</time>
      </trkpt>
      <trkpt lat="50.606068" lon="8.368385">
        <ele>175.601542</ele>
        <time>2026-08-09T09:25:27.726Z</time>
      </trkpt>
      <trkpt lat="50.606093" lon="8.368490">
        <ele>175.704648</ele>
        <time>2026-08-09T09:25:29.591Z</time>
      </trkpt>
      <trkpt lat="50.606314" lon="8.368305">
        <ele>176.067179</ele>
        <time>2026-08-09T09:25:36.350Z</time>
      </trkpt>
      <trkpt lat="50.606551" lon="8.368185">
        <ele>176.363041</ele>
        <time>2026-08-09T09:25:42.818Z</time>
      </trkpt>
      <trkpt lat="50.606832" lon="8.368096">
        <ele>176.682368</ele>
        <time>2026-08-09T09:25:49.821Z</time>
      </trkpt>
      <trkpt lat="50.606938" lon="8.368192">
        <ele>176.818581</ele>
        <time>2026-08-09T09:25:52.828Z</time>
      </trkpt>
      <trkpt lat="50.607215" lon="8.368272">
        <ele>177.132331</ele>
        <time>2026-08-09T09:25:59.479Z</time>
      </trkpt>
      <trkpt lat="50.607524" lon="8.368426">
        <ele>177.493401</ele>
        <time>2026-08-09T09:26:08.230Z</time>
      </trkpt>
      <trkpt lat="50.607594" lon="8.368402">
        <ele>177.573214</ele>
        <time>2026-08-09T09:26:10.096Z</time>
      </trkpt>
      <trkpt lat="50.607848" lon="8.368315">
        <ele>177.862806</ele>
        <time>2026-08-09T09:26:15.551Z</time>
      </trkpt>
      <trkpt lat="50.608067" lon="8.368342">
        <ele>178.107542</ele>
        <time>2026-08-09T09:26:19.278Z</time>
      </trkpt>
      <trkpt lat="50.608177" lon="8.368423">
        <ele>178.078610</ele>
        <time>2026-08-09T09:26:21.219Z</time>
      </trkpt>
      <trkpt lat="50.608388" lon="8.368780">
        <ele>177.804883</ele>
        <time>2026-08-09T09:26:25.970Z</time>
      </trkpt>
      <trkpt lat="50.608438" lon="8.368700">
        <ele>177.741882</ele>
        <time>2026-08-09T09:26:26.995Z</time>
      </trkpt>
      <trkpt lat="50.608927" lon="8.367988">
        <ele>177.153224</ele>
        <time>2026-08-09T09:26:36.960Z</time>
      </trkpt>
      <trkpt lat="50.609136" lon="8.367752">
        <ele>176.925892</ele>
        <time>2026-08-09T09:26:40.553Z</time>
      </trkpt>
      <trkpt lat="50.609713" lon="8.367249">
        <ele>176.989674</ele>
        <time>2026-08-09T09:26:49.461Z</time>
      </trkpt>
      <trkpt lat="50.610267" lon="8.366875">
        <ele>178.036868</ele>
        <time>2026-08-09T09:27:03.435Z</time>
      </trkpt>
      <trkpt lat="50.610506" lon="8.366668">
        <ele>178.510723</ele>
        <time>2026-08-09T09:27:11.614Z</time>
      </trkpt>
      <trkpt lat="50.610607" lon="8.366636">
        <ele>178.689723</ele>
        <time>2026-08-09T09:27:14.773Z</time>
      </trkpt>
      <trkpt lat="50.610631" lon="8.367403">
        <ele>179.536445</ele>
        <time>2026-08-09T09:27:30.583Z</time>
      </trkpt>
      <trkpt lat="50.610639" lon="8.367569">
        <ele>179.732236</ele>
        <time>2026-08-09T09:27:34.142Z</time>
      </trkpt>
      <trkpt lat="50.610648" lon="8.367615">
        <ele>179.804499</ele>
        <time>2026-08-09T09:27:35.287Z</time>
      </trkpt>
      <trkpt lat="50.611144" lon="8.367615">
        <ele>180.977858</ele>
        <time>2026-08-09T09:27:53.209Z</time>
      </trkpt>
      <trkpt lat="50.612274" lon="8.367456">
        <ele>183.661669</ele>
        <time>2026-08-09T09:28:23.465Z</time>
      </trkpt>
      <trkpt lat="50.612486" lon="8.367352">
        <ele>184.001976</ele>
        <time>2026-08-09T09:28:27.487Z</time>
      </trkpt>
      <trkpt lat="50.613449" lon="8.366605">
        <ele>184.630663</ele>
        <time>2026-08-09T09:28:45.682Z</time>
      </trkpt>
      <trkpt lat="50.614118" lon="8.365756">
        <ele>184.908468</ele>
        <time>2026-08-09T09:29:05.403Z</time>
      </trkpt>
      <trkpt lat="50.614848" lon="8.364945">
        <ele>184.584501</ele>
        <time>2026-08-09T09:29:21.726Z</time>
      </trkpt>
      <trkpt lat="50.615243" lon="8.363632">
        <ele>183.990355</ele>
        <time>2026-08-09T09:29:34.497Z</time>
      </trkpt>
      <trkpt lat="50.615634" lon="8.362208">
        <ele>182.626955</ele>
        <time>2026-08-09T09:29:47.556Z</time>
      </trkpt>
      <trkpt lat="50.615827" lon="8.361003">
        <ele>182.250778</ele>
        <time>2026-08-09T09:30:00.829Z</time>
      </trkpt>
      <trkpt lat="50.615927" lon="8.360343">
        <ele>183.003094</ele>
        <time>2026-08-09T09:30:09.937Z</time>
      </trkpt>
      <trkpt lat="50.616057" lon="8.359490">
        <ele>183.975710</ele>
        <time>2026-08-09T09:30:24.746Z</time>
      </trkpt>
      <trkpt lat="50.616252" lon="8.359676">
        <ele>184.373981</ele>
        <time>2026-08-09T09:30:31.478Z</time>
      </trkpt>
      <trkpt lat="50.616327" lon="8.359391">
        <ele>184.716056</ele>
        <time>2026-08-09T09:30:37.375Z</time>
      </trkpt>
      <trkpt lat="50.616817" lon="8.358932">
        <ele>186.058748</ele>
        <time>2026-08-09T09:30:55.540Z</time>
      </trkpt>
      <trkpt lat="50.616854" lon="8.358798">
        <ele>186.299019</ele>
        <time>2026-08-09T09:30:58.517Z</time>
      </trkpt>
      <trkpt lat="50.616956" lon="8.357679">
        <ele>188.157689</ele>
        <time>2026-08-09T09:31:21.226Z</time>
      </trkpt>
      <trkpt lat="50.617090" lon="8.355897">
        <ele>190.142575</ele>
        <time>2026-08-09T09:31:48.083Z</time>
      </trkpt>
      <trkpt lat="50.617101" lon="8.355822">
        <ele>190.185050</ele>
        <time>2026-08-09T09:31:49.144Z</time>
      </trkpt>
      <trkpt lat="50.617535" lon="8.354674">
        <ele>190.922411</ele>
        <time>2026-08-09T09:32:08.314Z</time>
      </trkpt>
      <trkpt lat="50.618128" lon="8.353383">
        <ele>190.303548</ele>
        <time>2026-08-09T09:32:25.821Z</time>
      </trkpt>
      <trkpt lat="50.618244" lon="8.353189">
        <ele>190.072483</ele>
        <time>2026-08-09T09:32:28.430Z</time>
      </trkpt>
      <trkpt lat="50.618268" lon="8.352971">
        <ele>189.880697</ele>
        <time>2026-08-09T09:32:30.418Z</time>
      </trkpt>
      <trkpt lat="50.618287" lon="8.352719">
        <ele>189.660726</ele>
        <time>2026-08-09T09:32:32.765Z</time>
      </trkpt>
      <trkpt lat="50.618350" lon="8.352267">
        <ele>189.259591</ele>
        <time>2026-08-09T09:32:36.912Z</time>
      </trkpt>
      <trkpt lat="50.618370" lon="8.351960">
        <ele>188.992085</ele>
        <time>2026-08-09T09:32:39.610Z</time>
      </trkpt>
      <trkpt lat="50.618386" lon="8.351454">
        <ele>188.323608</ele>
        <time>2026-08-09T09:32:43.943Z</time>
      </trkpt>
      <trkpt lat="50.618391" lon="8.351345">
        <ele>188.124887</ele>
        <time>2026-08-09T09:32:44.817Z</time>
      </trkpt>
      <trkpt lat="50.618377" lon="8.350365">
        <ele>186.342413</ele>
        <time>2026-08-09T09:32:52.686Z</time>
      </trkpt>
      <trkpt lat="50.618342" lon="8.350179">
        <ele>185.989631</ele>
        <time>2026-08-09T09:32:54.285Z</time>
      </trkpt>
      <trkpt lat="50.618256" lon="8.349975">
        <ele>185.544262</ele>
        <time>2026-08-09T09:32:56.319Z</time>
      </trkpt>
      <trkpt lat="50.618242" lon="8.349834">
        <ele>185.284748</ele>
        <time>2026-08-09T09:32:57.523Z</time>
      </trkpt>
      <trkpt lat="50.618224" lon="8.349567">
        <ele>184.796503</ele>
        <time>2026-08-09T09:32:59.741Z</time>
      </trkpt>
      <trkpt lat="50.617955" lon="8.349233">
        <ele>183.815068</ele>
        <time>2026-08-09T09:33:04.122Z</time>
      </trkpt>
      <trkpt lat="50.618047" lon="8.348902">
        <ele>183.286907</ele>
        <time>2026-08-09T09:33:07.182Z</time>
      </trkpt>
      <trkpt lat="50.618084" lon="8.348773">
        <ele>183.103398</ele>
        <time>2026-08-09T09:33:08.369Z</time>
      </trkpt>
      <trkpt lat="50.618163" lon="8.348448">
        <ele>182.652257</ele>
        <time>2026-08-09T09:33:11.330Z</time>
      </trkpt>
      <trkpt lat="50.618204" lon="8.348283">
        <ele>182.422559</ele>
        <time>2026-08-09T09:33:12.834Z</time>
      </trkpt>
      <trkpt lat="50.617812" lon="8.347905">
        <ele>181.483700</ele>
        <time>2026-08-09T09:33:19.223Z</time>
      </trkpt>
      <trkpt lat="50.617805" lon="8.347898">
        <ele>181.466764</ele>
        <time>2026-08-09T09:33:19.345Z</time>
      </trkpt>
      <trkpt lat="50.617747" lon="8.347833">
        <ele>181.321367</ele>
        <time>2026-08-09T09:33:20.346Z</time>
      </trkpt>
      <trkpt lat="50.617741" lon="8.347827">
        <ele>181.306850</ele>
        <time>2026-08-09T09:33:20.445Z</time>
      </trkpt>
      <trkpt lat="50.617591" lon="8.347662">
        <ele>180.933142</ele>
        <time>2026-08-09T09:33:23.040Z</time>
      </trkpt>
      <trkpt lat="50.617244" lon="8.347252">
        <ele>180.047122</ele>
        <time>2026-08-09T09:33:29.290Z</time>
      </trkpt>
      <trkpt lat="50.616982" lon="8.346918">
        <ele>179.983054</ele>
        <time>2026-08-09T09:33:34.491Z</time>
      </trkpt>
      <trkpt lat="50.616956" lon="8.346888">
        <ele>179.988866</ele>
        <time>2026-08-09T09:33:35.020Z</time>
      </trkpt>
      <trkpt lat="50.617735" lon="8.345097">
        <ele>180.237350</ele>
        <time>2026-08-09T09:34:00.846Z</time>
      </trkpt>
      <trkpt lat="50.617752" lon="8.345005">
        <ele>180.248315</ele>
        <time>2026-08-09T09:34:02.063Z</time>
      </trkpt>
      <trkpt lat="50.617728" lon="8.344800">
        <ele>180.388897</ele>
        <time>2026-08-09T09:34:04.814Z</time>
      </trkpt>
      <trkpt lat="50.617171" lon="8.344182">
        <ele>181.444686</ele>
        <time>2026-08-09T09:34:20.605Z</time>
      </trkpt>
      <trkpt lat="50.617068" lon="8.344068">
        <ele>181.639763</ele>
        <time>2026-08-09T09:34:23.768Z</time>
      </trkpt>
      <trkpt lat="50.616979" lon="8.343958">
        <ele>181.815067</ele>
        <time>2026-08-09T09:34:26.658Z</time>
      </trkpt>
      <trkpt lat="50.616890" lon="8.343774">
        <ele>182.042603</ele>
        <time>2026-08-09T09:34:30.483Z</time>
      </trkpt>
      <trkpt lat="50.616555" lon="8.342984">
        <ele>182.977059</ele>
        <time>2026-08-09T09:34:46.134Z</time>
      </trkpt>
      <trkpt lat="50.616402" lon="8.342624">
        <ele>183.468034</ele>
        <time>2026-08-09T09:34:53.096Z</time>
      </trkpt>
      <trkpt lat="50.616374" lon="8.342574">
        <ele>183.545479</ele>
        <time>2026-08-09T09:34:54.159Z</time>
      </trkpt>
      <trkpt lat="50.616331" lon="8.342496">
        <ele>183.665475</ele>
        <time>2026-08-09T09:34:55.857Z</time>
      </trkpt>
      <trkpt lat="50.616282" lon="8.342495">
        <ele>183.755164</ele>
        <time>2026-08-09T09:34:57.081Z</time>
      </trkpt>
      <trkpt lat="50.616251" lon="8.342474">
        <ele>183.816921</ele>
        <time>2026-08-09T09:34:57.961Z</time>
      </trkpt>
      <trkpt lat="50.616193" lon="8.342429">
        <ele>183.935242</ele>
        <time>2026-08-09T09:34:59.634Z</time>
      </trkpt>
      <trkpt lat="50.616188" lon="8.342426">
        <ele>183.945034</ele>
        <time>2026-08-09T09:34:59.987Z</time>
      </trkpt>
      <trkpt lat="50.616256" lon="8.342287">
        <ele>184.148863</ele>
        <time>2026-08-09T09:35:07.747Z</time>
      </trkpt>
      <trkpt lat="50.616281" lon="8.342231">
        <ele>184.228381</ele>
        <time>2026-08-09T09:35:13.074Z</time>
      </trkpt>
      <trkpt lat="50.616286" lon="8.342218">
        <ele>184.246035</ele>
        <time>2026-08-09T09:35:13.479Z</time>
      </trkpt>
      <trkpt lat="50.616367" lon="8.342027">
        <ele>184.512826</ele>
        <time>2026-08-09T09:35:23.585Z</time>
      </trkpt>
      <trkpt lat="50.616364" lon="8.341988">
        <ele>184.558449</ele>
        <time>2026-08-09T09:35:25.313Z</time>
      </trkpt>
      <trkpt lat="50.616281" lon="8.341893">
        <ele>184.746194</ele>
        <time>2026-08-09T09:35:32.498Z</time>
      </trkpt>
      <trkpt lat="50.616269" lon="8.341877">
        <ele>184.774962</ele>
        <time>2026-08-09T09:35:33.582Z</time>
      </trkpt>
      <trkpt lat="50.616207" lon="8.342024">
        <ele>184.979949</ele>
        <time>2026-08-09T09:35:41.319Z</time>
      </trkpt>
      <trkpt lat="50.616161" lon="8.342135">
        <ele>185.133913</ele>
        <time>2026-08-09T09:35:47.217Z</time>
      </trkpt>
      <trkpt lat="50.616154" lon="8.342149">
        <ele>185.154612</ele>
        <time>2026-08-09T09:35:47.659Z</time>
      </trkpt>
      <trkpt lat="50.616123" lon="8.342206">
        <ele>185.241795</ele>
        <time>2026-08-09T09:35:53.531Z</time>
      </trkpt>
      <trkpt lat="50.616113" lon="8.342229">
        <ele>185.274175</ele>
        <time>2026-08-09T09:35:54.763Z</time>
      </trkpt>
      <trkpt lat="50.616058" lon="8.342166">
        <ele>185.398617</ele>
        <time>2026-08-09T09:35:59.453Z</time>
      </trkpt>
      <trkpt lat="50.615967" lon="8.342156">
        <ele>185.565574</ele>
        <time>2026-08-09T09:36:05.830Z</time>
      </trkpt>
      <trkpt lat="50.615908" lon="8.342159">
        <ele>185.673615</ele>
        <time>2026-08-09T09:36:09.898Z</time>
      </trkpt>
      <trkpt lat="50.615904" lon="8.341680">
        <ele>186.229935</ele>
        <time>2026-08-09T09:36:17.356Z</time>
      </trkpt>
      <trkpt lat="50.615898" lon="8.341461">
        <ele>186.580895</ele>
        <time>2026-08-09T09:36:20.739Z</time>
      </trkpt>
      <trkpt lat="50.615885" lon="8.341029">
        <ele>187.410379</ele>
        <time>2026-08-09T09:36:27.733Z</time>
      </trkpt>
      <trkpt lat="50.615953" lon="8.340608">
        <ele>188.243585</ele>
        <time>2026-08-09T09:36:35.162Z</time>
      </trkpt>
      <trkpt lat="50.616303" lon="8.339826">
        <ele>190.078992</ele>
        <time>2026-08-09T09:36:54.076Z</time>
      </trkpt>
      <trkpt lat="50.616354" lon="8.339558">
        <ele>190.615617</ele>
        <time>2026-08-09T09:37:00.169Z</time>
      </trkpt>
      <trkpt lat="50.616436" lon="8.339528">
        <ele>190.870068</ele>
        <time>2026-08-09T09:37:03.024Z</time>
      </trkpt>
      <trkpt lat="50.616497" lon="8.339454">
        <ele>191.102749</ele>
        <time>2026-08-09T09:37:05.748Z</time>
      </trkpt>
      <trkpt lat="50.616854" lon="8.338770">
        <ele>193.058315</ele>
        <time>2026-08-09T09:37:26.651Z</time>
      </trkpt>
      <trkpt lat="50.617361" lon="8.337852">
        <ele>195.975779</ele>
        <time>2026-08-09T09:37:54.764Z</time>
      </trkpt>
      <trkpt lat="50.617707" lon="8.337437">
        <ele>197.618465</ele>
        <time>2026-08-09T09:38:09.456Z</time>
      </trkpt>
      <trkpt lat="50.618068" lon="8.337120">
        <ele>198.850817</ele>
        <time>2026-08-09T09:38:21.855Z</time>
      </trkpt>
      <trkpt lat="50.618513" lon="8.336645">
        <ele>199.788455</ele>
        <time>2026-08-09T09:38:35.756Z</time>
      </trkpt>
      <trkpt lat="50.618874" lon="8.336220">
        <ele>200.574559</ele>
        <time>2026-08-09T09:38:46.135Z</time>
      </trkpt>
      <trkpt lat="50.619149" lon="8.335832">
        <ele>201.218473</ele>
        <time>2026-08-09T09:38:54.541Z</time>
      </trkpt>
      <trkpt lat="50.620360" lon="8.333918">
        <ele>203.601663</ele>
        <time>2026-08-09T09:39:32.911Z</time>
      </trkpt>
      <trkpt lat="50.620559" lon="8.333558">
        <ele>204.001667</ele>
        <time>2026-08-09T09:39:40.469Z</time>
      </trkpt>
      <trkpt lat="50.620716" lon="8.333262">
        <ele>204.079273</ele>
        <time>2026-08-09T09:39:46.643Z</time>
      </trkpt>
      <trkpt lat="50.621282" lon="8.332700">
        <ele>204.071151</ele>
        <time>2026-08-09T09:40:03.288Z</time>
      </trkpt>
      <trkpt lat="50.621498" lon="8.332367">
        <ele>204.067483</ele>
        <time>2026-08-09T09:40:08.972Z</time>
      </trkpt>
      <trkpt lat="50.621910" lon="8.331603">
        <ele>204.059759</ele>
        <time>2026-08-09T09:40:18.124Z</time>
      </trkpt>
      <trkpt lat="50.622178" lon="8.331068">
        <ele>202.059365</ele>
        <time>2026-08-09T09:40:23.418Z</time>
      </trkpt>
      <trkpt lat="50.622482" lon="8.330584">
        <ele>200.027494</ele>
        <time>2026-08-09T09:40:28.339Z</time>
      </trkpt>
      <trkpt lat="50.622766" lon="8.330307">
        <ele>198.457014</ele>
        <time>2026-08-09T09:40:32.116Z</time>
      </trkpt>
      <trkpt lat="50.622824" lon="8.330250">
        <ele>198.135606</ele>
        <time>2026-08-09T09:40:32.883Z</time>
      </trkpt>
      <trkpt lat="50.623103" lon="8.329936">
        <ele>196.523536</ele>
        <time>2026-08-09T09:40:36.798Z</time>
      </trkpt>
      <trkpt lat="50.623359" lon="8.329626">
        <ele>195.375283</ele>
        <time>2026-08-09T09:40:40.541Z</time>
      </trkpt>
      <trkpt lat="50.623589" lon="8.329413">
        <ele>194.898850</ele>
        <time>2026-08-09T09:40:43.710Z</time>
      </trkpt>
      <trkpt lat="50.624161" lon="8.329261">
        <ele>193.862838</ele>
        <time>2026-08-09T09:40:51.607Z</time>
      </trkpt>
      <trkpt lat="50.624388" lon="8.329164">
        <ele>193.442781</ele>
        <time>2026-08-09T09:40:55.605Z</time>
      </trkpt>
      <trkpt lat="50.624722" lon="8.328916">
        <ele>192.783385</ele>
        <time>2026-08-09T09:41:02.351Z</time>
      </trkpt>
      <trkpt lat="50.625163" lon="8.328430">
        <ele>192.656509</ele>
        <time>2026-08-09T09:41:12.049Z</time>
      </trkpt>
      <trkpt lat="50.625924" lon="8.327829">
        <ele>193.372791</ele>
        <time>2026-08-09T09:41:29.015Z</time>
      </trkpt>
      <trkpt lat="50.627065" lon="8.327061">
        <ele>194.154345</ele>
        <time>2026-08-09T09:41:58.531Z</time>
      </trkpt>
      <trkpt lat="50.627893" lon="8.326402">
        <ele>194.536180</ele>
        <time>2026-08-09T09:42:15.690Z</time>
      </trkpt>
      <trkpt lat="50.628094" lon="8.326282">
        <ele>194.624659</ele>
        <time>2026-08-09T09:42:18.933Z</time>
      </trkpt>
      <trkpt lat="50.628503" lon="8.326026">
        <ele>194.444364</ele>
        <time>2026-08-09T09:42:25.366Z</time>
      </trkpt>
      <trkpt lat="50.628606" lon="8.325915">
        <ele>194.381424</ele>
        <time>2026-08-09T09:42:27.140Z</time>
      </trkpt>
      <trkpt lat="50.628727" lon="8.325747">
        <ele>194.300087</ele>
        <time>2026-08-09T09:42:29.439Z</time>
      </trkpt>
      <trkpt lat="50.628985" lon="8.325221">
        <ele>194.087321</ele>
        <time>2026-08-09T09:42:35.503Z</time>
      </trkpt>
      <trkpt lat="50.629138" lon="8.325027">
        <ele>193.988272</ele>
        <time>2026-08-09T09:42:38.511Z</time>
      </trkpt>
      <trkpt lat="50.629365" lon="8.324894">
        <ele>193.866108</ele>
        <time>2026-08-09T09:42:42.625Z</time>
      </trkpt>
      <trkpt lat="50.630023" lon="8.324612">
        <ele>194.191755</ele>
        <time>2026-08-09T09:42:57.490Z</time>
      </trkpt>
      <trkpt lat="50.630508" lon="8.324370">
        <ele>194.738374</ele>
        <time>2026-08-09T09:43:10.226Z</time>
      </trkpt>
      <trkpt lat="50.630805" lon="8.324098">
        <ele>195.107445</ele>
        <time>2026-08-09T09:43:19.288Z</time>
      </trkpt>
      <trkpt lat="50.631213" lon="8.323581">
        <ele>195.666920</ele>
        <time>2026-08-09T09:43:31.055Z</time>
      </trkpt>
      <trkpt lat="50.631460" lon="8.323175">
        <ele>195.076861</ele>
        <time>2026-08-09T09:43:36.601Z</time>
      </trkpt>
      <trkpt lat="50.631673" lon="8.322612">
        <ele>194.389277</ele>
        <time>2026-08-09T09:43:42.351Z</time>
      </trkpt>
      <trkpt lat="50.631920" lon="8.322173">
        <ele>193.773775</ele>
        <time>2026-08-09T09:43:47.297Z</time>
      </trkpt>
      <trkpt lat="50.632153" lon="8.321885">
        <ele>193.284187</ele>
        <time>2026-08-09T09:43:51.139Z</time>
      </trkpt>
      <trkpt lat="50.632508" lon="8.321547">
        <ele>192.708371</ele>
        <time>2026-08-09T09:43:56.399Z</time>
      </trkpt>
      <trkpt lat="50.632866" lon="8.321280">
        <ele>192.802896</ele>
        <time>2026-08-09T09:44:01.708Z</time>
      </trkpt>
      <trkpt lat="50.633058" lon="8.321168">
        <ele>192.851759</ele>
        <time>2026-08-09T09:44:04.921Z</time>
      </trkpt>
      <trkpt lat="50.633233" lon="8.321090">
        <ele>192.895164</ele>
        <time>2026-08-09T09:44:08.097Z</time>
      </trkpt>
      <trkpt lat="50.633424" lon="8.320943">
        <ele>192.945894</ele>
        <time>2026-08-09T09:44:12.451Z</time>
      </trkpt>
      <trkpt lat="50.633654" lon="8.320616">
        <ele>193.019814</ele>
        <time>2026-08-09T09:44:19.927Z</time>
      </trkpt>
      <trkpt lat="50.633760" lon="8.320544">
        <ele>193.047362</ele>
        <time>2026-08-09T09:44:23.027Z</time>
      </trkpt>
      <trkpt lat="50.634048" lon="8.320444">
        <ele>193.117749</ele>
        <time>2026-08-09T09:44:31.790Z</time>
      </trkpt>
      <trkpt lat="50.634182" lon="8.320337">
        <ele>193.457087</ele>
        <time>2026-08-09T09:44:36.622Z</time>
      </trkpt>
      <trkpt lat="50.634315" lon="8.320106">
        <ele>193.985289</ele>
        <time>2026-08-09T09:44:43.290Z</time>
      </trkpt>
      <trkpt lat="50.634509" lon="8.319548">
        <ele>195.062639</ele>
        <time>2026-08-09T09:44:57.203Z</time>
      </trkpt>
      <trkpt lat="50.634628" lon="8.319358">
        <ele>195.514724</ele>
        <time>2026-08-09T09:45:02.922Z</time>
      </trkpt>
      <trkpt lat="50.634791" lon="8.319244">
        <ele>195.990712</ele>
        <time>2026-08-09T09:45:08.742Z</time>
      </trkpt>
      <trkpt lat="50.635276" lon="8.319073">
        <ele>197.317311</ele>
        <time>2026-08-09T09:45:23.347Z</time>
      </trkpt>
      <trkpt lat="50.636118" lon="8.318697">
        <ele>198.767918</ele>
        <time>2026-08-09T09:45:43.867Z</time>
      </trkpt>
      <trkpt lat="50.636225" lon="8.318639">
        <ele>198.915224</ele>
        <time>2026-08-09T09:45:46.164Z</time>
      </trkpt>
      <trkpt lat="50.636661" lon="8.318342">
        <ele>199.533565</ele>
        <time>2026-08-09T09:45:55.662Z</time>
      </trkpt>
      <trkpt lat="50.637244" lon="8.317876">
        <ele>200.482651</ele>
        <time>2026-08-09T09:46:11.297Z</time>
      </trkpt>
      <trkpt lat="50.637723" lon="8.317518">
        <ele>201.747041</ele>
        <time>2026-08-09T09:46:24.811Z</time>
      </trkpt>
      <trkpt lat="50.638168" lon="8.317061">
        <ele>203.013762</ele>
        <time>2026-08-09T09:46:39.879Z</time>
      </trkpt>
      <trkpt lat="50.638367" lon="8.316956">
        <ele>203.514297</ele>
        <time>2026-08-09T09:46:46.366Z</time>
      </trkpt>
      <trkpt lat="50.638562" lon="8.316914">
        <ele>203.983739</ele>
        <time>2026-08-09T09:46:52.516Z</time>
      </trkpt>
      <trkpt lat="50.639662" lon="8.316690">
        <ele>205.848007</ele>
        <time>2026-08-09T09:47:26.647Z</time>
      </trkpt>
      <trkpt lat="50.639801" lon="8.316630">
        <ele>206.062167</ele>
        <time>2026-08-09T09:47:30.426Z</time>
      </trkpt>
      <trkpt lat="50.639882" lon="8.316546">
        <ele>206.206236</ele>
        <time>2026-08-09T09:47:32.876Z</time>
      </trkpt>
      <trkpt lat="50.639968" lon="8.316765">
        <ele>206.448993</ele>
        <time>2026-08-09T09:47:36.976Z</time>
      </trkpt>
      <trkpt lat="50.640058" lon="8.317361">
        <ele>207.026388</ele>
        <time>2026-08-09T09:47:44.880Z</time>
      </trkpt>
      <trkpt lat="50.640196" lon="8.318372">
        <ele>205.930535</ele>
        <time>2026-08-09T09:47:55.512Z</time>
      </trkpt>
      <trkpt lat="50.640186" lon="8.318602">
        <ele>205.564585</ele>
        <time>2026-08-09T09:47:57.684Z</time>
      </trkpt>
      <trkpt lat="50.640614" lon="8.319021">
        <ele>204.303637</ele>
        <time>2026-08-09T09:48:05.156Z</time>
      </trkpt>
      <trkpt lat="50.640678" lon="8.319115">
        <ele>204.084720</ele>
        <time>2026-08-09T09:48:06.445Z</time>
      </trkpt>
      <trkpt lat="50.640748" lon="8.319281">
        <ele>203.768287</ele>
        <time>2026-08-09T09:48:08.325Z</time>
      </trkpt>
      <trkpt lat="50.641538" lon="8.321862">
        <ele>199.357639</ele>
        <time>2026-08-09T09:48:36.704Z</time>
      </trkpt>
      <trkpt lat="50.641515" lon="8.321934">
        <ele>199.234722</ele>
        <time>2026-08-09T09:48:37.404Z</time>
      </trkpt>
      <trkpt lat="50.641171" lon="8.322276">
        <ele>198.316894</ele>
        <time>2026-08-09T09:48:42.869Z</time>
      </trkpt>
      <trkpt lat="50.641106" lon="8.322408">
        <ele>198.166292</ele>
        <time>2026-08-09T09:48:44.259Z</time>
      </trkpt>
      <trkpt lat="50.641037" lon="8.322653">
        <ele>197.924715</ele>
        <time>2026-08-09T09:48:46.495Z</time>
      </trkpt>
      <trkpt lat="50.640820" lon="8.323313">
        <ele>197.254765</ele>
        <time>2026-08-09T09:48:53.054Z</time>
      </trkpt>
      <trkpt lat="50.640473" lon="8.323925">
        <ele>196.514966</ele>
        <time>2026-08-09T09:49:01.128Z</time>
      </trkpt>
      <trkpt lat="50.640376" lon="8.324087">
        <ele>196.314187</ele>
        <time>2026-08-09T09:49:03.381Z</time>
      </trkpt>
      <trkpt lat="50.640371" lon="8.324183">
        <ele>196.227383</ele>
        <time>2026-08-09T09:49:04.320Z</time>
      </trkpt>
      <trkpt lat="50.640509" lon="8.324480">
        <ele>195.895585</ele>
        <time>2026-08-09T09:49:07.764Z</time>
      </trkpt>
      <trkpt lat="50.640587" lon="8.324579">
        <ele>195.703278</ele>
        <time>2026-08-09T09:49:09.208Z</time>
      </trkpt>
      <trkpt lat="50.640717" lon="8.324616">
        <ele>195.415946</ele>
        <time>2026-08-09T09:49:11.820Z</time>
      </trkpt>
      <trkpt lat="50.641066" lon="8.325064">
        <ele>194.437103</ele>
        <time>2026-08-09T09:49:20.699Z</time>
      </trkpt>
      <trkpt lat="50.641103" lon="8.325171">
        <ele>194.268993</ele>
        <time>2026-08-09T09:49:22.196Z</time>
      </trkpt>
      <trkpt lat="50.641132" lon="8.325492">
        <ele>193.821737</ele>
        <time>2026-08-09T09:49:24.997Z</time>
      </trkpt>
      <trkpt lat="50.641178" lon="8.325652">
        <ele>193.579414</ele>
        <time>2026-08-09T09:49:26.451Z</time>
      </trkpt>
      <trkpt lat="50.641353" lon="8.326010">
        <ele>192.955918</ele>
        <time>2026-08-09T09:49:30.109Z</time>
      </trkpt>
      <trkpt lat="50.641351" lon="8.326173">
        <ele>192.731036</ele>
        <time>2026-08-09T09:49:31.406Z</time>
      </trkpt>
      <trkpt lat="50.641214" lon="8.326753">
        <ele>191.913419</ele>
        <time>2026-08-09T09:49:36.287Z</time>
      </trkpt>
      <trkpt lat="50.641101" lon="8.327095">
        <ele>191.712495</ele>
        <time>2026-08-09T09:49:39.390Z</time>
      </trkpt>
      <trkpt lat="50.641651" lon="8.327752">
        <ele>191.145608</ele>
        <time>2026-08-09T09:49:50.844Z</time>
      </trkpt>
      <trkpt lat="50.641803" lon="8.327889">
        <ele>191.001769</ele>
        <time>2026-08-09T09:49:54.192Z</time>
      </trkpt>
      <trkpt lat="50.642228" lon="8.328092">
        <ele>190.636932</ele>
        <time>2026-08-09T09:50:04.348Z</time>
      </trkpt>
      <trkpt lat="50.642641" lon="8.328190">
        <ele>190.694002</ele>
        <time>2026-08-09T09:50:15.210Z</time>
      </trkpt>
      <trkpt lat="50.642939" lon="8.328118">
        <ele>191.051393</ele>
        <time>2026-08-09T09:50:23.531Z</time>
      </trkpt>
      <trkpt lat="50.643806" lon="8.327716">
        <ele>192.122696</ele>
        <time>2026-08-09T09:50:47.713Z</time>
      </trkpt>
      <trkpt lat="50.643924" lon="8.327695">
        <ele>192.263468</ele>
        <time>2026-08-09T09:50:50.617Z</time>
      </trkpt>
      <trkpt lat="50.644700" lon="8.327730">
        <ele>192.825504</ele>
        <time>2026-08-09T09:51:07.538Z</time>
      </trkpt>
      <trkpt lat="50.645296" lon="8.327825">
        <ele>193.107277</ele>
        <time>2026-08-09T09:51:19.328Z</time>
      </trkpt>
      <trkpt lat="50.645621" lon="8.327690">
        <ele>193.265363</ele>
        <time>2026-08-09T09:51:26.328Z</time>
      </trkpt>
      <trkpt lat="50.645816" lon="8.327569">
        <ele>193.363932</ele>
        <time>2026-08-09T09:51:31.003Z</time>
      </trkpt>
      <trkpt lat="50.646470" lon="8.327093">
        <ele>194.071704</ele>
        <time>2026-08-09T09:51:49.191Z</time>
      </trkpt>
      <trkpt lat="50.647214" lon="8.326612">
        <ele>194.972875</ele>
        <time>2026-08-09T09:52:10.796Z</time>
      </trkpt>
      <trkpt lat="50.647714" lon="8.326424">
        <ele>195.434709</ele>
        <time>2026-08-09T09:52:23.358Z</time>
      </trkpt>
      <trkpt lat="50.648264" lon="8.326284">
        <ele>195.325745</ele>
        <time>2026-08-09T09:52:35.167Z</time>
      </trkpt>
      <trkpt lat="50.649232" lon="8.325820">
        <ele>195.127868</ele>
        <time>2026-08-09T09:52:53.593Z</time>
      </trkpt>
      <trkpt lat="50.649873" lon="8.325681">
        <ele>195.164902</ele>
        <time>2026-08-09T09:53:03.399Z</time>
      </trkpt>
      <trkpt lat="50.650295" lon="8.325678">
        <ele>195.219331</ele>
        <time>2026-08-09T09:53:10.318Z</time>
      </trkpt>
      <trkpt lat="50.651031" lon="8.325301">
        <ele>195.319138</ele>
        <time>2026-08-09T09:53:25.794Z</time>
      </trkpt>
      <trkpt lat="50.651013" lon="8.325187">
        <ele>195.328746</ele>
        <time>2026-08-09T09:53:27.446Z</time>
      </trkpt>
      <trkpt lat="50.650995" lon="8.324974">
        <ele>195.451444</ele>
        <time>2026-08-09T09:53:30.510Z</time>
      </trkpt>
      <trkpt lat="50.651011" lon="8.324861">
        <ele>195.529847</ele>
        <time>2026-08-09T09:53:32.072Z</time>
      </trkpt>
      <trkpt lat="50.651067" lon="8.324722">
        <ele>195.641365</ele>
        <time>2026-08-09T09:53:34.549Z</time>
      </trkpt>
      <trkpt lat="50.651147" lon="8.324652">
        <ele>195.739072</ele>
        <time>2026-08-09T09:53:36.741Z</time>
      </trkpt>
      <trkpt lat="50.651752" lon="8.324314">
        <ele>196.424546</ele>
        <time>2026-08-09T09:53:52.072Z</time>
      </trkpt>
      <trkpt lat="50.651763" lon="8.324364">
        <ele>196.460384</ele>
        <time>2026-08-09T09:53:52.800Z</time>
      </trkpt>
      <trkpt lat="50.651797" lon="8.324383">
        <ele>196.498907</ele>
        <time>2026-08-09T09:53:53.655Z</time>
      </trkpt>
      <trkpt lat="50.653470" lon="8.323472">
        <ele>197.780298</ele>
        <time>2026-08-09T09:54:30.243Z</time>
      </trkpt>
      <trkpt lat="50.653970" lon="8.323095">
        <ele>198.055045</ele>
        <time>2026-08-09T09:54:40.277Z</time>
      </trkpt>
      <trkpt lat="50.654449" lon="8.322821">
        <ele>198.017236</ele>
        <time>2026-08-09T09:54:48.669Z</time>
      </trkpt>
      <trkpt lat="50.654622" lon="8.322747">
        <ele>197.947907</ele>
        <time>2026-08-09T09:54:51.630Z</time>
      </trkpt>
      <trkpt lat="50.655108" lon="8.322642">
        <ele>197.758179</ele>
        <time>2026-08-09T09:54:59.640Z</time>
      </trkpt>
      <trkpt lat="50.655357" lon="8.322550">
        <ele>197.659265</ele>
        <time>2026-08-09T09:55:03.669Z</time>
      </trkpt>
      <trkpt lat="50.655787" lon="8.322302">
        <ele>197.482182</ele>
        <time>2026-08-09T09:55:10.804Z</time>
      </trkpt>
      <trkpt lat="50.656852" lon="8.321988">
        <ele>197.004489</ele>
        <time>2026-08-09T09:55:27.607Z</time>
      </trkpt>
      <trkpt lat="50.657359" lon="8.322006">
        <ele>196.778522</ele>
        <time>2026-08-09T09:55:35.395Z</time>
      </trkpt>
      <trkpt lat="50.658040" lon="8.322187">
        <ele>197.326108</ele>
        <time>2026-08-09T09:55:47.583Z</time>
      </trkpt>
      <trkpt lat="50.658156" lon="8.322163">
        <ele>197.526463</ele>
        <time>2026-08-09T09:55:50.026Z</time>
      </trkpt>
      <trkpt lat="50.658423" lon="8.322237">
        <ele>197.990712</ele>
        <time>2026-08-09T09:55:56.162Z</time>
      </trkpt>
      <trkpt lat="50.658677" lon="8.322409">
        <ele>198.464080</ele>
        <time>2026-08-09T09:56:03.394Z</time>
      </trkpt>
      <trkpt lat="50.659287" lon="8.322524">
        <ele>199.516156</ele>
        <time>2026-08-09T09:56:22.788Z</time>
      </trkpt>
      <trkpt lat="50.659527" lon="8.322501">
        <ele>199.861970</ele>
        <time>2026-08-09T09:56:30.132Z</time>
      </trkpt>
      <trkpt lat="50.659677" lon="8.322370">
        <ele>200.058911</ele>
        <time>2026-08-09T09:56:35.181Z</time>
      </trkpt>
      <trkpt lat="50.659682" lon="8.322313">
        <ele>200.100812</ele>
        <time>2026-08-09T09:56:36.217Z</time>
      </trkpt>
      <trkpt lat="50.659676" lon="8.321975">
        <ele>200.347027</ele>
        <time>2026-08-09T09:56:42.125Z</time>
      </trkpt>
      <trkpt lat="50.659686" lon="8.321866">
        <ele>200.427223</ele>
        <time>2026-08-09T09:56:44.084Z</time>
      </trkpt>
      <trkpt lat="50.660336" lon="8.321862">
        <ele>201.173855</ele>
        <time>2026-08-09T09:56:59.328Z</time>
      </trkpt>
      <trkpt lat="50.660610" lon="8.321850">
        <ele>201.488707</ele>
        <time>2026-08-09T09:57:04.263Z</time>
      </trkpt>
      <trkpt lat="50.660939" lon="8.321464">
        <ele>201.590066</ele>
        <time>2026-08-09T09:57:10.177Z</time>
      </trkpt>
      <trkpt lat="50.661490" lon="8.321050">
        <ele>200.730504</ele>
        <time>2026-08-09T09:57:18.558Z</time>
      </trkpt>
      <trkpt lat="50.662680" lon="8.319583">
        <ele>199.919408</ele>
        <time>2026-08-09T09:57:39.803Z</time>
      </trkpt>
      <trkpt lat="50.662777" lon="8.319472">
        <ele>200.088701</ele>
        <time>2026-08-09T09:57:42.164Z</time>
      </trkpt>
      <trkpt lat="50.662857" lon="8.319375">
        <ele>200.231247</ele>
        <time>2026-08-09T09:57:44.330Z</time>
      </trkpt>
      <trkpt lat="50.662957" lon="8.319275">
        <ele>200.398515</ele>
        <time>2026-08-09T09:57:47.048Z</time>
      </trkpt>
      <trkpt lat="50.663256" lon="8.319166">
        <ele>200.832062</ele>
        <time>2026-08-09T09:57:55.042Z</time>
      </trkpt>
      <trkpt lat="50.663328" lon="8.319029">
        <ele>200.991431</ele>
        <time>2026-08-09T09:57:58.332Z</time>
      </trkpt>
      <trkpt lat="50.663351" lon="8.318835">
        <ele>201.168173</ele>
        <time>2026-08-09T09:58:02.150Z</time>
      </trkpt>
      <trkpt lat="50.663332" lon="8.318696">
        <ele>201.295511</ele>
        <time>2026-08-09T09:58:05.035Z</time>
      </trkpt>
      <trkpt lat="50.663198" lon="8.318536">
        <ele>201.532930</ele>
        <time>2026-08-09T09:58:10.670Z</time>
      </trkpt>
      <trkpt lat="50.663229" lon="8.318395">
        <ele>201.666578</ele>
        <time>2026-08-09T09:58:13.962Z</time>
      </trkpt>
      <trkpt lat="50.663273" lon="8.318307">
        <ele>201.766949</ele>
        <time>2026-08-09T09:58:16.455Z</time>
      </trkpt>
      <trkpt lat="50.663629" lon="8.317593">
        <ele>203.277529</ele>
        <time>2026-08-09T09:58:37.230Z</time>
      </trkpt>
      <trkpt lat="50.663783" lon="8.317154">
        <ele>204.128922</ele>
        <time>2026-08-09T09:58:48.431Z</time>
      </trkpt>
      <trkpt lat="50.663905" lon="8.316043">
        <ele>206.042217</ele>
        <time>2026-08-09T09:59:08.249Z</time>
      </trkpt>
      <trkpt lat="50.663963" lon="8.315761">
        <ele>206.545291</ele>
        <time>2026-08-09T09:59:12.150Z</time>
      </trkpt>
      <trkpt lat="50.664156" lon="8.315290">
        <ele>206.376119</ele>
        <time>2026-08-09T09:59:18.199Z</time>
      </trkpt>
      <trkpt lat="50.664274" lon="8.315108">
        <ele>206.255560</ele>
        <time>2026-08-09T09:59:20.753Z</time>
      </trkpt>
      <trkpt lat="50.664410" lon="8.314962">
        <ele>206.135383</ele>
        <time>2026-08-09T09:59:23.184Z</time>
      </trkpt>
      <trkpt lat="50.664883" lon="8.314546">
        <ele>205.739760</ele>
        <time>2026-08-09T09:59:30.880Z</time>
      </trkpt>
      <trkpt lat="50.665298" lon="8.314087">
        <ele>205.369495</ele>
        <time>2026-08-09T09:59:37.981Z</time>
      </trkpt>
      <trkpt lat="50.666192" lon="8.312810">
        <ele>203.964108</ele>
        <time>2026-08-09T09:59:56.754Z</time>
      </trkpt>
      <trkpt lat="50.666882" lon="8.311757">
        <ele>202.579044</ele>
        <time>2026-08-09T10:00:10.063Z</time>
      </trkpt>
      <trkpt lat="50.666990" lon="8.311599">
        <ele>202.278114</ele>
        <time>2026-08-09T10:00:12.004Z</time>
      </trkpt>
      <trkpt lat="50.667277" lon="8.311279">
        <ele>201.560072</ele>
        <time>2026-08-09T10:00:16.595Z</time>
      </trkpt>
      <trkpt lat="50.667614" lon="8.311042">
        <ele>200.806217</ele>
        <time>2026-08-09T10:00:21.344Z</time>
      </trkpt>
      <trkpt lat="50.668715" lon="8.310436">
        <ele>199.281991</ele>
        <time>2026-08-09T10:00:37.642Z</time>
      </trkpt>
      <trkpt lat="50.668877" lon="8.310347">
        <ele>199.219846</ele>
        <time>2026-08-09T10:00:40.521Z</time>
      </trkpt>
      <trkpt lat="50.669346" lon="8.310171">
        <ele>199.045198</ele>
        <time>2026-08-09T10:00:48.963Z</time>
      </trkpt>
      <trkpt lat="50.670210" lon="8.310078">
        <ele>198.898696</ele>
        <time>2026-08-09T10:01:05.361Z</time>
      </trkpt>
      <trkpt lat="50.671204" lon="8.309605">
        <ele>199.272297</ele>
        <time>2026-08-09T10:01:24.591Z</time>
      </trkpt>
      <trkpt lat="50.672589" lon="8.308925">
        <ele>199.869863</ele>
        <time>2026-08-09T10:01:52.237Z</time>
      </trkpt>
      <trkpt lat="50.673150" lon="8.308694">
        <ele>200.126060</ele>
        <time>2026-08-09T10:02:03.563Z</time>
      </trkpt>
      <trkpt lat="50.674539" lon="8.308019">
        <ele>200.528248</ele>
        <time>2026-08-09T10:02:30.414Z</time>
      </trkpt>
      <trkpt lat="50.674546" lon="8.308223">
        <ele>200.558579</ele>
        <time>2026-08-09T10:02:32.895Z</time>
      </trkpt>
      <trkpt lat="50.674587" lon="8.308507">
        <ele>200.601823</ele>
        <time>2026-08-09T10:02:36.410Z</time>
      </trkpt>
      <trkpt lat="50.674631" lon="8.308614">
        <ele>200.620760</ele>
        <time>2026-08-09T10:02:37.906Z</time>
      </trkpt>
      <trkpt lat="50.674732" lon="8.308693">
        <ele>200.647169</ele>
        <time>2026-08-09T10:02:39.963Z</time>
      </trkpt>
      <trkpt lat="50.674900" lon="8.308709">
        <ele>200.691009</ele>
        <time>2026-08-09T10:02:42.967Z</time>
      </trkpt>
      <trkpt lat="50.675412" lon="8.308575">
        <ele>200.880991</ele>
        <time>2026-08-09T10:02:52.093Z</time>
      </trkpt>
      <trkpt lat="50.675596" lon="8.308479">
        <ele>200.951931</ele>
        <time>2026-08-09T10:02:55.578Z</time>
      </trkpt>
      <trkpt lat="50.675964" lon="8.308298">
        <ele>201.093032</ele>
        <time>2026-08-09T10:03:03.187Z</time>
      </trkpt>
      <trkpt lat="50.676700" lon="8.307957">
        <ele>201.428217</ele>
        <time>2026-08-09T10:03:19.565Z</time>
      </trkpt>
      <trkpt lat="50.677032" lon="8.307728">
        <ele>201.757660</ele>
        <time>2026-08-09T10:03:27.223Z</time>
      </trkpt>
      <trkpt lat="50.677088" lon="8.307686">
        <ele>201.814035</ele>
        <time>2026-08-09T10:03:28.644Z</time>
      </trkpt>
      <trkpt lat="50.677221" lon="8.307593">
        <ele>201.946304</ele>
        <time>2026-08-09T10:03:31.895Z</time>
      </trkpt>
      <trkpt lat="50.677349" lon="8.307480">
        <ele>202.079660</ele>
        <time>2026-08-09T10:03:35.210Z</time>
      </trkpt>
      <trkpt lat="50.677368" lon="8.307463">
        <ele>202.099519</ele>
        <time>2026-08-09T10:03:35.718Z</time>
      </trkpt>
      <trkpt lat="50.677535" lon="8.307782">
        <ele>202.337926</ele>
        <time>2026-08-09T10:03:43.092Z</time>
      </trkpt>
      <trkpt lat="50.677594" lon="8.307842">
        <ele>202.401745</ele>
        <time>2026-08-09T10:03:45.112Z</time>
      </trkpt>
      <trkpt lat="50.677729" lon="8.307907">
        <ele>202.530078</ele>
        <time>2026-08-09T10:03:49.122Z</time>
      </trkpt>
      <trkpt lat="50.677805" lon="8.307880">
        <ele>202.600910</ele>
        <time>2026-08-09T10:03:51.304Z</time>
      </trkpt>
      <trkpt lat="50.678074" lon="8.307533">
        <ele>202.916810</ele>
        <time>2026-08-09T10:04:00.979Z</time>
      </trkpt>
      <trkpt lat="50.678256" lon="8.307244">
        <ele>203.062411</ele>
        <time>2026-08-09T10:04:07.548Z</time>
      </trkpt>
      <trkpt lat="50.678369" lon="8.306971">
        <ele>203.156715</ele>
        <time>2026-08-09T10:04:12.802Z</time>
      </trkpt>
      <trkpt lat="50.678588" lon="8.306691">
        <ele>203.285351</ele>
        <time>2026-08-09T10:04:20.309Z</time>
      </trkpt>
      <trkpt lat="50.679042" lon="8.306284">
        <ele>203.523651</ele>
        <time>2026-08-09T10:04:33.676Z</time>
      </trkpt>
      <trkpt lat="50.679246" lon="8.306147">
        <ele>203.624835</ele>
        <time>2026-08-09T10:04:39.066Z</time>
      </trkpt>
      <trkpt lat="50.679606" lon="8.305979">
        <ele>203.792096</ele>
        <time>2026-08-09T10:04:47.963Z</time>
      </trkpt>
      <trkpt lat="50.679663" lon="8.305919">
        <ele>203.776607</ele>
        <time>2026-08-09T10:04:49.536Z</time>
      </trkpt>
      <trkpt lat="50.680157" lon="8.305876">
        <ele>203.664763</ele>
        <time>2026-08-09T10:05:00.737Z</time>
      </trkpt>
      <trkpt lat="50.680318" lon="8.305869">
        <ele>203.628354</ele>
        <time>2026-08-09T10:05:04.311Z</time>
      </trkpt>
      <trkpt lat="50.680460" lon="8.305866">
        <ele>203.596250</ele>
        <time>2026-08-09T10:05:07.421Z</time>
      </trkpt>
      <trkpt lat="50.681503" lon="8.306195">
        <ele>203.450209</ele>
        <time>2026-08-09T10:05:31.049Z</time>
      </trkpt>
      <trkpt lat="50.681503" lon="8.306151">
        <ele>203.463076</ele>
        <time>2026-08-09T10:05:31.682Z</time>
      </trkpt>
      <trkpt lat="50.681504" lon="8.306040">
        <ele>203.495540</ele>
        <time>2026-08-09T10:05:33.254Z</time>
      </trkpt>
      <trkpt lat="50.681673" lon="8.306097">
        <ele>203.575300</ele>
        <time>2026-08-09T10:05:36.196Z</time>
      </trkpt>
      <trkpt lat="50.681685" lon="8.305904">
        <ele>203.632012</ele>
        <time>2026-08-09T10:05:38.402Z</time>
      </trkpt>
      <trkpt lat="50.681584" lon="8.305868">
        <ele>203.679800</ele>
        <time>2026-08-09T10:05:40.362Z</time>
      </trkpt>
      <trkpt lat="50.681551" lon="8.305789">
        <ele>203.707471</ele>
        <time>2026-08-09T10:05:41.430Z</time>
      </trkpt>
      <trkpt lat="50.681538" lon="8.305675">
        <ele>203.741345</ele>
        <time>2026-08-09T10:05:42.852Z</time>
      </trkpt>
      <trkpt lat="50.681545" lon="8.305660">
        <ele>203.746793</ele>
        <time>2026-08-09T10:05:43.086Z</time>
      </trkpt>
      <trkpt lat="50.681549" lon="8.305642">
        <ele>203.752371</ele>
        <time>2026-08-09T10:05:43.323Z</time>
      </trkpt>
      <trkpt lat="50.681764" lon="8.305688">
        <ele>203.852507</ele>
        <time>2026-08-09T10:05:47.660Z</time>
      </trkpt>
      <trkpt lat="50.681888" lon="8.305708">
        <ele>203.910035</ele>
        <time>2026-08-09T10:05:50.250Z</time>
      </trkpt>
      <trkpt lat="50.681990" lon="8.305724">
        <ele>203.957343</ele>
        <time>2026-08-09T10:05:52.446Z</time>
      </trkpt>
      <trkpt lat="50.682114" lon="8.305741">
        <ele>204.014788</ele>
        <time>2026-08-09T10:05:55.124Z</time>
      </trkpt>
      <trkpt lat="50.682218" lon="8.305753">
        <ele>204.062915</ele>
        <time>2026-08-09T10:05:57.382Z</time>
      </trkpt>
      <trkpt lat="50.682259" lon="8.305758">
        <ele>204.081894</ele>
        <time>2026-08-09T10:05:58.317Z</time>
      </trkpt>
      <trkpt lat="50.682312" lon="8.305765">
        <ele>204.106441</ele>
        <time>2026-08-09T10:05:59.549Z</time>
      </trkpt>
      <trkpt lat="50.682519" lon="8.305768">
        <ele>204.201981</ele>
        <time>2026-08-09T10:06:04.304Z</time>
      </trkpt>
      <trkpt lat="50.682932" lon="8.305519">
        <ele>204.581803</ele>
        <time>2026-08-09T10:06:14.415Z</time>
      </trkpt>
      <trkpt lat="50.683071" lon="8.305420">
        <ele>204.717622</ele>
        <time>2026-08-09T10:06:17.930Z</time>
      </trkpt>
      <trkpt lat="50.683214" lon="8.305322">
        <ele>204.856471</ele>
        <time>2026-08-09T10:06:21.465Z</time>
      </trkpt>
      <trkpt lat="50.683250" lon="8.305298">
        <ele>204.891277</ele>
        <time>2026-08-09T10:06:22.348Z</time>
      </trkpt>
      <trkpt lat="50.683428" lon="8.305183">
        <ele>205.062578</ele>
        <time>2026-08-09T10:06:26.389Z</time>
      </trkpt>
      <trkpt lat="50.683504" lon="8.305135">
        <ele>205.135484</ele>
        <time>2026-08-09T10:06:28.125Z</time>
      </trkpt>
      <trkpt lat="50.683653" lon="8.305051">
        <ele>205.276400</ele>
        <time>2026-08-09T10:06:31.416Z</time>
      </trkpt>
      <trkpt lat="50.683711" lon="8.305103">
        <ele>205.335809</ele>
        <time>2026-08-09T10:06:32.811Z</time>
      </trkpt>
      <trkpt lat="50.683750" lon="8.305239">
        <ele>205.420049</ele>
        <time>2026-08-09T10:06:34.944Z</time>
      </trkpt>
      <trkpt lat="50.683891" lon="8.305098">
        <ele>205.568713</ele>
        <time>2026-08-09T10:06:46.537Z</time>
      </trkpt>
      <trkpt lat="50.683905" lon="8.305125">
        <ele>205.588401</ele>
        <time>2026-08-09T10:06:48.061Z</time>
      </trkpt>
      <trkpt lat="50.683912" lon="8.305150">
        <ele>205.603825</ele>
        <time>2026-08-09T10:06:49.265Z</time>
      </trkpt>
      <trkpt lat="50.683970" lon="8.305081">
        <ele>205.668512</ele>
        <time>2026-08-09T10:06:54.314Z</time>
      </trkpt>
      <trkpt lat="50.684003" lon="8.305042">
        <ele>205.705229</ele>
        <time>2026-08-09T10:06:57.222Z</time>
      </trkpt>
      <trkpt lat="50.684039" lon="8.305035">
        <ele>205.737535</ele>
        <time>2026-08-09T10:06:59.726Z</time>
      </trkpt>
      <trkpt lat="50.684165" lon="8.304662">
        <ele>205.901842</ele>
        <time>2026-08-09T10:07:18.341Z</time>
      </trkpt>
      <trkpt lat="50.684226" lon="8.304477">
        <ele>205.963950</ele>
        <time>2026-08-09T10:07:27.560Z</time>
      </trkpt>
      <trkpt lat="50.684248" lon="8.304411">
        <ele>205.986160</ele>
        <time>2026-08-09T10:07:30.790Z</time>
      </trkpt>
      <trkpt lat="50.684286" lon="8.304204">
        <ele>206.050341</ele>
        <time>2026-08-09T10:07:40.292Z</time>
      </trkpt>
      <trkpt lat="50.684357" lon="8.303861">
        <ele>206.157803</ele>
        <time>2026-08-09T10:07:56.184Z</time>
      </trkpt>
      <trkpt lat="50.684413" lon="8.303559">
        <ele>206.251513</ele>
        <time>2026-08-09T10:08:10.037Z</time>
      </trkpt>
      <trkpt lat="50.684453" lon="8.303251">
        <ele>206.345144</ele>
        <time>2026-08-09T10:08:23.912Z</time>
      </trkpt>
      <trkpt lat="50.684484" lon="8.303166">
        <ele>206.374352</ele>
        <time>2026-08-09T10:08:28.206Z</time>
      </trkpt>
      <trkpt lat="50.684506" lon="8.303107">
        <ele>206.394740</ele>
        <time>2026-08-09T10:08:31.224Z</time>
      </trkpt>
      <trkpt lat="50.684504" lon="8.302904">
        <ele>206.455202</ele>
        <time>2026-08-09T10:08:40.155Z</time>
      </trkpt>
      <trkpt lat="50.684660" lon="8.302736">
        <ele>206.543969</ele>
        <time>2026-08-09T10:08:53.246Z</time>
      </trkpt>
      <trkpt lat="50.684720" lon="8.302671">
        <ele>206.578175</ele>
        <time>2026-08-09T10:08:58.354Z</time>
      </trkpt>
      <trkpt lat="50.684668" lon="8.302586">
        <ele>206.613362</ele>
        <time>2026-08-09T10:09:03.565Z</time>
      </trkpt>
      <trkpt lat="50.684725" lon="8.302518">
        <ele>206.646946</ele>
        <time>2026-08-09T10:09:05.015Z</time>
      </trkpt>
      <trkpt lat="50.684782" lon="8.302565">
        <ele>206.669998</ele>
        <time>2026-08-09T10:09:06.471Z</time>
      </trkpt>
      <trkpt lat="50.684866" lon="8.302551">
        <ele>206.687550</ele>
        <time>2026-08-09T10:09:08.214Z</time>
      </trkpt>
      <trkpt lat="50.684918" lon="8.302482">
        <ele>206.701667</ele>
        <time>2026-08-09T10:09:09.628Z</time>
      </trkpt>
      <trkpt lat="50.684940" lon="8.302383">
        <ele>206.715480</ele>
        <time>2026-08-09T10:09:11.029Z</time>
      </trkpt>
      <trkpt lat="50.684932" lon="8.302289">
        <ele>206.727967</ele>
        <time>2026-08-09T10:09:12.127Z</time>
      </trkpt>
      <trkpt lat="50.684964" lon="8.302170">
        <ele>206.744987</ele>
        <time>2026-08-09T10:09:13.963Z</time>
      </trkpt>
      <trkpt lat="50.685048" lon="8.301956">
        <ele>206.778131</ele>
        <time>2026-08-09T10:09:16.916Z</time>
      </trkpt>
      <trkpt lat="50.685105" lon="8.301895">
        <ele>206.792441</ele>
        <time>2026-08-09T10:09:18.132Z</time>
      </trkpt>
      <trkpt lat="50.685187" lon="8.301811">
        <ele>206.812755</ele>
        <time>2026-08-09T10:09:19.899Z</time>
      </trkpt>
      <trkpt lat="50.685582" lon="8.301527">
        <ele>206.902951</ele>
        <time>2026-08-09T10:09:28.102Z</time>
      </trkpt>
      <trkpt lat="50.685832" lon="8.301389">
        <ele>206.957987</ele>
        <time>2026-08-09T10:09:33.603Z</time>
      </trkpt>
      <trkpt lat="50.685923" lon="8.301346">
        <ele>206.977725</ele>
        <time>2026-08-09T10:09:35.480Z</time>
      </trkpt>
      <trkpt lat="50.685986" lon="8.301524">
        <ele>207.004569</ele>
        <time>2026-08-09T10:09:37.599Z</time>
      </trkpt>
      <trkpt lat="50.686033" lon="8.301595">
        <ele>207.018088</ele>
        <time>2026-08-09T10:09:38.630Z</time>
      </trkpt>
      <trkpt lat="50.686181" lon="8.301756">
        <ele>206.951995</ele>
        <time>2026-08-09T10:09:41.586Z</time>
      </trkpt>
      <trkpt lat="50.686433" lon="8.301901">
        <ele>206.675806</ele>
        <time>2026-08-09T10:09:45.654Z</time>
      </trkpt>
      <trkpt lat="50.686677" lon="8.302064">
        <ele>206.402983</ele>
        <time>2026-08-09T10:09:49.362Z</time>
      </trkpt>
      <trkpt lat="50.687209" lon="8.302502">
        <ele>205.785140</ele>
        <time>2026-08-09T10:09:57.709Z</time>
      </trkpt>
      <trkpt lat="50.687172" lon="8.303100">
        <ele>205.393167</ele>
        <time>2026-08-09T10:10:03.329Z</time>
      </trkpt>
      <trkpt lat="50.687222" lon="8.303274">
        <ele>205.268524</ele>
        <time>2026-08-09T10:10:05.366Z</time>
      </trkpt>
      <trkpt lat="50.687232" lon="8.303597">
        <ele>205.289511</ele>
        <time>2026-08-09T10:10:09.065Z</time>
      </trkpt>
      <trkpt lat="50.687769" lon="8.303615">
        <ele>205.735156</ele>
        <time>2026-08-09T10:10:26.917Z</time>
      </trkpt>
      <trkpt lat="50.688078" lon="8.303733">
        <ele>205.998928</ele>
        <time>2026-08-09T10:10:38.450Z</time>
      </trkpt>
      <trkpt lat="50.688396" lon="8.303788">
        <ele>206.264349</ele>
        <time>2026-08-09T10:10:51.301Z</time>
      </trkpt>
      <trkpt lat="50.688694" lon="8.303714">
        <ele>206.514638</ele>
        <time>2026-08-09T10:11:04.437Z</time>
      </trkpt>
      <trkpt lat="50.688716" lon="8.303704">
        <ele>206.533633</ele>
        <time>2026-08-09T10:11:05.451Z</time>
      </trkpt>
      <trkpt lat="50.689049" lon="8.303557">
        <ele>206.915241</ele>
        <time>2026-08-09T10:11:20.913Z</time>
      </trkpt>
      <trkpt lat="50.689281" lon="8.303387">
        <ele>207.268826</ele>
        <time>2026-08-09T10:11:32.439Z</time>
      </trkpt>
      <trkpt lat="50.689670" lon="8.303009">
        <ele>207.900298</ele>
        <time>2026-08-09T10:11:52.537Z</time>
      </trkpt>
      <trkpt lat="50.690110" lon="8.302704">
        <ele>208.564610</ele>
        <time>2026-08-09T10:12:12.126Z</time>
      </trkpt>
      <trkpt lat="50.690273" lon="8.302632">
        <ele>208.798594</ele>
        <time>2026-08-09T10:12:18.264Z</time>
      </trkpt>
      <trkpt lat="50.690563" lon="8.302529">
        <ele>209.127734</ele>
        <time>2026-08-09T10:12:28.135Z</time>
      </trkpt>
      <trkpt lat="50.691027" lon="8.302428">
        <ele>208.592609</ele>
        <time>2026-08-09T10:12:42.652Z</time>
      </trkpt>
      <trkpt lat="50.691452" lon="8.302510">
        <ele>208.103443</ele>
        <time>2026-08-09T10:12:55.421Z</time>
      </trkpt>
      <trkpt lat="50.692061" lon="8.302799">
        <ele>207.376915</ele>
        <time>2026-08-09T10:13:14.260Z</time>
      </trkpt>
      <trkpt lat="50.692582" lon="8.303106">
        <ele>207.127888</ele>
        <time>2026-08-09T10:13:31.542Z</time>
      </trkpt>
      <trkpt lat="50.692887" lon="8.303355">
        <ele>207.147127</ele>
        <time>2026-08-09T10:13:42.850Z</time>
      </trkpt>
      <trkpt lat="50.693157" lon="8.303649">
        <ele>207.165504</ele>
        <time>2026-08-09T10:13:54.240Z</time>
      </trkpt>
      <trkpt lat="50.693553" lon="8.304317">
        <ele>207.197975</ele>
        <time>2026-08-09T10:14:15.492Z</time>
      </trkpt>
      <trkpt lat="50.693607" lon="8.304319">
        <ele>207.201001</ele>
        <time>2026-08-09T10:14:17.533Z</time>
      </trkpt>
      <trkpt lat="50.693636" lon="8.304251">
        <ele>207.203911</ele>
        <time>2026-08-09T10:14:19.497Z</time>
      </trkpt>
      <trkpt lat="50.694523" lon="8.305245">
        <ele>207.819070</ele>
        <time>2026-08-09T10:14:44.528Z</time>
      </trkpt>
      <trkpt lat="50.694626" lon="8.305503">
        <ele>207.940458</ele>
        <time>2026-08-09T10:14:48.822Z</time>
      </trkpt>
      <trkpt lat="50.694681" lon="8.305537">
        <ele>207.977574</ele>
        <time>2026-08-09T10:14:50.100Z</time>
      </trkpt>
      <trkpt lat="50.695401" lon="8.305983">
        <ele>208.424455</ele>
        <time>2026-08-09T10:15:06.179Z</time>
      </trkpt>
      <trkpt lat="50.696715" lon="8.307110">
        <ele>209.064652</ele>
        <time>2026-08-09T10:15:36.925Z</time>
      </trkpt>
      <trkpt lat="50.696896" lon="8.307179">
        <ele>209.171024</ele>
        <time>2026-08-09T10:15:41.150Z</time>
      </trkpt>
      <trkpt lat="50.697088" lon="8.307174">
        <ele>209.318572</ele>
        <time>2026-08-09T10:15:45.690Z</time>
      </trkpt>
      <trkpt lat="50.697338" lon="8.307062">
        <ele>209.518252</ele>
        <time>2026-08-09T10:15:52.092Z</time>
      </trkpt>
      <trkpt lat="50.697543" lon="8.307142">
        <ele>209.680510</ele>
        <time>2026-08-09T10:15:57.434Z</time>
      </trkpt>
      <trkpt lat="50.697611" lon="8.307114">
        <ele>209.734508</ele>
        <time>2026-08-09T10:15:59.123Z</time>
      </trkpt>
      <trkpt lat="50.697650" lon="8.307057">
        <ele>209.775344</ele>
        <time>2026-08-09T10:16:00.441Z</time>
      </trkpt>
      <trkpt lat="50.697702" lon="8.306832">
        <ele>209.891913</ele>
        <time>2026-08-09T10:16:04.072Z</time>
      </trkpt>
      <trkpt lat="50.697685" lon="8.306725">
        <ele>209.945603</ele>
        <time>2026-08-09T10:16:05.702Z</time>
      </trkpt>
      <trkpt lat="50.697640" lon="8.306610">
        <ele>210.011393</ele>
        <time>2026-08-09T10:16:07.674Z</time>
      </trkpt>
      <trkpt lat="50.697404" lon="8.306481">
        <ele>210.203291</ele>
        <time>2026-08-09T10:16:13.102Z</time>
      </trkpt>
      <trkpt lat="50.697345" lon="8.306386">
        <ele>210.268045</ele>
        <time>2026-08-09T10:16:14.875Z</time>
      </trkpt>
      <trkpt lat="50.697387" lon="8.305898">
        <ele>210.511354</ele>
        <time>2026-08-09T10:16:20.616Z</time>
      </trkpt>
      <trkpt lat="50.697959" lon="8.305948">
        <ele>211.058550</ele>
        <time>2026-08-09T10:16:31.674Z</time>
      </trkpt>
      <trkpt lat="50.698102" lon="8.305960">
        <ele>211.195332</ele>
        <time>2026-08-09T10:16:34.539Z</time>
      </trkpt>
      <trkpt lat="50.698174" lon="8.305969">
        <ele>211.264320</ele>
        <time>2026-08-09T10:16:35.978Z</time>
      </trkpt>
      <trkpt lat="50.698288" lon="8.305975">
        <ele>211.373270</ele>
        <time>2026-08-09T10:16:38.335Z</time>
      </trkpt>
      <trkpt lat="50.698558" lon="8.306057">
        <ele>211.635896</ele>
        <time>2026-08-09T10:16:44.363Z</time>
      </trkpt>
      <trkpt lat="50.698711" lon="8.306140">
        <ele>211.790424</ele>
        <time>2026-08-09T10:16:48.182Z</time>
      </trkpt>
      <trkpt lat="50.699170" lon="8.306517">
        <ele>212.270228</ele>
        <time>2026-08-09T10:17:02.001Z</time>
      </trkpt>
      <trkpt lat="50.699235" lon="8.306564">
        <ele>212.325181</ele>
        <time>2026-08-09T10:17:04.139Z</time>
      </trkpt>
      <trkpt lat="50.699302" lon="8.306539">
        <ele>212.378098</ele>
        <time>2026-08-09T10:17:06.096Z</time>
      </trkpt>
      <trkpt lat="50.699374" lon="8.306482">
        <ele>212.440008</ele>
        <time>2026-08-09T10:17:08.288Z</time>
      </trkpt>
      <trkpt lat="50.699700" lon="8.306408">
        <ele>212.693162</ele>
        <time>2026-08-09T10:17:16.479Z</time>
      </trkpt>
      <trkpt lat="50.700272" lon="8.306092">
        <ele>213.158964</ele>
        <time>2026-08-09T10:17:28.266Z</time>
      </trkpt>
      <trkpt lat="50.701048" lon="8.305628">
        <ele>214.117760</ele>
        <time>2026-08-09T10:17:41.571Z</time>
      </trkpt>
      <trkpt lat="50.701168" lon="8.305559">
        <ele>214.370855</ele>
        <time>2026-08-09T10:17:43.561Z</time>
      </trkpt>
      <trkpt lat="50.702155" lon="8.304988">
        <ele>216.454053</ele>
        <time>2026-08-09T10:18:09.214Z</time>
      </trkpt>
      <trkpt lat="50.702339" lon="8.304836">
        <ele>216.865596</ele>
        <time>2026-08-09T10:18:16.932Z</time>
      </trkpt>
      <trkpt lat="50.702873" lon="8.304204">
        <ele>219.803813</ele>
        <time>2026-08-09T10:18:44.563Z</time>
      </trkpt>
      <trkpt lat="50.704038" lon="8.302664">
        <ele>226.294652</ele>
        <time>2026-08-09T10:19:49.139Z</time>
      </trkpt>
      <trkpt lat="50.704293" lon="8.302374">
        <ele>226.271457</ele>
        <time>2026-08-09T10:19:57.875Z</time>
      </trkpt>
      <trkpt lat="50.704565" lon="8.302176">
        <ele>226.249350</ele>
        <time>2026-08-09T10:20:03.567Z</time>
      </trkpt>
      <trkpt lat="50.704784" lon="8.302073">
        <ele>226.232484</ele>
        <time>2026-08-09T10:20:06.853Z</time>
      </trkpt>
      <trkpt lat="50.705256" lon="8.302022">
        <ele>226.197564</ele>
        <time>2026-08-09T10:20:12.939Z</time>
      </trkpt>
      <trkpt lat="50.705500" lon="8.302055">
        <ele>226.172037</ele>
        <time>2026-08-09T10:20:15.895Z</time>
      </trkpt>
      <trkpt lat="50.705832" lon="8.302171">
        <ele>225.005899</ele>
        <time>2026-08-09T10:20:19.922Z</time>
      </trkpt>
      <trkpt lat="50.707879" lon="8.302968">
        <ele>219.000181</ele>
        <time>2026-08-09T10:20:46.290Z</time>
      </trkpt>
      <trkpt lat="50.709227" lon="8.303508">
        <ele>217.253976</ele>
        <time>2026-08-09T10:21:08.182Z</time>
      </trkpt>
      <trkpt lat="50.709384" lon="8.303563">
        <ele>217.275187</ele>
        <time>2026-08-09T10:21:10.988Z</time>
      </trkpt>
      <trkpt lat="50.709906" lon="8.303726">
        <ele>217.345368</ele>
        <time>2026-08-09T10:21:20.210Z</time>
      </trkpt>
      <trkpt lat="50.710794" lon="8.303867">
        <ele>217.501511</ele>
        <time>2026-08-09T10:21:36.200Z</time>
      </trkpt>
      <trkpt lat="50.712789" lon="8.304634">
        <ele>221.264221</ele>
        <time>2026-08-09T10:22:23.689Z</time>
      </trkpt>
      <trkpt lat="50.713151" lon="8.304740">
        <ele>222.965421</ele>
        <time>2026-08-09T10:22:37.544Z</time>
      </trkpt>
      <trkpt lat="50.713798" lon="8.304867">
        <ele>225.978012</ele>
        <time>2026-08-09T10:23:04.969Z</time>
      </trkpt>
      <trkpt lat="50.714394" lon="8.304885">
        <ele>228.566755</ele>
        <time>2026-08-09T10:23:32.712Z</time>
      </trkpt>
      <trkpt lat="50.714736" lon="8.304816">
        <ele>229.605074</ele>
        <time>2026-08-09T10:23:47.355Z</time>
      </trkpt>
      <trkpt lat="50.715067" lon="8.304667">
        <ele>230.641596</ele>
        <time>2026-08-09T10:23:59.381Z</time>
      </trkpt>
      <trkpt lat="50.715498" lon="8.304392">
        <ele>232.041494</ele>
        <time>2026-08-09T10:24:13.067Z</time>
      </trkpt>
      <trkpt lat="50.716152" lon="8.303821">
        <ele>233.713531</ele>
        <time>2026-08-09T10:24:27.156Z</time>
      </trkpt>
      <trkpt lat="50.716669" lon="8.303240">
        <ele>233.837637</ele>
        <time>2026-08-09T10:24:36.862Z</time>
      </trkpt>
      <trkpt lat="50.716814" lon="8.303194">
        <ele>233.866564</ele>
        <time>2026-08-09T10:24:39.193Z</time>
      </trkpt>
      <trkpt lat="50.716915" lon="8.303145">
        <ele>233.887230</ele>
        <time>2026-08-09T10:24:40.854Z</time>
      </trkpt>
      <trkpt lat="50.718328" lon="8.301938">
        <ele>234.999542</ele>
        <time>2026-08-09T10:25:14.592Z</time>
      </trkpt>
      <trkpt lat="50.718579" lon="8.301718">
        <ele>235.309893</ele>
        <time>2026-08-09T10:25:23.264Z</time>
      </trkpt>
      <trkpt lat="50.718793" lon="8.300945">
        <ele>235.887387</ele>
        <time>2026-08-09T10:25:36.579Z</time>
      </trkpt>
      <trkpt lat="50.718920" lon="8.300507">
        <ele>235.576705</ele>
        <time>2026-08-09T10:25:42.238Z</time>
      </trkpt>
      <trkpt lat="50.719051" lon="8.300221">
        <ele>235.192833</ele>
        <time>2026-08-09T10:25:45.660Z</time>
      </trkpt>
      <trkpt lat="50.719193" lon="8.300088">
        <ele>234.909273</ele>
        <time>2026-08-09T10:25:48.247Z</time>
      </trkpt>
      <trkpt lat="50.719175" lon="8.299949">
        <ele>234.754987</ele>
        <time>2026-08-09T10:25:49.644Z</time>
      </trkpt>
      <trkpt lat="50.719206" lon="8.299748">
        <ele>234.530017</ele>
        <time>2026-08-09T10:25:51.513Z</time>
      </trkpt>
      <trkpt lat="50.719293" lon="8.299451">
        <ele>234.174149</ele>
        <time>2026-08-09T10:25:54.202Z</time>
      </trkpt>
      <trkpt lat="50.719383" lon="8.299171">
        <ele>233.832668</ele>
        <time>2026-08-09T10:25:56.685Z</time>
      </trkpt>
      <trkpt lat="50.719514" lon="8.298939">
        <ele>233.494619</ele>
        <time>2026-08-09T10:25:59.082Z</time>
      </trkpt>
      <trkpt lat="50.719673" lon="8.298759">
        <ele>233.158616</ele>
        <time>2026-08-09T10:26:01.465Z</time>
      </trkpt>
      <trkpt lat="50.720007" lon="8.298628">
        <ele>232.997973</ele>
        <time>2026-08-09T10:26:05.934Z</time>
      </trkpt>
      <trkpt lat="50.720243" lon="8.298495">
        <ele>233.159741</ele>
        <time>2026-08-09T10:26:09.307Z</time>
      </trkpt>
      <trkpt lat="50.721017" lon="8.297771">
        <ele>233.740479</ele>
        <time>2026-08-09T10:26:26.110Z</time>
      </trkpt>
      <trkpt lat="50.721386" lon="8.297532">
        <ele>233.997953</ele>
        <time>2026-08-09T10:26:39.326Z</time>
      </trkpt>
      <trkpt lat="50.721755" lon="8.297303">
        <ele>235.453515</ele>
        <time>2026-08-09T10:26:54.799Z</time>
      </trkpt>
      <trkpt lat="50.722025" lon="8.297027">
        <ele>236.834159</ele>
        <time>2026-08-09T10:27:08.687Z</time>
      </trkpt>
      <trkpt lat="50.722195" lon="8.296754">
        <ele>237.874886</ele>
        <time>2026-08-09T10:27:19.642Z</time>
      </trkpt>
      <trkpt lat="50.722538" lon="8.296098">
        <ele>240.187201</ele>
        <time>2026-08-09T10:27:42.744Z</time>
      </trkpt>
      <trkpt lat="50.722837" lon="8.295413">
        <ele>240.963541</ele>
        <time>2026-08-09T10:28:01.922Z</time>
      </trkpt>
      <trkpt lat="50.723354" lon="8.294507">
        <ele>237.096824</ele>
        <time>2026-08-09T10:28:11.255Z</time>
      </trkpt>
      <trkpt lat="50.723651" lon="8.293809">
        <ele>234.430736</ele>
        <time>2026-08-09T10:28:16.911Z</time>
      </trkpt>
      <trkpt lat="50.723733" lon="8.293863">
        <ele>233.985864</ele>
        <time>2026-08-09T10:28:17.840Z</time>
      </trkpt>
      <trkpt lat="50.723814" lon="8.293855">
        <ele>233.579461</ele>
        <time>2026-08-09T10:28:18.702Z</time>
      </trkpt>
      <trkpt lat="50.723910" lon="8.293830">
        <ele>233.092248</ele>
        <time>2026-08-09T10:28:19.723Z</time>
      </trkpt>
      <trkpt lat="50.723948" lon="8.293817">
        <ele>232.897550</ele>
        <time>2026-08-09T10:28:20.135Z</time>
      </trkpt>
      <trkpt lat="50.723974" lon="8.293757">
        <ele>232.665497</ele>
        <time>2026-08-09T10:28:20.618Z</time>
      </trkpt>
      <trkpt lat="50.723993" lon="8.293722">
        <ele>232.516785</ele>
        <time>2026-08-09T10:28:20.925Z</time>
      </trkpt>
      <trkpt lat="50.724439" lon="8.293439">
        <ele>230.067955</ele>
        <time>2026-08-09T10:28:28.156Z</time>
      </trkpt>
      <trkpt lat="50.724870" lon="8.293250">
        <ele>227.788983</ele>
        <time>2026-08-09T10:28:35.335Z</time>
      </trkpt>
      <trkpt lat="50.725535" lon="8.293059">
        <ele>224.345282</ele>
        <time>2026-08-09T10:28:48.253Z</time>
      </trkpt>
      <trkpt lat="50.725900" lon="8.293016">
        <ele>223.520606</ele>
        <time>2026-08-09T10:28:55.870Z</time>
      </trkpt>
      <trkpt lat="50.726715" lon="8.292964">
        <ele>223.252785</ele>
        <time>2026-08-09T10:29:13.926Z</time>
      </trkpt>
      <trkpt lat="50.727264" lon="8.292905">
        <ele>223.072106</ele>
        <time>2026-08-09T10:29:26.746Z</time>
      </trkpt>
      <trkpt lat="50.727936" lon="8.292757">
        <ele>223.218961</ele>
        <time>2026-08-09T10:29:43.879Z</time>
      </trkpt>
      <trkpt lat="50.728875" lon="8.292480">
        <ele>223.666274</ele>
        <time>2026-08-09T10:30:08.278Z</time>
      </trkpt>
      <trkpt lat="50.731075" lon="8.291884">
        <ele>224.728936</ele>
        <time>2026-08-09T10:31:04.139Z</time>
      </trkpt>
      <trkpt lat="50.731464" lon="8.291782">
        <ele>225.131814</ele>
        <time>2026-08-09T10:31:14.776Z</time>
      </trkpt>
      <trkpt lat="50.733587" lon="8.291015">
        <ele>227.233291</ele>
        <time>2026-08-09T10:32:16.715Z</time>
      </trkpt>
      <trkpt lat="50.733691" lon="8.290878">
        <ele>227.351414</ele>
        <time>2026-08-09T10:32:20.361Z</time>
      </trkpt>
      <trkpt lat="50.733715" lon="8.290729">
        <ele>227.436305</ele>
        <time>2026-08-09T10:32:22.994Z</time>
      </trkpt>
      <trkpt lat="50.733755" lon="8.290731">
        <ele>227.471217</ele>
        <time>2026-08-09T10:32:24.031Z</time>
      </trkpt>
      <trkpt lat="50.733936" lon="8.290738">
        <ele>227.629163</ele>
        <time>2026-08-09T10:32:28.831Z</time>
      </trkpt>
      <trkpt lat="50.734084" lon="8.290725">
        <ele>227.758472</ele>
        <time>2026-08-09T10:32:32.693Z</time>
      </trkpt>
      <trkpt lat="50.734269" lon="8.290723">
        <ele>227.919863</ele>
        <time>2026-08-09T10:32:37.484Z</time>
      </trkpt>
      <trkpt lat="50.734715" lon="8.290720">
        <ele>228.183381</ele>
        <time>2026-08-09T10:32:46.207Z</time>
      </trkpt>
      <trkpt lat="50.734880" lon="8.290769">
        <ele>228.249358</ele>
        <time>2026-08-09T10:32:49.305Z</time>
      </trkpt>
      <trkpt lat="50.734871" lon="8.290283">
        <ele>228.370289</ele>
        <time>2026-08-09T10:32:56.718Z</time>
      </trkpt>
      <trkpt lat="50.735418" lon="8.290233">
        <ele>228.585610</ele>
        <time>2026-08-09T10:33:34.836Z</time>
      </trkpt>
      <trkpt lat="50.735693" lon="8.290209">
        <ele>228.693845</ele>
        <time>2026-08-09T10:33:53.980Z</time>
      </trkpt>
      <trkpt lat="50.735727" lon="8.290075">
        <ele>228.729751</ele>
        <time>2026-08-09T10:34:00.318Z</time>
      </trkpt>
      <trkpt lat="50.735724" lon="8.289932">
        <ele>228.765338</ele>
        <time>2026-08-09T10:34:06.580Z</time>
      </trkpt>
      <trkpt lat="50.735717" lon="8.289525">
        <ele>228.915084</ele>
        <time>2026-08-09T10:34:24.524Z</time>
      </trkpt>
      <trkpt lat="50.735714" lon="8.289379">
        <ele>228.973622</ele>
        <time>2026-08-09T10:34:30.941Z</time>
      </trkpt>
      <trkpt lat="50.735749" lon="8.289376">
        <ele>228.995816</ele>
        <time>2026-08-09T10:34:31.565Z</time>
      </trkpt>
      <trkpt lat="50.736194" lon="8.289339">
        <ele>229.277971</ele>
        <time>2026-08-09T10:34:40.205Z</time>
      </trkpt>
      <trkpt lat="50.736582" lon="8.289306">
        <ele>229.524000</ele>
        <time>2026-08-09T10:34:47.256Z</time>
      </trkpt>
      <trkpt lat="50.736961" lon="8.289269">
        <ele>229.764433</ele>
        <time>2026-08-09T10:35:00.248Z</time>
      </trkpt>
      <trkpt lat="50.737280" lon="8.289243">
        <ele>230.117612</ele>
        <time>2026-08-09T10:35:07.252Z</time>
      </trkpt>
      <trkpt lat="50.737328" lon="8.289623">
        <ele>230.851022</ele>
        <time>2026-08-09T10:35:14.587Z</time>
      </trkpt>
      <trkpt lat="50.737356" lon="8.289689">
        <ele>231.001410</ele>
        <time>2026-08-09T10:35:16.194Z</time>
      </trkpt>
      <trkpt lat="50.737434" lon="8.289748">
        <ele>231.260030</ele>
        <time>2026-08-09T10:35:18.931Z</time>
      </trkpt>
      <trkpt lat="50.737472" lon="8.289656">
        <ele>231.467960</ele>
        <time>2026-08-09T10:35:21.278Z</time>
      </trkpt>
      <trkpt lat="50.737632" lon="8.289550">
        <ele>231.986817</ele>
        <time>2026-08-09T10:35:27.095Z</time>
      </trkpt>
      <trkpt lat="50.737721" lon="8.289492">
        <ele>232.274732</ele>
        <time>2026-08-09T10:35:30.373Z</time>
      </trkpt>
      <trkpt lat="50.737815" lon="8.289512">
        <ele>232.558387</ele>
        <time>2026-08-09T10:35:33.665Z</time>
      </trkpt>
      <trkpt lat="50.737896" lon="8.289339">
        <ele>232.965686</ele>
        <time>2026-08-09T10:35:38.497Z</time>
      </trkpt>
      <trkpt lat="50.737915" lon="8.289275">
        <ele>233.099483</ele>
        <time>2026-08-09T10:35:40.048Z</time>
      </trkpt>
      <trkpt lat="50.737913" lon="8.289208">
        <ele>233.226433</ele>
        <time>2026-08-09T10:35:41.624Z</time>
      </trkpt>
      <trkpt lat="50.737759" lon="8.288722">
        <ele>234.255129</ele>
        <time>2026-08-09T10:35:54.539Z</time>
      </trkpt>
      <trkpt lat="50.738295" lon="8.288466">
        <ele>236.085884</ele>
        <time>2026-08-09T10:36:19.287Z</time>
      </trkpt>
      <trkpt lat="50.738390" lon="8.288420">
        <ele>236.457332</ele>
        <time>2026-08-09T10:36:23.945Z</time>
      </trkpt>
      <trkpt lat="50.738478" lon="8.288378">
        <ele>236.800990</ele>
        <time>2026-08-09T10:36:28.268Z</time>
      </trkpt>
      <trkpt lat="50.738538" lon="8.288341">
        <ele>237.041770</ele>
        <time>2026-08-09T10:36:31.216Z</time>
      </trkpt>
      <trkpt lat="50.738814" lon="8.288005">
        <ele>238.344277</ele>
        <time>2026-08-09T10:36:47.657Z</time>
      </trkpt>
      <trkpt lat="50.738921" lon="8.287725">
        <ele>239.118122</ele>
        <time>2026-08-09T10:36:56.584Z</time>
      </trkpt>
      <trkpt lat="50.739007" lon="8.287498">
        <ele>239.744051</ele>
        <time>2026-08-09T10:37:02.803Z</time>
      </trkpt>
      <trkpt lat="50.739125" lon="8.287186">
        <ele>240.603968</ele>
        <time>2026-08-09T10:37:10.324Z</time>
      </trkpt>
      <trkpt lat="50.739351" lon="8.286501">
        <ele>241.955850</ele>
        <time>2026-08-09T10:37:27.080Z</time>
      </trkpt>
      <trkpt lat="50.739443" lon="8.286240">
        <ele>241.826899</ele>
        <time>2026-08-09T10:37:32.234Z</time>
      </trkpt>
      <trkpt lat="50.739522" lon="8.285879">
        <ele>241.662028</ele>
        <time>2026-08-09T10:37:37.313Z</time>
      </trkpt>
      <trkpt lat="50.739540" lon="8.285715">
        <ele>241.590185</ele>
        <time>2026-08-09T10:37:39.291Z</time>
      </trkpt>
      <trkpt lat="50.739536" lon="8.285603">
        <ele>241.541766</ele>
        <time>2026-08-09T10:37:40.694Z</time>
      </trkpt>
      <trkpt lat="50.739461" lon="8.285121">
        <ele>241.327526</ele>
        <time>2026-08-09T10:37:46.221Z</time>
      </trkpt>
      <trkpt lat="50.739443" lon="8.285015">
        <ele>241.280155</ele>
        <time>2026-08-09T10:37:47.336Z</time>
      </trkpt>
      <trkpt lat="50.739437" lon="8.284965">
        <ele>241.258189</ele>
        <time>2026-08-09T10:37:47.902Z</time>
      </trkpt>
      <trkpt lat="50.739419" lon="8.284637">
        <ele>241.116084</ele>
        <time>2026-08-09T10:37:51.371Z</time>
      </trkpt>
      <trkpt lat="50.739403" lon="8.284334">
        <ele>240.984847</ele>
        <time>2026-08-09T10:37:54.846Z</time>
      </trkpt>
      <trkpt lat="50.739462" lon="8.284310">
        <ele>240.943294</ele>
        <time>2026-08-09T10:37:55.898Z</time>
      </trkpt>
      <trkpt lat="50.739585" lon="8.284136">
        <ele>240.830697</ele>
        <time>2026-08-09T10:37:59.132Z</time>
      </trkpt>
      <trkpt lat="50.739687" lon="8.283981">
        <ele>240.903724</ele>
        <time>2026-08-09T10:38:02.450Z</time>
      </trkpt>
      <trkpt lat="50.739851" lon="8.283667">
        <ele>241.164038</ele>
        <time>2026-08-09T10:38:08.042Z</time>
      </trkpt>
      <trkpt lat="50.739900" lon="8.283521">
        <ele>241.269704</ele>
        <time>2026-08-09T10:38:10.409Z</time>
      </trkpt>
      <trkpt lat="50.739947" lon="8.283464">
        <ele>241.329564</ele>
        <time>2026-08-09T10:38:11.656Z</time>
      </trkpt>
      <trkpt lat="50.739944" lon="8.283373">
        <ele>241.387827</ele>
        <time>2026-08-09T10:38:13.126Z</time>
      </trkpt>
      <trkpt lat="50.739910" lon="8.283259">
        <ele>241.468407</ele>
        <time>2026-08-09T10:38:15.031Z</time>
      </trkpt>
      <trkpt lat="50.739848" lon="8.282987">
        <ele>241.653258</ele>
        <time>2026-08-09T10:38:19.645Z</time>
      </trkpt>
      <trkpt lat="50.739801" lon="8.282646">
        <ele>241.876401</ele>
        <time>2026-08-09T10:38:25.611Z</time>
      </trkpt>
      <trkpt lat="50.739829" lon="8.282361">
        <ele>242.060810</ele>
        <time>2026-08-09T10:38:30.386Z</time>
      </trkpt>
      <trkpt lat="50.740100" lon="8.281662">
        <ele>242.584945</ele>
        <time>2026-08-09T10:38:43.985Z</time>
      </trkpt>
      <trkpt lat="50.740205" lon="8.281595">
        <ele>242.469765</ele>
        <time>2026-08-09T10:38:46.184Z</time>
      </trkpt>
      <trkpt lat="50.740232" lon="8.281543">
        <ele>242.388721</ele>
        <time>2026-08-09T10:38:47.031Z</time>
      </trkpt>
      <trkpt lat="50.740304" lon="8.281193">
        <ele>241.945292</ele>
        <time>2026-08-09T10:38:50.571Z</time>
      </trkpt>
      <trkpt lat="50.740465" lon="8.280696">
        <ele>241.272572</ele>
        <time>2026-08-09T10:38:55.466Z</time>
      </trkpt>
      <trkpt lat="50.740635" lon="8.280269">
        <ele>240.664747</ele>
        <time>2026-08-09T10:38:59.764Z</time>
      </trkpt>
      <trkpt lat="50.740789" lon="8.279701">
        <ele>239.920217</ele>
        <time>2026-08-09T10:39:04.801Z</time>
      </trkpt>
      <trkpt lat="50.740841" lon="8.279424">
        <ele>239.572094</ele>
        <time>2026-08-09T10:39:07.046Z</time>
      </trkpt>
      <trkpt lat="50.740836" lon="8.279308">
        <ele>239.432006</ele>
        <time>2026-08-09T10:39:07.942Z</time>
      </trkpt>
      <trkpt lat="50.740806" lon="8.279006">
        <ele>238.955348</ele>
        <time>2026-08-09T10:39:10.290Z</time>
      </trkpt>
      <trkpt lat="50.740826" lon="8.278889">
        <ele>238.689103</ele>
        <time>2026-08-09T10:39:11.212Z</time>
      </trkpt>
      <trkpt lat="50.740859" lon="8.278787">
        <ele>238.437438</ele>
        <time>2026-08-09T10:39:12.092Z</time>
      </trkpt>
      <trkpt lat="50.740927" lon="8.278598">
        <ele>237.959817</ele>
        <time>2026-08-09T10:39:13.774Z</time>
      </trkpt>
      <trkpt lat="50.741001" lon="8.278394">
        <ele>237.443253</ele>
        <time>2026-08-09T10:39:15.613Z</time>
      </trkpt>
      <trkpt lat="50.741072" lon="8.278193">
        <ele>236.937554</ele>
        <time>2026-08-09T10:39:17.418Z</time>
      </trkpt>
      <trkpt lat="50.741140" lon="8.278001">
        <ele>236.454195</ele>
        <time>2026-08-09T10:39:19.163Z</time>
      </trkpt>
      <trkpt lat="50.741196" lon="8.277843">
        <ele>236.056361</ele>
        <time>2026-08-09T10:39:20.581Z</time>
      </trkpt>
      <trkpt lat="50.741614" lon="8.278205">
        <ele>234.401649</ele>
        <time>2026-08-09T10:39:28.833Z</time>
      </trkpt>
      <trkpt lat="50.742224" lon="8.278629">
        <ele>232.778652</ele>
        <time>2026-08-09T10:39:37.128Z</time>
      </trkpt>
      <trkpt lat="50.742421" lon="8.278741">
        <ele>232.633271</ele>
        <time>2026-08-09T10:39:44.037Z</time>
      </trkpt>
      <trkpt lat="50.742585" lon="8.278427">
        <ele>232.454365</ele>
        <time>2026-08-09T10:39:48.337Z</time>
      </trkpt>
      <trkpt lat="50.742794" lon="8.278535">
        <ele>232.301673</ele>
        <time>2026-08-09T10:39:52.279Z</time>
      </trkpt>
      <trkpt lat="50.742848" lon="8.278565">
        <ele>232.261926</ele>
        <time>2026-08-09T10:39:53.312Z</time>
      </trkpt>
      <trkpt lat="50.743069" lon="8.277651">
        <ele>231.831977</ele>
        <time>2026-08-09T10:40:04.909Z</time>
      </trkpt>
      <trkpt lat="50.743131" lon="8.277295">
        <ele>231.751649</ele>
        <time>2026-08-09T10:40:10.002Z</time>
      </trkpt>
      <trkpt lat="50.743173" lon="8.276851">
        <ele>232.050439</ele>
        <time>2026-08-09T10:40:16.678Z</time>
      </trkpt>
      <trkpt lat="50.743186" lon="8.276402">
        <ele>232.349586</ele>
        <time>2026-08-09T10:40:23.470Z</time>
      </trkpt>
      <trkpt lat="50.743261" lon="8.276217">
        <ele>232.495815</ele>
        <time>2026-08-09T10:40:26.751Z</time>
      </trkpt>
      <trkpt lat="50.743306" lon="8.276159">
        <ele>232.556890</ele>
        <time>2026-08-09T10:40:28.119Z</time>
      </trkpt>
      <trkpt lat="50.743275" lon="8.276022">
        <ele>232.653725</ele>
        <time>2026-08-09T10:40:30.249Z</time>
      </trkpt>
      <trkpt lat="50.743313" lon="8.275699">
        <ele>232.872383</ele>
        <time>2026-08-09T10:40:35.000Z</time>
      </trkpt>
      <trkpt lat="50.743395" lon="8.275512">
        <ele>233.023803</ele>
        <time>2026-08-09T10:40:38.215Z</time>
      </trkpt>
      <trkpt lat="50.743483" lon="8.275403">
        <ele>233.141401</ele>
        <time>2026-08-09T10:40:40.693Z</time>
      </trkpt>
      <trkpt lat="50.743687" lon="8.275222">
        <ele>233.387466</ele>
        <time>2026-08-09T10:40:45.716Z</time>
      </trkpt>
      <trkpt lat="50.743609" lon="8.274824">
        <ele>233.604088</ele>
        <time>2026-08-09T10:40:51.007Z</time>
      </trkpt>
      <trkpt lat="50.743610" lon="8.274484">
        <ele>233.636184</ele>
        <time>2026-08-09T10:40:55.012Z</time>
      </trkpt>
      <trkpt lat="50.743610" lon="8.274455">
        <ele>233.638922</ele>
        <time>2026-08-09T10:40:55.338Z</time>
      </trkpt>
      <trkpt lat="50.743634" lon="8.274326">
        <ele>233.651615</ele>
        <time>2026-08-09T10:40:56.830Z</time>
      </trkpt>
      <trkpt lat="50.744437" lon="8.272452">
        <ele>233.877418</ele>
        <time>2026-08-09T10:41:20.531Z</time>
      </trkpt>
      <trkpt lat="50.745101" lon="8.270663">
        <ele>234.899205</ele>
        <time>2026-08-09T10:41:48.745Z</time>
      </trkpt>
      <trkpt lat="50.745358" lon="8.270186">
        <ele>235.207845</ele>
        <time>2026-08-09T10:41:57.216Z</time>
      </trkpt>
      <trkpt lat="50.745433" lon="8.269967">
        <ele>235.299748</ele>
        <time>2026-08-09T10:42:00.506Z</time>
      </trkpt>
      <trkpt lat="50.745469" lon="8.269815">
        <ele>235.343404</ele>
        <time>2026-08-09T10:42:02.626Z</time>
      </trkpt>
      <trkpt lat="50.745476" lon="8.269499">
        <ele>235.428456</ele>
        <time>2026-08-09T10:42:06.732Z</time>
      </trkpt>
      <trkpt lat="50.745424" lon="8.269239">
        <ele>235.501803</ele>
        <time>2026-08-09T10:42:10.215Z</time>
      </trkpt>
      <trkpt lat="50.745295" lon="8.268799">
        <ele>235.632244</ele>
        <time>2026-08-09T10:42:16.283Z</time>
      </trkpt>
      <trkpt lat="50.745258" lon="8.268605">
        <ele>235.686746</ele>
        <time>2026-08-09T10:42:18.699Z</time>
      </trkpt>
      <trkpt lat="50.745257" lon="8.268439">
        <ele>235.731400</ele>
        <time>2026-08-09T10:42:20.600Z</time>
      </trkpt>
      <trkpt lat="50.745382" lon="8.267341">
        <ele>236.032078</ele>
        <time>2026-08-09T10:42:32.790Z</time>
      </trkpt>
      <trkpt lat="50.745486" lon="8.266130">
        <ele>236.407322</ele>
        <time>2026-08-09T10:42:46.501Z</time>
      </trkpt>
      <trkpt lat="50.744725" lon="8.265944">
        <ele>236.780984</ele>
        <time>2026-08-09T10:43:01.030Z</time>
      </trkpt>
      <trkpt lat="50.744575" lon="8.264982">
        <ele>237.680020</ele>
        <time>2026-08-09T10:43:15.324Z</time>
      </trkpt>
      <trkpt lat="50.744496" lon="8.264667">
        <ele>238.118417</ele>
        <time>2026-08-09T10:43:21.051Z</time>
      </trkpt>
      <trkpt lat="50.744179" lon="8.263760">
        <ele>239.459022</ele>
        <time>2026-08-09T10:43:39.851Z</time>
      </trkpt>
      <trkpt lat="50.744095" lon="8.263343">
        <ele>240.025230</ele>
        <time>2026-08-09T10:43:48.023Z</time>
      </trkpt>
      <trkpt lat="50.744006" lon="8.262563">
        <ele>240.761759</ele>
        <time>2026-08-09T10:44:01.859Z</time>
      </trkpt>
      <trkpt lat="50.743995" lon="8.262307">
        <ele>240.890925</ele>
        <time>2026-08-09T10:44:05.903Z</time>
      </trkpt>
      <trkpt lat="50.744033" lon="8.261857">
        <ele>241.119461</ele>
        <time>2026-08-09T10:44:12.528Z</time>
      </trkpt>
      <trkpt lat="50.744129" lon="8.261410">
        <ele>241.357085</ele>
        <time>2026-08-09T10:44:18.394Z</time>
      </trkpt>
      <trkpt lat="50.744483" lon="8.260027">
        <ele>242.000888</ele>
        <time>2026-08-09T10:44:34.303Z</time>
      </trkpt>
      <trkpt lat="50.745192" lon="8.257769">
        <ele>241.902411</ele>
        <time>2026-08-09T10:45:00.839Z</time>
      </trkpt>
      <trkpt lat="50.745499" lon="8.256620">
        <ele>242.546673</ele>
        <time>2026-08-09T10:45:15.451Z</time>
      </trkpt>
      <trkpt lat="50.745551" lon="8.256504">
        <ele>242.628838</ele>
        <time>2026-08-09T10:45:17.266Z</time>
      </trkpt>
      <trkpt lat="50.745746" lon="8.256346">
        <ele>242.828998</ele>
        <time>2026-08-09T10:45:21.800Z</time>
      </trkpt>
      <trkpt lat="50.745822" lon="8.256223">
        <ele>242.928360</ele>
        <time>2026-08-09T10:45:23.998Z</time>
      </trkpt>
      <trkpt lat="50.745918" lon="8.255404">
        <ele>243.409770</ele>
        <time>2026-08-09T10:45:36.114Z</time>
      </trkpt>
      <trkpt lat="50.745920" lon="8.254667">
        <ele>243.998038</ele>
        <time>2026-08-09T10:45:49.528Z</time>
      </trkpt>
      <trkpt lat="50.746005" lon="8.254370">
        <ele>244.289990</ele>
        <time>2026-08-09T10:45:55.418Z</time>
      </trkpt>
      <trkpt lat="50.746143" lon="8.253656">
        <ele>244.958649</ele>
        <time>2026-08-09T10:46:07.279Z</time>
      </trkpt>
      <trkpt lat="50.746181" lon="8.253422">
        <ele>245.175022</ele>
        <time>2026-08-09T10:46:10.642Z</time>
      </trkpt>
      <trkpt lat="50.746225" lon="8.253175">
        <ele>245.404846</ele>
        <time>2026-08-09T10:46:14.064Z</time>
      </trkpt>
      <trkpt lat="50.746421" lon="8.252585">
        <ele>246.001675</ele>
        <time>2026-08-09T10:46:22.457Z</time>
      </trkpt>
      <trkpt lat="50.746561" lon="8.252337">
        <ele>246.584825</ele>
        <time>2026-08-09T10:46:26.023Z</time>
      </trkpt>
      <trkpt lat="50.746621" lon="8.252030">
        <ele>247.258362</ele>
        <time>2026-08-09T10:46:29.418Z</time>
      </trkpt>
      <trkpt lat="50.746670" lon="8.251398">
        <ele>248.593078</ele>
        <time>2026-08-09T10:46:38.531Z</time>
      </trkpt>
      <trkpt lat="50.746662" lon="8.251256">
        <ele>248.891918</ele>
        <time>2026-08-09T10:46:40.848Z</time>
      </trkpt>
      <trkpt lat="50.746618" lon="8.250597">
        <ele>250.280993</ele>
        <time>2026-08-09T10:46:54.815Z</time>
      </trkpt>
      <trkpt lat="50.746480" lon="8.250624">
        <ele>250.741658</ele>
        <time>2026-08-09T10:47:00.895Z</time>
      </trkpt>
      <trkpt lat="50.746434" lon="8.250631">
        <ele>250.894755</ele>
        <time>2026-08-09T10:47:03.049Z</time>
      </trkpt>
      <trkpt lat="50.746177" lon="8.250674">
        <ele>251.750918</ele>
        <time>2026-08-09T10:47:15.283Z</time>
      </trkpt>
      <trkpt lat="50.746124" lon="8.250694">
        <ele>251.931436</ele>
        <time>2026-08-09T10:47:17.898Z</time>
      </trkpt>
      <trkpt lat="50.745986" lon="8.250572">
        <ele>252.739908</ele>
        <time>2026-08-09T10:47:25.637Z</time>
      </trkpt>
      <trkpt lat="50.745739" lon="8.249615">
        <ele>256.409628</ele>
        <time>2026-08-09T10:47:59.194Z</time>
      </trkpt>
      <trkpt lat="50.745100" lon="8.248318">
        <ele>262.147105</ele>
        <time>2026-08-09T10:48:42.130Z</time>
      </trkpt>
      <trkpt lat="50.744156" lon="8.247200">
        <ele>262.720689</ele>
        <time>2026-08-09T10:49:07.635Z</time>
      </trkpt>
      <trkpt lat="50.744118" lon="8.247156">
        <ele>262.743594</ele>
        <time>2026-08-09T10:49:08.407Z</time>
      </trkpt>
      <trkpt lat="50.744055" lon="8.246945">
        <ele>262.815378</ele>
        <time>2026-08-09T10:49:10.515Z</time>
      </trkpt>
      <trkpt lat="50.743723" lon="8.246449">
        <ele>262.965122</ele>
        <time>2026-08-09T10:49:16.540Z</time>
      </trkpt>
      <trkpt lat="50.742959" lon="8.244832">
        <ele>261.806492</ele>
        <time>2026-08-09T10:49:33.533Z</time>
      </trkpt>
      <trkpt lat="50.742232" lon="8.243227">
        <ele>262.569263</ele>
        <time>2026-08-09T10:50:07.584Z</time>
      </trkpt>
      <trkpt lat="50.741005" lon="8.240409">
        <ele>264.181269</ele>
        <time>2026-08-09T10:50:56.276Z</time>
      </trkpt>
      <trkpt lat="50.740374" lon="8.238418">
        <ele>264.162888</ele>
        <time>2026-08-09T10:51:15.581Z</time>
      </trkpt>
      <trkpt lat="50.739371" lon="8.236076">
        <ele>265.226903</ele>
        <time>2026-08-09T10:51:55.809Z</time>
      </trkpt>
      <trkpt lat="50.739278" lon="8.235914">
        <ele>265.437133</ele>
        <time>2026-08-09T10:51:59.956Z</time>
      </trkpt>
      <trkpt lat="50.738982" lon="8.235601">
        <ele>265.978073</ele>
        <time>2026-08-09T10:52:10.572Z</time>
      </trkpt>
      <trkpt lat="50.738886" lon="8.235423">
        <ele>266.202862</ele>
        <time>2026-08-09T10:52:14.709Z</time>
      </trkpt>
      <trkpt lat="50.738691" lon="8.234782">
        <ele>266.832459</ele>
        <time>2026-08-09T10:52:25.933Z</time>
      </trkpt>
      <trkpt lat="50.738565" lon="8.234207">
        <ele>266.907765</ele>
        <time>2026-08-09T10:52:32.052Z</time>
      </trkpt>
      <trkpt lat="50.738484" lon="8.233415">
        <ele>267.007054</ele>
        <time>2026-08-09T10:52:38.878Z</time>
      </trkpt>
      <trkpt lat="50.738480" lon="8.233010">
        <ele>267.057183</ele>
        <time>2026-08-09T10:52:42.938Z</time>
      </trkpt>
      <trkpt lat="50.738557" lon="8.232768">
        <ele>267.090705</ele>
        <time>2026-08-09T10:52:45.756Z</time>
      </trkpt>
      <trkpt lat="50.738763" lon="8.232564">
        <ele>267.138247</ele>
        <time>2026-08-09T10:52:50.354Z</time>
      </trkpt>
      <trkpt lat="50.738760" lon="8.232450">
        <ele>267.152367</ele>
        <time>2026-08-09T10:52:51.930Z</time>
      </trkpt>
      <trkpt lat="50.738382" lon="8.232447">
        <ele>268.841773</ele>
        <time>2026-08-09T10:53:02.510Z</time>
      </trkpt>
      <trkpt lat="50.738113" lon="8.232444">
        <ele>270.591454</ele>
        <time>2026-08-09T10:53:11.702Z</time>
      </trkpt>
      <trkpt lat="50.737967" lon="8.232499">
        <ele>271.567685</ele>
        <time>2026-08-09T10:53:17.773Z</time>
      </trkpt>
      <trkpt lat="50.737734" lon="8.232406">
        <ele>273.130773</ele>
        <time>2026-08-09T10:53:29.738Z</time>
      </trkpt>
      <trkpt lat="50.737557" lon="8.232213">
        <ele>274.529533</ele>
        <time>2026-08-09T10:53:42.713Z</time>
      </trkpt>
      <trkpt lat="50.737511" lon="8.232133">
        <ele>274.974462</ele>
        <time>2026-08-09T10:53:46.767Z</time>
      </trkpt>
      <trkpt lat="50.737442" lon="8.231977">
        <ele>275.757898</ele>
        <time>2026-08-09T10:53:53.869Z</time>
      </trkpt>
      <trkpt lat="50.737397" lon="8.231781">
        <ele>276.616156</ele>
        <time>2026-08-09T10:54:01.342Z</time>
      </trkpt>
      <trkpt lat="50.737398" lon="8.231444">
        <ele>278.003386</ele>
        <time>2026-08-09T10:54:13.597Z</time>
      </trkpt>
      <trkpt lat="50.737434" lon="8.231203">
        <ele>279.060128</ele>
        <time>2026-08-09T10:54:22.897Z</time>
      </trkpt>
      <trkpt lat="50.737868" lon="8.229321">
        <ele>289.395412</ele>
        <time>2026-08-09T10:55:38.140Z</time>
      </trkpt>
      <trkpt lat="50.738087" lon="8.228491">
        <ele>293.583661</ele>
        <time>2026-08-09T10:56:05.750Z</time>
      </trkpt>
      <trkpt lat="50.738397" lon="8.227447">
        <ele>294.116233</ele>
        <time>2026-08-09T10:56:28.645Z</time>
      </trkpt>
      <trkpt lat="50.738667" lon="8.226657">
        <ele>294.530871</ele>
        <time>2026-08-09T10:56:37.357Z</time>
      </trkpt>
      <trkpt lat="50.739484" lon="8.224370">
        <ele>291.190481</ele>
        <time>2026-08-09T10:56:57.700Z</time>
      </trkpt>
      <trkpt lat="50.739553" lon="8.224165">
        <ele>290.750305</ele>
        <time>2026-08-09T10:56:59.604Z</time>
      </trkpt>
      <trkpt lat="50.739848" lon="8.223352">
        <ele>289.463795</ele>
        <time>2026-08-09T10:57:07.703Z</time>
      </trkpt>
      <trkpt lat="50.740028" lon="8.222858">
        <ele>289.463795</ele>
        <time>2026-08-09T10:57:13.076Z</time>
      </trkpt>
      <trkpt lat="50.740107" lon="8.222643">
        <ele>289.463795</ele>
        <time>2026-08-09T10:57:15.577Z</time>
      </trkpt>
      <trkpt lat="50.740200" lon="8.222302">
        <ele>289.463795</ele>
        <time>2026-08-09T10:57:19.630Z</time>
      </trkpt>
    </trkseg>
  </trk>
</gpx>