<?xml version='1.0' encoding='UTF-8'?>
<gpx version="1.1" creator="https://www.komoot.de" xmlns="http://www.topografix.com/GPX/1/1" xmlns:xsi="http://www.w3.org/2001/XMLSchema-instance" xsi:schemaLocation="http://www.topografix.com/GPX/1/1 http://www.topografix.com/GPX/1/1/gpx.xsd">
  <metadata>
    <name>⭐️ 🏡 Fuchskaute - Ulmtalradweg</name>
    <author>
      <link href="https://www.komoot.de">
        <text>komoot</text>
        <type>text/html</type>
      </link>
    </author>
  </metadata>
  <wpt lat="50.726597" lon="8.163947">
    <name>View of Flammersbach</name>
    <sym>Flag, Blue</sym>
  </wpt>
  <wpt lat="50.694748" lon="8.137240">
    <name>Rooty singletrack trail in Westerwald</name>
    <sym>Flag, Blue</sym>
  </wpt>
  <wpt lat="50.667645" lon="8.123632">
    <name>Solitary Maple Tree Near Fuchskaute</name>
    <sym>Flag, Blue</sym>
  </wpt>
  <wpt lat="50.658592" lon="8.102373">
    <name>Fuchskaute</name>
    <sym>Summit</sym>
  </wpt>
  <wpt lat="50.653609" lon="8.104045">
    <name>View of the Westerwald</name>
    <sym>Flag, Blue</sym>
  </wpt>
  <wpt lat="50.622539" lon="8.130015">
    <name>Krombach Reservoir</name>
    <sym>Flag, Blue</sym>
  </wpt>
  <wpt lat="50.604986" lon="8.225250">
    <name>View of Beilstein</name>
    <sym>Flag, Blue</sym>
  </wpt>
  <wpt lat="50.607715" lon="8.257039">
    <name>Ulmtal Cycle Path</name>
    <sym>Flag, Blue</sym>
  </wpt>
  <wpt lat="50.597220" lon="8.266242">
    <name>View of the Ulmbach Dam</name>
    <sym>Flag, Blue</sym>
  </wpt>
  <wpt lat="50.546386" lon="8.343365">
    <name>New Cycle Path from Tiefenbach to Leun</name>
    <sym>Flag, Blue</sym>
  </wpt>
  <wpt lat="50.514202" lon="8.404602">
    <name>Attenbach Trail</name>
    <sym>Flag, Blue</sym>
  </wpt>
  <wpt lat="50.475524" lon="8.446462">
    <name>Bike path between Niederquembach and Kraftsolms</name>
    <sym>Flag, Blue</sym>
  </wpt>
  <trk>
    <name>⭐️ 🏡 Fuchskaute - Ulmtalradweg</name>
    <type>mtb_easy</type>
    <trkseg>
      <trkpt lat="50.740206" lon="8.222277">
        <ele>290.867691</ele>
        <time>2026-08-09T07:24:19.596Z</time>
      </trkpt>
      <trkpt lat="50.740274" lon="8.222029">
        <ele>290.867691</ele>
        <time>2026-08-09T07:24:23.649Z</time>
      </trkpt>
      <trkpt lat="50.740448" lon="8.221148">
        <ele>290.867691</ele>
        <time>2026-08-09T07:24:39.296Z</time>
      </trkpt>
      <trkpt lat="50.739764" lon="8.221241">
        <ele>291.686735</ele>
        <time>2026-08-09T07:24:57.265Z</time>
      </trkpt>
      <trkpt lat="50.739771" lon="8.218430">
        <ele>293.732944</ele>
        <time>2026-08-09T07:25:38.070Z</time>
      </trkpt>
      <trkpt lat="50.739413" lon="8.218509">
        <ele>293.835811</ele>
        <time>2026-08-09T07:25:44.934Z</time>
      </trkpt>
      <trkpt lat="50.739272" lon="8.216831">
        <ele>293.933331</ele>
        <time>2026-08-09T07:26:05.981Z</time>
      </trkpt>
      <trkpt lat="50.739152" lon="8.215597">
        <ele>293.112533</ele>
        <time>2026-08-09T07:26:19.246Z</time>
      </trkpt>
      <trkpt lat="50.739100" lon="8.215034">
        <ele>292.738475</ele>
        <time>2026-08-09T07:26:25.519Z</time>
      </trkpt>
      <trkpt lat="50.738965" lon="8.213568">
        <ele>291.840457</ele>
        <time>2026-08-09T07:26:41.856Z</time>
      </trkpt>
      <trkpt lat="50.738608" lon="8.210950">
        <ele>290.708576</ele>
        <time>2026-08-09T07:27:12.077Z</time>
      </trkpt>
      <trkpt lat="50.738461" lon="8.210516">
        <ele>290.747843</ele>
        <time>2026-08-09T07:27:17.478Z</time>
      </trkpt>
      <trkpt lat="50.738422" lon="8.210338">
        <ele>290.762869</ele>
        <time>2026-08-09T07:27:19.651Z</time>
      </trkpt>
      <trkpt lat="50.738386" lon="8.209810">
        <ele>290.805231</ele>
        <time>2026-08-09T07:27:26.000Z</time>
      </trkpt>
      <trkpt lat="50.738251" lon="8.207801">
        <ele>291.545901</ele>
        <time>2026-08-09T07:27:51.229Z</time>
      </trkpt>
      <trkpt lat="50.738241" lon="8.207467">
        <ele>291.780893</ele>
        <time>2026-08-09T07:27:55.533Z</time>
      </trkpt>
      <trkpt lat="50.737595" lon="8.206136">
        <ele>293.036828</ele>
        <time>2026-08-09T07:28:20.745Z</time>
      </trkpt>
      <trkpt lat="50.736384" lon="8.203618">
        <ele>297.344408</ele>
        <time>2026-08-09T07:29:23.682Z</time>
      </trkpt>
      <trkpt lat="50.735721" lon="8.202243">
        <ele>298.422623</ele>
        <time>2026-08-09T07:29:52.872Z</time>
      </trkpt>
      <trkpt lat="50.735186" lon="8.201180">
        <ele>298.223901</ele>
        <time>2026-08-09T07:30:07.912Z</time>
      </trkpt>
      <trkpt lat="50.734993" lon="8.200867">
        <ele>297.809390</ele>
        <time>2026-08-09T07:30:12.438Z</time>
      </trkpt>
      <trkpt lat="50.734963" lon="8.200706">
        <ele>297.650189</ele>
        <time>2026-08-09T07:30:14.163Z</time>
      </trkpt>
      <trkpt lat="50.734957" lon="8.200507">
        <ele>297.461210</ele>
        <time>2026-08-09T07:30:16.214Z</time>
      </trkpt>
      <trkpt lat="50.734944" lon="8.200379">
        <ele>297.338240</ele>
        <time>2026-08-09T07:30:17.553Z</time>
      </trkpt>
      <trkpt lat="50.734906" lon="8.200232">
        <ele>297.187618</ele>
        <time>2026-08-09T07:30:19.157Z</time>
      </trkpt>
      <trkpt lat="50.734722" lon="8.199783">
        <ele>296.680227</ele>
        <time>2026-08-09T07:30:24.538Z</time>
      </trkpt>
      <trkpt lat="50.734601" lon="8.199367">
        <ele>296.245945</ele>
        <time>2026-08-09T07:30:29.070Z</time>
      </trkpt>
      <trkpt lat="50.734538" lon="8.199073">
        <ele>296.330963</ele>
        <time>2026-08-09T07:30:32.231Z</time>
      </trkpt>
      <trkpt lat="50.734499" lon="8.198804">
        <ele>296.547558</ele>
        <time>2026-08-09T07:30:35.311Z</time>
      </trkpt>
      <trkpt lat="50.734466" lon="8.198466">
        <ele>296.815977</ele>
        <time>2026-08-09T07:30:39.757Z</time>
      </trkpt>
      <trkpt lat="50.734446" lon="8.197829">
        <ele>297.316546</ele>
        <time>2026-08-09T07:30:50.079Z</time>
      </trkpt>
      <trkpt lat="50.734487" lon="8.197594">
        <ele>297.507867</ele>
        <time>2026-08-09T07:30:55.540Z</time>
      </trkpt>
      <trkpt lat="50.734616" lon="8.196843">
        <ele>298.118615</ele>
        <time>2026-08-09T07:31:16.755Z</time>
      </trkpt>
      <trkpt lat="50.734732" lon="8.196395">
        <ele>298.726639</ele>
        <time>2026-08-09T07:31:26.525Z</time>
      </trkpt>
      <trkpt lat="50.734817" lon="8.196264">
        <ele>299.182274</ele>
        <time>2026-08-09T07:31:30.542Z</time>
      </trkpt>
      <trkpt lat="50.734840" lon="8.196235">
        <ele>299.295188</ele>
        <time>2026-08-09T07:31:31.546Z</time>
      </trkpt>
      <trkpt lat="50.734216" lon="8.194959">
        <ele>303.211405</ele>
        <time>2026-08-09T07:32:08.282Z</time>
      </trkpt>
      <trkpt lat="50.734154" lon="8.194831">
        <ele>303.602863</ele>
        <time>2026-08-09T07:32:11.814Z</time>
      </trkpt>
      <trkpt lat="50.734121" lon="8.194764">
        <ele>303.809049</ele>
        <time>2026-08-09T07:32:13.685Z</time>
      </trkpt>
      <trkpt lat="50.734077" lon="8.194674">
        <ele>304.085243</ele>
        <time>2026-08-09T07:32:16.173Z</time>
      </trkpt>
      <trkpt lat="50.733942" lon="8.194396">
        <ele>304.936245</ele>
        <time>2026-08-09T07:32:23.854Z</time>
      </trkpt>
      <trkpt lat="50.733963" lon="8.194295">
        <ele>305.194438</ele>
        <time>2026-08-09T07:32:26.141Z</time>
      </trkpt>
      <trkpt lat="50.733252" lon="8.192734">
        <ele>309.478785</ele>
        <time>2026-08-09T07:33:06.472Z</time>
      </trkpt>
      <trkpt lat="50.733037" lon="8.192108">
        <ele>311.062415</ele>
        <time>2026-08-09T07:33:20.880Z</time>
      </trkpt>
      <trkpt lat="50.733015" lon="8.192004">
        <ele>311.306232</ele>
        <time>2026-08-09T07:33:23.111Z</time>
      </trkpt>
      <trkpt lat="50.733023" lon="8.191790">
        <ele>311.774993</ele>
        <time>2026-08-09T07:33:27.504Z</time>
      </trkpt>
      <trkpt lat="50.733002" lon="8.191721">
        <ele>311.937451</ele>
        <time>2026-08-09T07:33:29.123Z</time>
      </trkpt>
      <trkpt lat="50.732819" lon="8.191694">
        <ele>312.553622</ele>
        <time>2026-08-09T07:33:35.067Z</time>
      </trkpt>
      <trkpt lat="50.732729" lon="8.191593">
        <ele>312.923712</ele>
        <time>2026-08-09T07:33:38.714Z</time>
      </trkpt>
      <trkpt lat="50.731497" lon="8.189192">
        <ele>319.373318</ele>
        <time>2026-08-09T07:34:41.792Z</time>
      </trkpt>
      <trkpt lat="50.731372" lon="8.189020">
        <ele>319.896149</ele>
        <time>2026-08-09T07:34:46.912Z</time>
      </trkpt>
      <trkpt lat="50.731387" lon="8.188950">
        <ele>320.043689</ele>
        <time>2026-08-09T07:34:48.392Z</time>
      </trkpt>
      <trkpt lat="50.731733" lon="8.188711">
        <ele>321.234752</ele>
        <time>2026-08-09T07:35:00.536Z</time>
      </trkpt>
      <trkpt lat="50.731827" lon="8.188591">
        <ele>321.615929</ele>
        <time>2026-08-09T07:35:04.318Z</time>
      </trkpt>
      <trkpt lat="50.731822" lon="8.188487">
        <ele>321.824151</ele>
        <time>2026-08-09T07:35:06.417Z</time>
      </trkpt>
      <trkpt lat="50.731602" lon="8.187648">
        <ele>323.626375</ele>
        <time>2026-08-09T07:35:23.225Z</time>
      </trkpt>
      <trkpt lat="50.731533" lon="8.187497">
        <ele>323.985802</ele>
        <time>2026-08-09T07:35:26.560Z</time>
      </trkpt>
      <trkpt lat="50.731445" lon="8.187417">
        <ele>324.295370</ele>
        <time>2026-08-09T07:35:29.599Z</time>
      </trkpt>
      <trkpt lat="50.731573" lon="8.186777">
        <ele>325.590719</ele>
        <time>2026-08-09T07:35:42.754Z</time>
      </trkpt>
      <trkpt lat="50.731643" lon="8.186258">
        <ele>326.614838</ele>
        <time>2026-08-09T07:35:52.996Z</time>
      </trkpt>
      <trkpt lat="50.731680" lon="8.185360">
        <ele>328.351577</ele>
        <time>2026-08-09T07:36:10.310Z</time>
      </trkpt>
      <trkpt lat="50.731744" lon="8.185117">
        <ele>328.873777</ele>
        <time>2026-08-09T07:36:15.571Z</time>
      </trkpt>
      <trkpt lat="50.731749" lon="8.184991">
        <ele>329.173160</ele>
        <time>2026-08-09T07:36:18.072Z</time>
      </trkpt>
      <trkpt lat="50.731741" lon="8.184894">
        <ele>329.405131</ele>
        <time>2026-08-09T07:36:20.196Z</time>
      </trkpt>
      <trkpt lat="50.731658" lon="8.184704">
        <ele>329.952588</ele>
        <time>2026-08-09T07:36:25.039Z</time>
      </trkpt>
      <trkpt lat="50.731508" lon="8.183761">
        <ele>332.258360</ele>
        <time>2026-08-09T07:36:46.711Z</time>
      </trkpt>
      <trkpt lat="50.730945" lon="8.180827">
        <ele>338.834438</ele>
        <time>2026-08-09T07:37:53.286Z</time>
      </trkpt>
      <trkpt lat="50.730672" lon="8.179647">
        <ele>341.252103</ele>
        <time>2026-08-09T07:38:14.786Z</time>
      </trkpt>
      <trkpt lat="50.730086" lon="8.177945">
        <ele>344.190276</ele>
        <time>2026-08-09T07:38:46.154Z</time>
      </trkpt>
      <trkpt lat="50.730028" lon="8.177811">
        <ele>344.436454</ele>
        <time>2026-08-09T07:38:49.125Z</time>
      </trkpt>
      <trkpt lat="50.729952" lon="8.177776">
        <ele>344.626114</ele>
        <time>2026-08-09T07:38:51.489Z</time>
      </trkpt>
      <trkpt lat="50.729914" lon="8.177649">
        <ele>344.839142</ele>
        <time>2026-08-09T07:38:54.209Z</time>
      </trkpt>
      <trkpt lat="50.729724" lon="8.176921">
        <ele>346.565494</ele>
        <time>2026-08-09T07:39:10.954Z</time>
      </trkpt>
      <trkpt lat="50.729656" lon="8.176410">
        <ele>348.035648</ele>
        <time>2026-08-09T07:39:23.127Z</time>
      </trkpt>
      <trkpt lat="50.729638" lon="8.176232">
        <ele>348.543156</ele>
        <time>2026-08-09T07:39:27.311Z</time>
      </trkpt>
      <trkpt lat="50.729636" lon="8.175942">
        <ele>349.359691</ele>
        <time>2026-08-09T07:39:34.380Z</time>
      </trkpt>
      <trkpt lat="50.729633" lon="8.175616">
        <ele>350.277632</ele>
        <time>2026-08-09T07:39:42.520Z</time>
      </trkpt>
      <trkpt lat="50.729694" lon="8.174847">
        <ele>352.459662</ele>
        <time>2026-08-09T07:40:01.656Z</time>
      </trkpt>
      <trkpt lat="50.729597" lon="8.174829">
        <ele>352.894080</ele>
        <time>2026-08-09T07:40:05.423Z</time>
      </trkpt>
      <trkpt lat="50.729469" lon="8.174811">
        <ele>353.505855</ele>
        <time>2026-08-09T07:40:10.546Z</time>
      </trkpt>
      <trkpt lat="50.729009" lon="8.174745">
        <ele>357.107324</ele>
        <time>2026-08-09T07:40:30.470Z</time>
      </trkpt>
      <trkpt lat="50.728922" lon="8.174734">
        <ele>357.787848</ele>
        <time>2026-08-09T07:40:34.443Z</time>
      </trkpt>
      <trkpt lat="50.728749" lon="8.174702">
        <ele>359.145977</ele>
        <time>2026-08-09T07:40:42.584Z</time>
      </trkpt>
      <trkpt lat="50.728581" lon="8.174543">
        <ele>360.672984</ele>
        <time>2026-08-09T07:40:52.154Z</time>
      </trkpt>
      <trkpt lat="50.728723" lon="8.174254">
        <ele>362.478657</ele>
        <time>2026-08-09T07:41:04.287Z</time>
      </trkpt>
      <trkpt lat="50.728819" lon="8.173874">
        <ele>364.498025</ele>
        <time>2026-08-09T07:41:19.045Z</time>
      </trkpt>
      <trkpt lat="50.728711" lon="8.172759">
        <ele>371.121828</ele>
        <time>2026-08-09T07:42:06.323Z</time>
      </trkpt>
      <trkpt lat="50.728608" lon="8.171511">
        <ele>379.830466</ele>
        <time>2026-08-09T07:43:04.400Z</time>
      </trkpt>
      <trkpt lat="50.728606" lon="8.171465">
        <ele>380.149513</ele>
        <time>2026-08-09T07:43:06.450Z</time>
      </trkpt>
      <trkpt lat="50.728509" lon="8.170248">
        <ele>388.109615</ele>
        <time>2026-08-09T07:43:56.242Z</time>
      </trkpt>
      <trkpt lat="50.728461" lon="8.169837">
        <ele>390.010230</ele>
        <time>2026-08-09T07:44:10.956Z</time>
      </trkpt>
      <trkpt lat="50.728194" lon="8.168964">
        <ele>394.419426</ele>
        <time>2026-08-09T07:44:41.588Z</time>
      </trkpt>
      <trkpt lat="50.728058" lon="8.168610">
        <ele>396.302593</ele>
        <time>2026-08-09T07:44:53.179Z</time>
      </trkpt>
      <trkpt lat="50.727919" lon="8.168301">
        <ele>398.026511</ele>
        <time>2026-08-09T07:45:03.151Z</time>
      </trkpt>
      <trkpt lat="50.727378" lon="8.167103">
        <ele>403.852601</ele>
        <time>2026-08-09T07:45:41.187Z</time>
      </trkpt>
      <trkpt lat="50.726995" lon="8.166053">
        <ele>408.347626</ele>
        <time>2026-08-09T07:46:14.758Z</time>
      </trkpt>
      <trkpt lat="50.726913" lon="8.165732">
        <ele>409.631590</ele>
        <time>2026-08-09T07:46:24.594Z</time>
      </trkpt>
      <trkpt lat="50.726586" lon="8.163953">
        <ele>418.285628</ele>
        <time>2026-08-09T07:47:20.625Z</time>
      </trkpt>
      <trkpt lat="50.726323" lon="8.162522">
        <ele>425.889141</ele>
        <time>2026-08-09T07:48:12.873Z</time>
      </trkpt>
      <trkpt lat="50.726200" lon="8.162555">
        <ele>427.168043</ele>
        <time>2026-08-09T07:48:20.480Z</time>
      </trkpt>
      <trkpt lat="50.726132" lon="8.162608">
        <ele>427.945322</ele>
        <time>2026-08-09T07:48:25.157Z</time>
      </trkpt>
      <trkpt lat="50.725598" lon="8.163168">
        <ele>434.515625</ele>
        <time>2026-08-09T07:49:07.992Z</time>
      </trkpt>
      <trkpt lat="50.725499" lon="8.163334">
        <ele>435.995565</ele>
        <time>2026-08-09T07:49:17.830Z</time>
      </trkpt>
      <trkpt lat="50.725302" lon="8.163778">
        <ele>439.513969</ele>
        <time>2026-08-09T07:49:40.875Z</time>
      </trkpt>
      <trkpt lat="50.725181" lon="8.163644">
        <ele>441.028753</ele>
        <time>2026-08-09T07:49:50.811Z</time>
      </trkpt>
      <trkpt lat="50.725050" lon="8.163083">
        <ele>444.708318</ele>
        <time>2026-08-09T07:50:15.272Z</time>
      </trkpt>
      <trkpt lat="50.724954" lon="8.162860">
        <ele>446.299511</ele>
        <time>2026-08-09T07:50:25.947Z</time>
      </trkpt>
      <trkpt lat="50.724809" lon="8.162333">
        <ele>449.690005</ele>
        <time>2026-08-09T07:50:48.111Z</time>
      </trkpt>
      <trkpt lat="50.724618" lon="8.161765">
        <ele>453.484901</ele>
        <time>2026-08-09T07:51:11.366Z</time>
      </trkpt>
      <trkpt lat="50.724562" lon="8.161446">
        <ele>455.438158</ele>
        <time>2026-08-09T07:51:23.214Z</time>
      </trkpt>
      <trkpt lat="50.724290" lon="8.160764">
        <ele>460.274630</ele>
        <time>2026-08-09T07:51:53.283Z</time>
      </trkpt>
      <trkpt lat="50.723831" lon="8.159350">
        <ele>470.680350</ele>
        <time>2026-08-09T07:53:02.308Z</time>
      </trkpt>
      <trkpt lat="50.723728" lon="8.159193">
        <ele>472.160940</ele>
        <time>2026-08-09T07:53:12.537Z</time>
      </trkpt>
      <trkpt lat="50.723284" lon="8.158821">
        <ele>477.359752</ele>
        <time>2026-08-09T07:53:46.346Z</time>
      </trkpt>
      <trkpt lat="50.722904" lon="8.158416">
        <ele>480.674328</ele>
        <time>2026-08-09T07:54:15.593Z</time>
      </trkpt>
      <trkpt lat="50.722685" lon="8.158237">
        <ele>482.322554</ele>
        <time>2026-08-09T07:54:29.816Z</time>
      </trkpt>
      <trkpt lat="50.722029" lon="8.157737">
        <ele>487.191249</ele>
        <time>2026-08-09T07:55:04.702Z</time>
      </trkpt>
      <trkpt lat="50.720906" lon="8.156811">
        <ele>491.736017</ele>
        <time>2026-08-09T07:55:46.129Z</time>
      </trkpt>
      <trkpt lat="50.718958" lon="8.155749">
        <ele>494.835513</ele>
        <time>2026-08-09T07:56:33.641Z</time>
      </trkpt>
      <trkpt lat="50.718870" lon="8.155562">
        <ele>494.996084</ele>
        <time>2026-08-09T07:56:37.430Z</time>
      </trkpt>
      <trkpt lat="50.718214" lon="8.155086">
        <ele>495.801140</ele>
        <time>2026-08-09T07:56:54.857Z</time>
      </trkpt>
      <trkpt lat="50.716227" lon="8.153354">
        <ele>498.694918</ele>
        <time>2026-08-09T07:57:45.438Z</time>
      </trkpt>
      <trkpt lat="50.715354" lon="8.152594">
        <ele>500.146247</ele>
        <time>2026-08-09T07:58:07.135Z</time>
      </trkpt>
      <trkpt lat="50.714600" lon="8.151936">
        <ele>502.878650</ele>
        <time>2026-08-09T07:58:34.106Z</time>
      </trkpt>
      <trkpt lat="50.713463" lon="8.151056">
        <ele>507.085089</ele>
        <time>2026-08-09T07:59:21.279Z</time>
      </trkpt>
      <trkpt lat="50.713214" lon="8.150712">
        <ele>507.615329</ele>
        <time>2026-08-09T07:59:30.474Z</time>
      </trkpt>
      <trkpt lat="50.712906" lon="8.150167">
        <ele>508.356696</ele>
        <time>2026-08-09T07:59:41.192Z</time>
      </trkpt>
      <trkpt lat="50.712525" lon="8.149477">
        <ele>509.285826</ele>
        <time>2026-08-09T07:59:51.488Z</time>
      </trkpt>
      <trkpt lat="50.712305" lon="8.149211">
        <ele>509.730286</ele>
        <time>2026-08-09T07:59:55.861Z</time>
      </trkpt>
      <trkpt lat="50.710453" lon="8.147293">
        <ele>514.575727</ele>
        <time>2026-08-09T08:00:51.414Z</time>
      </trkpt>
      <trkpt lat="50.709782" lon="8.146559">
        <ele>518.253542</ele>
        <time>2026-08-09T08:01:23.401Z</time>
      </trkpt>
      <trkpt lat="50.709631" lon="8.146475">
        <ele>518.974881</ele>
        <time>2026-08-09T08:01:30.396Z</time>
      </trkpt>
      <trkpt lat="50.709511" lon="8.146420">
        <ele>519.537877</ele>
        <time>2026-08-09T08:01:36.041Z</time>
      </trkpt>
      <trkpt lat="50.708741" lon="8.146376">
        <ele>524.461171</ele>
        <time>2026-08-09T08:02:11.819Z</time>
      </trkpt>
      <trkpt lat="50.708483" lon="8.146298">
        <ele>526.400067</ele>
        <time>2026-08-09T08:02:24.496Z</time>
      </trkpt>
      <trkpt lat="50.707647" lon="8.146348">
        <ele>532.575048</ele>
        <time>2026-08-09T08:03:08.279Z</time>
      </trkpt>
      <trkpt lat="50.707020" lon="8.146595">
        <ele>536.908681</ele>
        <time>2026-08-09T08:03:44.263Z</time>
      </trkpt>
      <trkpt lat="50.706661" lon="8.146828">
        <ele>539.398826</ele>
        <time>2026-08-09T08:04:04.850Z</time>
      </trkpt>
      <trkpt lat="50.706295" lon="8.146892">
        <ele>541.761275</ele>
        <time>2026-08-09T08:04:22.145Z</time>
      </trkpt>
      <trkpt lat="50.705943" lon="8.146891">
        <ele>544.019556</ele>
        <time>2026-08-09T08:04:36.682Z</time>
      </trkpt>
      <trkpt lat="50.705397" lon="8.146477">
        <ele>546.059737</ele>
        <time>2026-08-09T08:04:56.219Z</time>
      </trkpt>
      <trkpt lat="50.704955" lon="8.146050">
        <ele>546.779186</ele>
        <time>2026-08-09T08:05:08.050Z</time>
      </trkpt>
      <trkpt lat="50.703850" lon="8.144567">
        <ele>548.887950</ele>
        <time>2026-08-09T08:05:33.635Z</time>
      </trkpt>
      <trkpt lat="50.703507" lon="8.144198">
        <ele>549.537810</ele>
        <time>2026-08-09T08:05:42.121Z</time>
      </trkpt>
      <trkpt lat="50.703128" lon="8.143936">
        <ele>550.185613</ele>
        <time>2026-08-09T08:05:52.692Z</time>
      </trkpt>
      <trkpt lat="50.702919" lon="8.143837">
        <ele>550.527263</ele>
        <time>2026-08-09T08:05:59.201Z</time>
      </trkpt>
      <trkpt lat="50.702469" lon="8.143830">
        <ele>551.617994</ele>
        <time>2026-08-09T08:06:14.751Z</time>
      </trkpt>
      <trkpt lat="50.701672" lon="8.143274">
        <ele>554.412389</ele>
        <time>2026-08-09T08:06:47.278Z</time>
      </trkpt>
      <trkpt lat="50.701304" lon="8.142963">
        <ele>555.751013</ele>
        <time>2026-08-09T08:06:59.863Z</time>
      </trkpt>
      <trkpt lat="50.700275" lon="8.142112">
        <ele>557.889187</ele>
        <time>2026-08-09T08:07:41.508Z</time>
      </trkpt>
      <trkpt lat="50.699170" lon="8.140901">
        <ele>560.475244</ele>
        <time>2026-08-09T08:08:33.345Z</time>
      </trkpt>
      <trkpt lat="50.697322" lon="8.139530">
        <ele>565.539859</ele>
        <time>2026-08-09T08:10:10.986Z</time>
      </trkpt>
      <trkpt lat="50.696766" lon="8.139186">
        <ele>566.413409</ele>
        <time>2026-08-09T08:10:33.913Z</time>
      </trkpt>
      <trkpt lat="50.696157" lon="8.138805">
        <ele>567.072615</ele>
        <time>2026-08-09T08:10:53.695Z</time>
      </trkpt>
      <trkpt lat="50.695809" lon="8.138506">
        <ele>566.742613</ele>
        <time>2026-08-09T08:11:04.530Z</time>
      </trkpt>
      <trkpt lat="50.695651" lon="8.138321">
        <ele>566.578767</ele>
        <time>2026-08-09T08:11:09.713Z</time>
      </trkpt>
      <trkpt lat="50.695437" lon="8.138157">
        <ele>566.380631</ele>
        <time>2026-08-09T08:11:16.002Z</time>
      </trkpt>
      <trkpt lat="50.695164" lon="8.137842">
        <ele>566.098983</ele>
        <time>2026-08-09T08:11:25.495Z</time>
      </trkpt>
      <trkpt lat="50.694768" lon="8.137279">
        <ele>565.809501</ele>
        <time>2026-08-09T08:11:43.368Z</time>
      </trkpt>
      <trkpt lat="50.694672" lon="8.137137">
        <ele>566.306579</ele>
        <time>2026-08-09T08:11:48.574Z</time>
      </trkpt>
      <trkpt lat="50.694361" lon="8.137072">
        <ele>567.491932</ele>
        <time>2026-08-09T08:12:02.261Z</time>
      </trkpt>
      <trkpt lat="50.694317" lon="8.136970">
        <ele>567.787299</ele>
        <time>2026-08-09T08:12:05.984Z</time>
      </trkpt>
      <trkpt lat="50.694083" lon="8.136762">
        <ele>568.801984</ele>
        <time>2026-08-09T08:12:19.307Z</time>
      </trkpt>
      <trkpt lat="50.693832" lon="8.136716">
        <ele>569.756745</ele>
        <time>2026-08-09T08:12:32.844Z</time>
      </trkpt>
      <trkpt lat="50.693741" lon="8.136573">
        <ele>570.241900</ele>
        <time>2026-08-09T08:12:40.051Z</time>
      </trkpt>
      <trkpt lat="50.693606" lon="8.136628">
        <ele>570.768704</ele>
        <time>2026-08-09T08:12:48.092Z</time>
      </trkpt>
      <trkpt lat="50.693302" lon="8.136568">
        <ele>571.926296</ele>
        <time>2026-08-09T08:13:05.456Z</time>
      </trkpt>
      <trkpt lat="50.692963" lon="8.136273">
        <ele>573.464057</ele>
        <time>2026-08-09T08:13:26.328Z</time>
      </trkpt>
      <trkpt lat="50.692792" lon="8.136272">
        <ele>574.163536</ele>
        <time>2026-08-09T08:13:35.249Z</time>
      </trkpt>
      <trkpt lat="50.692765" lon="8.136324">
        <ele>574.337759</ele>
        <time>2026-08-09T08:13:37.478Z</time>
      </trkpt>
      <trkpt lat="50.692710" lon="8.136433">
        <ele>574.698854</ele>
        <time>2026-08-09T08:13:42.012Z</time>
      </trkpt>
      <trkpt lat="50.692603" lon="8.136733">
        <ele>575.590973</ele>
        <time>2026-08-09T08:13:53.215Z</time>
      </trkpt>
      <trkpt lat="50.691929" lon="8.137970">
        <ele>579.818923</ele>
        <time>2026-08-09T08:14:43.797Z</time>
      </trkpt>
      <trkpt lat="50.690762" lon="8.139406">
        <ele>583.430425</ele>
        <time>2026-08-09T08:15:48.585Z</time>
      </trkpt>
      <trkpt lat="50.690602" lon="8.139634">
        <ele>583.955501</ele>
        <time>2026-08-09T08:15:56.861Z</time>
      </trkpt>
      <trkpt lat="50.690544" lon="8.139772">
        <ele>584.211067</ele>
        <time>2026-08-09T08:16:00.784Z</time>
      </trkpt>
      <trkpt lat="50.690464" lon="8.139462">
        <ele>584.348035</ele>
        <time>2026-08-09T08:16:08.560Z</time>
      </trkpt>
      <trkpt lat="50.690405" lon="8.139369">
        <ele>584.399912</ele>
        <time>2026-08-09T08:16:11.555Z</time>
      </trkpt>
      <trkpt lat="50.689359" lon="8.138600">
        <ele>585.117834</ele>
        <time>2026-08-09T08:16:50.364Z</time>
      </trkpt>
      <trkpt lat="50.689017" lon="8.138342">
        <ele>585.337436</ele>
        <time>2026-08-09T08:17:02.903Z</time>
      </trkpt>
      <trkpt lat="50.688002" lon="8.136558">
        <ele>585.367681</ele>
        <time>2026-08-09T08:17:51.887Z</time>
      </trkpt>
      <trkpt lat="50.687306" lon="8.135545">
        <ele>585.000288</ele>
        <time>2026-08-09T08:18:21.055Z</time>
      </trkpt>
      <trkpt lat="50.687256" lon="8.135496">
        <ele>584.968712</ele>
        <time>2026-08-09T08:18:22.831Z</time>
      </trkpt>
      <trkpt lat="50.687195" lon="8.135521">
        <ele>584.934898</ele>
        <time>2026-08-09T08:18:24.727Z</time>
      </trkpt>
      <trkpt lat="50.687149" lon="8.135591">
        <ele>584.900616</ele>
        <time>2026-08-09T08:18:26.649Z</time>
      </trkpt>
      <trkpt lat="50.686954" lon="8.136119">
        <ele>584.692872</ele>
        <time>2026-08-09T08:18:38.274Z</time>
      </trkpt>
      <trkpt lat="50.686816" lon="8.136341">
        <ele>584.587153</ele>
        <time>2026-08-09T08:18:44.228Z</time>
      </trkpt>
      <trkpt lat="50.684618" lon="8.138407">
        <ele>582.301295</ele>
        <time>2026-08-09T08:20:00.112Z</time>
      </trkpt>
      <trkpt lat="50.684415" lon="8.138671">
        <ele>581.917415</ele>
        <time>2026-08-09T08:20:07.637Z</time>
      </trkpt>
      <trkpt lat="50.684377" lon="8.138838">
        <ele>581.753337</ele>
        <time>2026-08-09T08:20:09.522Z</time>
      </trkpt>
      <trkpt lat="50.684313" lon="8.139547">
        <ele>581.091119</ele>
        <time>2026-08-09T08:20:17.073Z</time>
      </trkpt>
      <trkpt lat="50.684151" lon="8.140108">
        <ele>580.521034</ele>
        <time>2026-08-09T08:20:23.437Z</time>
      </trkpt>
      <trkpt lat="50.683769" lon="8.141417">
        <ele>579.065172</ele>
        <time>2026-08-09T08:20:37.934Z</time>
      </trkpt>
      <trkpt lat="50.683252" lon="8.143098">
        <ele>577.420552</ele>
        <time>2026-08-09T08:20:57.820Z</time>
      </trkpt>
      <trkpt lat="50.683034" lon="8.141843">
        <ele>577.652200</ele>
        <time>2026-08-09T08:21:12.241Z</time>
      </trkpt>
      <trkpt lat="50.682826" lon="8.140393">
        <ele>577.997092</ele>
        <time>2026-08-09T08:21:32.775Z</time>
      </trkpt>
      <trkpt lat="50.682763" lon="8.140128">
        <ele>578.175293</ele>
        <time>2026-08-09T08:21:36.562Z</time>
      </trkpt>
      <trkpt lat="50.682371" lon="8.138483">
        <ele>579.281812</ele>
        <time>2026-08-09T08:22:02.624Z</time>
      </trkpt>
      <trkpt lat="50.682068" lon="8.137212">
        <ele>579.564849</ele>
        <time>2026-08-09T08:22:18.517Z</time>
      </trkpt>
      <trkpt lat="50.681683" lon="8.137696">
        <ele>579.451496</ele>
        <time>2026-08-09T08:22:26.244Z</time>
      </trkpt>
      <trkpt lat="50.681594" lon="8.137764">
        <ele>579.428725</ele>
        <time>2026-08-09T08:22:27.723Z</time>
      </trkpt>
      <trkpt lat="50.680541" lon="8.138566">
        <ele>579.791478</ele>
        <time>2026-08-09T08:22:45.873Z</time>
      </trkpt>
      <trkpt lat="50.679324" lon="8.134772">
        <ele>584.054373</ele>
        <time>2026-08-09T08:23:55.859Z</time>
      </trkpt>
      <trkpt lat="50.678201" lon="8.131268">
        <ele>587.824599</ele>
        <time>2026-08-09T08:24:59.285Z</time>
      </trkpt>
      <trkpt lat="50.676928" lon="8.127300">
        <ele>586.255850</ele>
        <time>2026-08-09T08:25:40.998Z</time>
      </trkpt>
      <trkpt lat="50.676815" lon="8.126738">
        <ele>586.009244</ele>
        <time>2026-08-09T08:25:46.799Z</time>
      </trkpt>
      <trkpt lat="50.676742" lon="8.126696">
        <ele>585.957960</ele>
        <time>2026-08-09T08:25:48.341Z</time>
      </trkpt>
      <trkpt lat="50.676687" lon="8.126618">
        <ele>585.909154</ele>
        <time>2026-08-09T08:25:49.825Z</time>
      </trkpt>
      <trkpt lat="50.676562" lon="8.126167">
        <ele>586.554989</ele>
        <time>2026-08-09T08:25:56.930Z</time>
      </trkpt>
      <trkpt lat="50.676541" lon="8.125874">
        <ele>587.012342</ele>
        <time>2026-08-09T08:26:01.715Z</time>
      </trkpt>
      <trkpt lat="50.676330" lon="8.125974">
        <ele>587.551575</ele>
        <time>2026-08-09T08:26:07.567Z</time>
      </trkpt>
      <trkpt lat="50.675881" lon="8.126326">
        <ele>588.778698</ele>
        <time>2026-08-09T08:26:23.025Z</time>
      </trkpt>
      <trkpt lat="50.675620" lon="8.126428">
        <ele>589.436822</ele>
        <time>2026-08-09T08:26:32.574Z</time>
      </trkpt>
      <trkpt lat="50.675326" lon="8.126473">
        <ele>590.159795</ele>
        <time>2026-08-09T08:26:43.910Z</time>
      </trkpt>
      <trkpt lat="50.673781" lon="8.126713">
        <ele>596.928183</ele>
        <time>2026-08-09T08:27:46.856Z</time>
      </trkpt>
      <trkpt lat="50.673214" lon="8.126841">
        <ele>598.941231</ele>
        <time>2026-08-09T08:28:08.462Z</time>
      </trkpt>
      <trkpt lat="50.673029" lon="8.126773">
        <ele>599.421182</ele>
        <time>2026-08-09T08:28:15.152Z</time>
      </trkpt>
      <trkpt lat="50.670778" lon="8.123157">
        <ele>606.217587</ele>
        <time>2026-08-09T08:29:43.926Z</time>
      </trkpt>
      <trkpt lat="50.670706" lon="8.123081">
        <ele>606.354751</ele>
        <time>2026-08-09T08:29:46.204Z</time>
      </trkpt>
      <trkpt lat="50.670593" lon="8.123076">
        <ele>606.533745</ele>
        <time>2026-08-09T08:29:49.200Z</time>
      </trkpt>
      <trkpt lat="50.668570" lon="8.124153">
        <ele>609.544357</ele>
        <time>2026-08-09T08:30:44.987Z</time>
      </trkpt>
      <trkpt lat="50.668488" lon="8.124169">
        <ele>609.625540</ele>
        <time>2026-08-09T08:30:46.973Z</time>
      </trkpt>
      <trkpt lat="50.668408" lon="8.124139">
        <ele>609.706333</ele>
        <time>2026-08-09T08:30:48.946Z</time>
      </trkpt>
      <trkpt lat="50.667650" lon="8.123615">
        <ele>610.519456</ele>
        <time>2026-08-09T08:31:07.816Z</time>
      </trkpt>
      <trkpt lat="50.667455" lon="8.123480">
        <ele>610.692524</ele>
        <time>2026-08-09T08:31:12.332Z</time>
      </trkpt>
      <trkpt lat="50.667316" lon="8.123354">
        <ele>610.593277</ele>
        <time>2026-08-09T08:31:15.552Z</time>
      </trkpt>
      <trkpt lat="50.667119" lon="8.123086">
        <ele>610.432235</ele>
        <time>2026-08-09T08:31:20.485Z</time>
      </trkpt>
      <trkpt lat="50.667058" lon="8.122864">
        <ele>610.337288</ele>
        <time>2026-08-09T08:31:23.296Z</time>
      </trkpt>
      <trkpt lat="50.667158" lon="8.122754">
        <ele>610.261816</ele>
        <time>2026-08-09T08:31:25.491Z</time>
      </trkpt>
      <trkpt lat="50.667187" lon="8.122660">
        <ele>610.220793</ele>
        <time>2026-08-09T08:31:26.662Z</time>
      </trkpt>
      <trkpt lat="50.667190" lon="8.122550">
        <ele>610.177589</ele>
        <time>2026-08-09T08:31:27.899Z</time>
      </trkpt>
      <trkpt lat="50.666964" lon="8.120410">
        <ele>609.227429</ele>
        <time>2026-08-09T08:31:50.655Z</time>
      </trkpt>
      <trkpt lat="50.666802" lon="8.118852">
        <ele>608.378275</ele>
        <time>2026-08-09T08:32:07.152Z</time>
      </trkpt>
      <trkpt lat="50.666830" lon="8.118532">
        <ele>608.204534</ele>
        <time>2026-08-09T08:32:11.070Z</time>
      </trkpt>
      <trkpt lat="50.666937" lon="8.118227">
        <ele>608.102233</ele>
        <time>2026-08-09T08:32:15.648Z</time>
      </trkpt>
      <trkpt lat="50.667262" lon="8.117856">
        <ele>608.345718</ele>
        <time>2026-08-09T08:32:29.378Z</time>
      </trkpt>
      <trkpt lat="50.667367" lon="8.117648">
        <ele>608.448015</ele>
        <time>2026-08-09T08:32:35.255Z</time>
      </trkpt>
      <trkpt lat="50.667577" lon="8.117117">
        <ele>608.688800</ele>
        <time>2026-08-09T08:32:49.485Z</time>
      </trkpt>
      <trkpt lat="50.667695" lon="8.116687">
        <ele>608.869064</ele>
        <time>2026-08-09T08:33:00.540Z</time>
      </trkpt>
      <trkpt lat="50.667973" lon="8.115679">
        <ele>609.267618</ele>
        <time>2026-08-09T08:33:24.850Z</time>
      </trkpt>
      <trkpt lat="50.668017" lon="8.115410">
        <ele>609.355006</ele>
        <time>2026-08-09T08:33:30.375Z</time>
      </trkpt>
      <trkpt lat="50.668198" lon="8.113489">
        <ele>609.965908</ele>
        <time>2026-08-09T08:34:11.127Z</time>
      </trkpt>
      <trkpt lat="50.668205" lon="8.112691">
        <ele>610.466708</ele>
        <time>2026-08-09T08:34:29.058Z</time>
      </trkpt>
      <trkpt lat="50.668161" lon="8.110058">
        <ele>612.766120</ele>
        <time>2026-08-09T08:35:31.970Z</time>
      </trkpt>
      <trkpt lat="50.668131" lon="8.109348">
        <ele>613.818400</ele>
        <time>2026-08-09T08:35:51.165Z</time>
      </trkpt>
      <trkpt lat="50.668099" lon="8.108917">
        <ele>614.460122</ele>
        <time>2026-08-09T08:36:03.582Z</time>
      </trkpt>
      <trkpt lat="50.667991" lon="8.108148">
        <ele>615.624907</ele>
        <time>2026-08-09T08:36:25.703Z</time>
      </trkpt>
      <trkpt lat="50.668079" lon="8.107525">
        <ele>616.527224</ele>
        <time>2026-08-09T08:36:43.349Z</time>
      </trkpt>
      <trkpt lat="50.668133" lon="8.107304">
        <ele>616.704821</ele>
        <time>2026-08-09T08:36:49.752Z</time>
      </trkpt>
      <trkpt lat="50.668305" lon="8.106921">
        <ele>617.056780</ele>
        <time>2026-08-09T08:37:01.950Z</time>
      </trkpt>
      <trkpt lat="50.668820" lon="8.105582">
        <ele>618.231171</ele>
        <time>2026-08-09T08:37:37.896Z</time>
      </trkpt>
      <trkpt lat="50.669154" lon="8.104054">
        <ele>619.225840</ele>
        <time>2026-08-09T08:37:58.482Z</time>
      </trkpt>
      <trkpt lat="50.669353" lon="8.102872">
        <ele>619.903045</ele>
        <time>2026-08-09T08:38:15.685Z</time>
      </trkpt>
      <trkpt lat="50.669368" lon="8.099754">
        <ele>625.179337</ele>
        <time>2026-08-09T08:39:19.343Z</time>
      </trkpt>
      <trkpt lat="50.668962" lon="8.099901">
        <ele>627.053397</ele>
        <time>2026-08-09T08:39:41.316Z</time>
      </trkpt>
      <trkpt lat="50.668259" lon="8.099993">
        <ele>630.776840</ele>
        <time>2026-08-09T08:40:21.687Z</time>
      </trkpt>
      <trkpt lat="50.667787" lon="8.099990">
        <ele>633.268256</ele>
        <time>2026-08-09T08:40:50.040Z</time>
      </trkpt>
      <trkpt lat="50.667631" lon="8.099995">
        <ele>634.091853</ele>
        <time>2026-08-09T08:40:59.504Z</time>
      </trkpt>
      <trkpt lat="50.666581" lon="8.100053">
        <ele>636.983770</ele>
        <time>2026-08-09T08:41:55.185Z</time>
      </trkpt>
      <trkpt lat="50.665575" lon="8.100179">
        <ele>638.967620</ele>
        <time>2026-08-09T08:42:27.930Z</time>
      </trkpt>
      <trkpt lat="50.664391" lon="8.100394">
        <ele>637.717365</ele>
        <time>2026-08-09T08:43:00.048Z</time>
      </trkpt>
      <trkpt lat="50.664248" lon="8.100513">
        <ele>637.547763</ele>
        <time>2026-08-09T08:43:04.614Z</time>
      </trkpt>
      <trkpt lat="50.663197" lon="8.102103">
        <ele>639.002212</ele>
        <time>2026-08-09T08:43:58.053Z</time>
      </trkpt>
      <trkpt lat="50.663050" lon="8.102259">
        <ele>639.305597</ele>
        <time>2026-08-09T08:44:06.103Z</time>
      </trkpt>
      <trkpt lat="50.662984" lon="8.102287">
        <ele>639.422634</ele>
        <time>2026-08-09T08:44:09.272Z</time>
      </trkpt>
      <trkpt lat="50.662900" lon="8.102198">
        <ele>639.595911</ele>
        <time>2026-08-09T08:44:14.020Z</time>
      </trkpt>
      <trkpt lat="50.662114" lon="8.100462">
        <ele>641.366431</ele>
        <time>2026-08-09T08:45:14.135Z</time>
      </trkpt>
      <trkpt lat="50.662032" lon="8.100328">
        <ele>641.502938</ele>
        <time>2026-08-09T08:45:18.326Z</time>
      </trkpt>
      <trkpt lat="50.661848" lon="8.100183">
        <ele>641.740746</ele>
        <time>2026-08-09T08:45:25.162Z</time>
      </trkpt>
      <trkpt lat="50.661331" lon="8.099957">
        <ele>642.248435</ele>
        <time>2026-08-09T08:45:40.970Z</time>
      </trkpt>
      <trkpt lat="50.660802" lon="8.099527">
        <ele>641.333438</ele>
        <time>2026-08-09T08:45:56.704Z</time>
      </trkpt>
      <trkpt lat="50.660230" lon="8.098893">
        <ele>640.258566</ele>
        <time>2026-08-09T08:46:15.400Z</time>
      </trkpt>
      <trkpt lat="50.659857" lon="8.098428">
        <ele>639.563325</ele>
        <time>2026-08-09T08:46:29.397Z</time>
      </trkpt>
      <trkpt lat="50.658973" lon="8.100114">
        <ele>641.319960</ele>
        <time>2026-08-09T08:47:05.302Z</time>
      </trkpt>
      <trkpt lat="50.658820" lon="8.100553">
        <ele>641.722175</ele>
        <time>2026-08-09T08:47:14.898Z</time>
      </trkpt>
      <trkpt lat="50.658803" lon="8.100703">
        <ele>641.825629</ele>
        <time>2026-08-09T08:47:17.664Z</time>
      </trkpt>
      <trkpt lat="50.658816" lon="8.100844">
        <ele>641.828482</ele>
        <time>2026-08-09T08:47:20.156Z</time>
      </trkpt>
      <trkpt lat="50.658883" lon="8.101053">
        <ele>641.833170</ele>
        <time>2026-08-09T08:47:24.189Z</time>
      </trkpt>
      <trkpt lat="50.658880" lon="8.101147">
        <ele>641.835054</ele>
        <time>2026-08-09T08:47:26.546Z</time>
      </trkpt>
      <trkpt lat="50.658652" lon="8.102153">
        <ele>641.856441</ele>
        <time>2026-08-09T08:47:51.524Z</time>
      </trkpt>
      <trkpt lat="50.658588" lon="8.102361">
        <ele>641.861069</ele>
        <time>2026-08-09T08:47:56.631Z</time>
      </trkpt>
      <trkpt lat="50.658265" lon="8.103356">
        <ele>641.679040</ele>
        <time>2026-08-09T08:48:12.982Z</time>
      </trkpt>
      <trkpt lat="50.658215" lon="8.103666">
        <ele>640.814947</ele>
        <time>2026-08-09T08:48:17.204Z</time>
      </trkpt>
      <trkpt lat="50.658125" lon="8.103874">
        <ele>640.134665</ele>
        <time>2026-08-09T08:48:19.514Z</time>
      </trkpt>
      <trkpt lat="50.657982" lon="8.104103">
        <ele>639.266345</ele>
        <time>2026-08-09T08:48:22.418Z</time>
      </trkpt>
      <trkpt lat="50.657740" lon="8.104271">
        <ele>638.139698</ele>
        <time>2026-08-09T08:48:26.136Z</time>
      </trkpt>
      <trkpt lat="50.657413" lon="8.104404">
        <ele>636.700725</ele>
        <time>2026-08-09T08:48:30.775Z</time>
      </trkpt>
      <trkpt lat="50.657194" lon="8.104448">
        <ele>635.759992</ele>
        <time>2026-08-09T08:48:33.760Z</time>
      </trkpt>
      <trkpt lat="50.657099" lon="8.104442">
        <ele>635.354858</ele>
        <time>2026-08-09T08:48:35.049Z</time>
      </trkpt>
      <trkpt lat="50.656339" lon="8.104197">
        <ele>632.910616</ele>
        <time>2026-08-09T08:48:45.930Z</time>
      </trkpt>
      <trkpt lat="50.654984" lon="8.103777">
        <ele>629.671302</ele>
        <time>2026-08-09T08:49:08.590Z</time>
      </trkpt>
      <trkpt lat="50.654786" lon="8.103910">
        <ele>629.845677</ele>
        <time>2026-08-09T08:49:12.663Z</time>
      </trkpt>
      <trkpt lat="50.654517" lon="8.104033">
        <ele>630.072613</ele>
        <time>2026-08-09T08:49:17.934Z</time>
      </trkpt>
      <trkpt lat="50.654418" lon="8.104130">
        <ele>630.167047</ele>
        <time>2026-08-09T08:49:20.386Z</time>
      </trkpt>
      <trkpt lat="50.653623" lon="8.104106">
        <ele>630.811327</ele>
        <time>2026-08-09T08:49:40.422Z</time>
      </trkpt>
      <trkpt lat="50.653377" lon="8.105204">
        <ele>631.419659</ele>
        <time>2026-08-09T08:50:03.352Z</time>
      </trkpt>
      <trkpt lat="50.653245" lon="8.105476">
        <ele>631.600631</ele>
        <time>2026-08-09T08:50:10.440Z</time>
      </trkpt>
      <trkpt lat="50.653154" lon="8.105573">
        <ele>631.692156</ele>
        <time>2026-08-09T08:50:13.977Z</time>
      </trkpt>
      <trkpt lat="50.653080" lon="8.105521">
        <ele>631.759664</ele>
        <time>2026-08-09T08:50:16.563Z</time>
      </trkpt>
      <trkpt lat="50.652872" lon="8.105170">
        <ele>632.013500</ele>
        <time>2026-08-09T08:50:25.424Z</time>
      </trkpt>
      <trkpt lat="50.652746" lon="8.105070">
        <ele>632.131041</ele>
        <time>2026-08-09T08:50:28.837Z</time>
      </trkpt>
      <trkpt lat="50.652569" lon="8.105028">
        <ele>632.280197</ele>
        <time>2026-08-09T08:50:32.530Z</time>
      </trkpt>
      <trkpt lat="50.651903" lon="8.104931">
        <ele>630.629428</ele>
        <time>2026-08-09T08:50:43.236Z</time>
      </trkpt>
      <trkpt lat="50.650534" lon="8.104438">
        <ele>622.696490</ele>
        <time>2026-08-09T08:51:01.821Z</time>
      </trkpt>
      <trkpt lat="50.650014" lon="8.104560">
        <ele>619.221625</ele>
        <time>2026-08-09T08:51:08.563Z</time>
      </trkpt>
      <trkpt lat="50.649202" lon="8.104592">
        <ele>613.763961</ele>
        <time>2026-08-09T08:51:19.085Z</time>
      </trkpt>
      <trkpt lat="50.648736" lon="8.103968">
        <ele>610.068514</ele>
        <time>2026-08-09T08:51:27.422Z</time>
      </trkpt>
      <trkpt lat="50.648563" lon="8.104039">
        <ele>609.627909</ele>
        <time>2026-08-09T08:51:29.960Z</time>
      </trkpt>
      <trkpt lat="50.647004" lon="8.105370">
        <ele>606.065899</ele>
        <time>2026-08-09T08:51:59.008Z</time>
      </trkpt>
      <trkpt lat="50.646871" lon="8.105392">
        <ele>606.168642</ele>
        <time>2026-08-09T08:52:01.533Z</time>
      </trkpt>
      <trkpt lat="50.646229" lon="8.105500">
        <ele>606.664684</ele>
        <time>2026-08-09T08:52:15.011Z</time>
      </trkpt>
      <trkpt lat="50.644952" lon="8.105609">
        <ele>608.822569</ele>
        <time>2026-08-09T08:52:54.202Z</time>
      </trkpt>
      <trkpt lat="50.644118" lon="8.105643">
        <ele>611.388642</ele>
        <time>2026-08-09T08:53:26.776Z</time>
      </trkpt>
      <trkpt lat="50.643639" lon="8.105750">
        <ele>612.761988</ele>
        <time>2026-08-09T08:53:42.667Z</time>
      </trkpt>
      <trkpt lat="50.643548" lon="8.105807">
        <ele>612.672920</ele>
        <time>2026-08-09T08:53:45.453Z</time>
      </trkpt>
      <trkpt lat="50.643221" lon="8.105685">
        <ele>612.367256</ele>
        <time>2026-08-09T08:53:53.707Z</time>
      </trkpt>
      <trkpt lat="50.643100" lon="8.105685">
        <ele>612.257189</ele>
        <time>2026-08-09T08:53:56.197Z</time>
      </trkpt>
      <trkpt lat="50.643064" lon="8.105892">
        <ele>612.133373</ele>
        <time>2026-08-09T08:54:00.392Z</time>
      </trkpt>
      <trkpt lat="50.642718" lon="8.107190">
        <ele>611.321162</ele>
        <time>2026-08-09T08:54:24.452Z</time>
      </trkpt>
      <trkpt lat="50.641740" lon="8.109578">
        <ele>606.155342</ele>
        <time>2026-08-09T08:55:11.413Z</time>
      </trkpt>
      <trkpt lat="50.641691" lon="8.109642">
        <ele>605.958707</ele>
        <time>2026-08-09T08:55:13.055Z</time>
      </trkpt>
      <trkpt lat="50.641775" lon="8.110014">
        <ele>604.850606</ele>
        <time>2026-08-09T08:55:16.780Z</time>
      </trkpt>
      <trkpt lat="50.641530" lon="8.110456">
        <ele>602.759045</ele>
        <time>2026-08-09T08:55:26.017Z</time>
      </trkpt>
      <trkpt lat="50.641454" lon="8.110541">
        <ele>602.235565</ele>
        <time>2026-08-09T08:55:28.294Z</time>
      </trkpt>
      <trkpt lat="50.641389" lon="8.110756">
        <ele>601.386947</ele>
        <time>2026-08-09T08:55:31.942Z</time>
      </trkpt>
      <trkpt lat="50.641561" lon="8.111857">
        <ele>597.346921</ele>
        <time>2026-08-09T08:55:48.616Z</time>
      </trkpt>
      <trkpt lat="50.641620" lon="8.112065">
        <ele>596.535085</ele>
        <time>2026-08-09T08:55:51.860Z</time>
      </trkpt>
      <trkpt lat="50.642605" lon="8.113264">
        <ele>589.215093</ele>
        <time>2026-08-09T08:56:19.743Z</time>
      </trkpt>
      <trkpt lat="50.642719" lon="8.113434">
        <ele>588.284787</ele>
        <time>2026-08-09T08:56:23.445Z</time>
      </trkpt>
      <trkpt lat="50.642716" lon="8.113556">
        <ele>587.825718</ele>
        <time>2026-08-09T08:56:25.281Z</time>
      </trkpt>
      <trkpt lat="50.640652" lon="8.114388">
        <ele>579.547445</ele>
        <time>2026-08-09T08:57:21.163Z</time>
      </trkpt>
      <trkpt lat="50.639934" lon="8.114470">
        <ele>575.027680</ele>
        <time>2026-08-09T08:57:38.797Z</time>
      </trkpt>
      <trkpt lat="50.639600" lon="8.114488">
        <ele>572.605276</ele>
        <time>2026-08-09T08:57:43.141Z</time>
      </trkpt>
      <trkpt lat="50.639319" lon="8.114462">
        <ele>570.564950</ele>
        <time>2026-08-09T08:57:46.752Z</time>
      </trkpt>
      <trkpt lat="50.638970" lon="8.114922">
        <ele>567.267816</ele>
        <time>2026-08-09T08:57:51.595Z</time>
      </trkpt>
      <trkpt lat="50.638807" lon="8.115155">
        <ele>565.628687</ele>
        <time>2026-08-09T08:57:53.905Z</time>
      </trkpt>
      <trkpt lat="50.638310" lon="8.115877">
        <ele>559.924434</ele>
        <time>2026-08-09T08:58:00.974Z</time>
      </trkpt>
      <trkpt lat="50.637742" lon="8.116691">
        <ele>553.445525</ele>
        <time>2026-08-09T08:58:09.268Z</time>
      </trkpt>
      <trkpt lat="50.637271" lon="8.117400">
        <ele>549.045314</ele>
        <time>2026-08-09T08:58:16.506Z</time>
      </trkpt>
      <trkpt lat="50.636057" lon="8.119207">
        <ele>540.882975</ele>
        <time>2026-08-09T08:58:36.219Z</time>
      </trkpt>
      <trkpt lat="50.635758" lon="8.119653">
        <ele>539.640550</ele>
        <time>2026-08-09T08:58:41.261Z</time>
      </trkpt>
      <trkpt lat="50.635444" lon="8.119940">
        <ele>538.544996</ele>
        <time>2026-08-09T08:58:45.783Z</time>
      </trkpt>
      <trkpt lat="50.635195" lon="8.120131">
        <ele>537.709160</ele>
        <time>2026-08-09T08:58:49.353Z</time>
      </trkpt>
      <trkpt lat="50.635016" lon="8.120212">
        <ele>537.147037</ele>
        <time>2026-08-09T08:58:51.815Z</time>
      </trkpt>
      <trkpt lat="50.635106" lon="8.120633">
        <ele>536.296481</ele>
        <time>2026-08-09T08:58:55.699Z</time>
      </trkpt>
      <trkpt lat="50.635293" lon="8.120982">
        <ele>535.810583</ele>
        <time>2026-08-09T08:58:59.948Z</time>
      </trkpt>
      <trkpt lat="50.635356" lon="8.121171">
        <ele>535.647200</ele>
        <time>2026-08-09T08:59:01.995Z</time>
      </trkpt>
      <trkpt lat="50.635379" lon="8.121313">
        <ele>535.535052</ele>
        <time>2026-08-09T08:59:03.414Z</time>
      </trkpt>
      <trkpt lat="50.635152" lon="8.121316">
        <ele>535.261169</ele>
        <time>2026-08-09T08:59:06.810Z</time>
      </trkpt>
      <trkpt lat="50.634985" lon="8.121373">
        <ele>535.055018</ele>
        <time>2026-08-09T08:59:09.396Z</time>
      </trkpt>
      <trkpt lat="50.634706" lon="8.121648">
        <ele>534.658042</ele>
        <time>2026-08-09T08:59:14.339Z</time>
      </trkpt>
      <trkpt lat="50.634459" lon="8.121888">
        <ele>534.307992</ele>
        <time>2026-08-09T08:59:18.603Z</time>
      </trkpt>
      <trkpt lat="50.633394" lon="8.122545">
        <ele>533.038148</ele>
        <time>2026-08-09T08:59:34.860Z</time>
      </trkpt>
      <trkpt lat="50.631381" lon="8.123814">
        <ele>531.259537</ele>
        <time>2026-08-09T09:00:07.840Z</time>
      </trkpt>
      <trkpt lat="50.630169" lon="8.124675">
        <ele>530.889030</ele>
        <time>2026-08-09T09:00:29.756Z</time>
      </trkpt>
      <trkpt lat="50.629205" lon="8.125365">
        <ele>530.903886</ele>
        <time>2026-08-09T09:00:49.960Z</time>
      </trkpt>
      <trkpt lat="50.628078" lon="8.126135">
        <ele>529.793410</ele>
        <time>2026-08-09T09:01:08.606Z</time>
      </trkpt>
      <trkpt lat="50.627892" lon="8.125383">
        <ele>529.316751</ele>
        <time>2026-08-09T09:01:16.636Z</time>
      </trkpt>
      <trkpt lat="50.625475" lon="8.126874">
        <ele>526.367380</ele>
        <time>2026-08-09T09:02:00.099Z</time>
      </trkpt>
      <trkpt lat="50.623987" lon="8.127823">
        <ele>524.323796</ele>
        <time>2026-08-09T09:02:26.828Z</time>
      </trkpt>
      <trkpt lat="50.623649" lon="8.128173">
        <ele>523.679932</ele>
        <time>2026-08-09T09:02:33.180Z</time>
      </trkpt>
      <trkpt lat="50.623467" lon="8.128365">
        <ele>523.331260</ele>
        <time>2026-08-09T09:02:36.605Z</time>
      </trkpt>
      <trkpt lat="50.623164" lon="8.128787">
        <ele>522.687519</ele>
        <time>2026-08-09T09:02:42.884Z</time>
      </trkpt>
      <trkpt lat="50.622973" lon="8.129129">
        <ele>522.247433</ele>
        <time>2026-08-09T09:02:47.375Z</time>
      </trkpt>
      <trkpt lat="50.622566" lon="8.130044">
        <ele>521.623589</ele>
        <time>2026-08-09T09:02:59.042Z</time>
      </trkpt>
      <trkpt lat="50.622423" lon="8.130363">
        <ele>521.405536</ele>
        <time>2026-08-09T09:03:03.203Z</time>
      </trkpt>
      <trkpt lat="50.622164" lon="8.131507">
        <ele>520.727440</ele>
        <time>2026-08-09T09:03:16.661Z</time>
      </trkpt>
      <trkpt lat="50.622086" lon="8.132128">
        <ele>520.993013</ele>
        <time>2026-08-09T09:03:24.866Z</time>
      </trkpt>
      <trkpt lat="50.622059" lon="8.132907">
        <ele>521.411736</ele>
        <time>2026-08-09T09:03:37.338Z</time>
      </trkpt>
      <trkpt lat="50.622087" lon="8.133544">
        <ele>521.754442</ele>
        <time>2026-08-09T09:03:47.886Z</time>
      </trkpt>
      <trkpt lat="50.622164" lon="8.134189">
        <ele>522.106697</ele>
        <time>2026-08-09T09:03:58.880Z</time>
      </trkpt>
      <trkpt lat="50.622839" lon="8.138321">
        <ele>522.053471</ele>
        <time>2026-08-09T09:04:52.918Z</time>
      </trkpt>
      <trkpt lat="50.622969" lon="8.139307">
        <ele>521.486557</ele>
        <time>2026-08-09T09:05:03.383Z</time>
      </trkpt>
      <trkpt lat="50.623030" lon="8.140235">
        <ele>520.609595</ele>
        <time>2026-08-09T09:05:12.466Z</time>
      </trkpt>
      <trkpt lat="50.623042" lon="8.141152">
        <ele>519.149687</ele>
        <time>2026-08-09T09:05:21.069Z</time>
      </trkpt>
      <trkpt lat="50.622983" lon="8.142108">
        <ele>517.620829</ele>
        <time>2026-08-09T09:05:29.998Z</time>
      </trkpt>
      <trkpt lat="50.622889" lon="8.142971">
        <ele>516.323071</ele>
        <time>2026-08-09T09:05:38.269Z</time>
      </trkpt>
      <trkpt lat="50.622451" lon="8.145888">
        <ele>513.022399</ele>
        <time>2026-08-09T09:06:08.012Z</time>
      </trkpt>
      <trkpt lat="50.622419" lon="8.146100">
        <ele>512.943943</ele>
        <time>2026-08-09T09:06:10.359Z</time>
      </trkpt>
      <trkpt lat="50.622017" lon="8.148820">
        <ele>512.143876</ele>
        <time>2026-08-09T09:06:43.361Z</time>
      </trkpt>
      <trkpt lat="50.621927" lon="8.149115">
        <ele>512.138407</ele>
        <time>2026-08-09T09:06:47.248Z</time>
      </trkpt>
      <trkpt lat="50.621923" lon="8.150244">
        <ele>512.119545</ele>
        <time>2026-08-09T09:07:00.873Z</time>
      </trkpt>
      <trkpt lat="50.621923" lon="8.150805">
        <ele>512.110173</ele>
        <time>2026-08-09T09:07:07.943Z</time>
      </trkpt>
      <trkpt lat="50.621985" lon="8.152577">
        <ele>512.318423</ele>
        <time>2026-08-09T09:07:30.991Z</time>
      </trkpt>
      <trkpt lat="50.622223" lon="8.155295">
        <ele>512.726009</ele>
        <time>2026-08-09T09:08:05.614Z</time>
      </trkpt>
      <trkpt lat="50.622239" lon="8.156067">
        <ele>512.849057</ele>
        <time>2026-08-09T09:08:15.541Z</time>
      </trkpt>
      <trkpt lat="50.622464" lon="8.158913">
        <ele>513.418509</ele>
        <time>2026-08-09T09:08:53.959Z</time>
      </trkpt>
      <trkpt lat="50.622645" lon="8.160936">
        <ele>513.608042</ele>
        <time>2026-08-09T09:09:19.308Z</time>
      </trkpt>
      <trkpt lat="50.622651" lon="8.161495">
        <ele>513.635053</ele>
        <time>2026-08-09T09:09:26.215Z</time>
      </trkpt>
      <trkpt lat="50.622620" lon="8.161584">
        <ele>513.639958</ele>
        <time>2026-08-09T09:09:27.497Z</time>
      </trkpt>
      <trkpt lat="50.622556" lon="8.161740">
        <ele>513.648934</ele>
        <time>2026-08-09T09:09:29.549Z</time>
      </trkpt>
      <trkpt lat="50.622526" lon="8.161899">
        <ele>513.656948</ele>
        <time>2026-08-09T09:09:31.388Z</time>
      </trkpt>
      <trkpt lat="50.622298" lon="8.163951">
        <ele>513.292423</ele>
        <time>2026-08-09T09:09:53.602Z</time>
      </trkpt>
      <trkpt lat="50.621768" lon="8.166245">
        <ele>511.267755</ele>
        <time>2026-08-09T09:10:17.336Z</time>
      </trkpt>
      <trkpt lat="50.621676" lon="8.166975">
        <ele>510.279969</ele>
        <time>2026-08-09T09:10:23.620Z</time>
      </trkpt>
      <trkpt lat="50.621551" lon="8.167278">
        <ele>509.800285</ele>
        <time>2026-08-09T09:10:26.520Z</time>
      </trkpt>
      <trkpt lat="50.620871" lon="8.168345">
        <ele>505.905450</ele>
        <time>2026-08-09T09:10:37.920Z</time>
      </trkpt>
      <trkpt lat="50.620454" lon="8.169079">
        <ele>502.947862</ele>
        <time>2026-08-09T09:10:45.116Z</time>
      </trkpt>
      <trkpt lat="50.620184" lon="8.169813">
        <ele>500.483269</ele>
        <time>2026-08-09T09:10:51.413Z</time>
      </trkpt>
      <trkpt lat="50.619995" lon="8.170692">
        <ele>498.303663</ele>
        <time>2026-08-09T09:10:58.486Z</time>
      </trkpt>
      <trkpt lat="50.619402" lon="8.170331">
        <ele>495.950641</ele>
        <time>2026-08-09T09:11:07.441Z</time>
      </trkpt>
      <trkpt lat="50.619270" lon="8.170289">
        <ele>495.452187</ele>
        <time>2026-08-09T09:11:09.363Z</time>
      </trkpt>
      <trkpt lat="50.617762" lon="8.170369">
        <ele>491.747400</ele>
        <time>2026-08-09T09:11:31.742Z</time>
      </trkpt>
      <trkpt lat="50.617438" lon="8.170361">
        <ele>491.078075</ele>
        <time>2026-08-09T09:11:37.204Z</time>
      </trkpt>
      <trkpt lat="50.617293" lon="8.170417">
        <ele>490.769707</ele>
        <time>2026-08-09T09:11:39.747Z</time>
      </trkpt>
      <trkpt lat="50.616938" lon="8.170670">
        <ele>490.093157</ele>
        <time>2026-08-09T09:11:46.407Z</time>
      </trkpt>
      <trkpt lat="50.616672" lon="8.170819">
        <ele>489.679473</ele>
        <time>2026-08-09T09:11:51.295Z</time>
      </trkpt>
      <trkpt lat="50.616594" lon="8.172955">
        <ele>487.638170</ele>
        <time>2026-08-09T09:12:29.427Z</time>
      </trkpt>
      <trkpt lat="50.616552" lon="8.175157">
        <ele>484.265359</ele>
        <time>2026-08-09T09:13:07.315Z</time>
      </trkpt>
      <trkpt lat="50.616465" lon="8.175880">
        <ele>482.859600</ele>
        <time>2026-08-09T09:13:19.738Z</time>
      </trkpt>
      <trkpt lat="50.616094" lon="8.177215">
        <ele>478.493908</ele>
        <time>2026-08-09T09:13:42.277Z</time>
      </trkpt>
      <trkpt lat="50.616065" lon="8.177344">
        <ele>478.083954</ele>
        <time>2026-08-09T09:13:44.461Z</time>
      </trkpt>
      <trkpt lat="50.616101" lon="8.177477">
        <ele>477.650819</ele>
        <time>2026-08-09T09:13:46.792Z</time>
      </trkpt>
      <trkpt lat="50.616495" lon="8.177699">
        <ele>475.675478</ele>
        <time>2026-08-09T09:13:57.345Z</time>
      </trkpt>
      <trkpt lat="50.616576" lon="8.177845">
        <ele>475.094540</ele>
        <time>2026-08-09T09:14:00.459Z</time>
      </trkpt>
      <trkpt lat="50.616651" lon="8.178252">
        <ele>473.884001</ele>
        <time>2026-08-09T09:14:07.217Z</time>
      </trkpt>
      <trkpt lat="50.616652" lon="8.178336">
        <ele>473.645661</ele>
        <time>2026-08-09T09:14:08.570Z</time>
      </trkpt>
      <trkpt lat="50.616608" lon="8.178492">
        <ele>473.161353</ele>
        <time>2026-08-09T09:14:11.280Z</time>
      </trkpt>
      <trkpt lat="50.616661" lon="8.178594">
        <ele>472.787345</ele>
        <time>2026-08-09T09:14:12.234Z</time>
      </trkpt>
      <trkpt lat="50.616711" lon="8.178625">
        <ele>472.547119</ele>
        <time>2026-08-09T09:14:12.973Z</time>
      </trkpt>
      <trkpt lat="50.616811" lon="8.178717">
        <ele>472.029416</ele>
        <time>2026-08-09T09:14:14.319Z</time>
      </trkpt>
      <trkpt lat="50.616848" lon="8.178802">
        <ele>471.736992</ele>
        <time>2026-08-09T09:14:15.077Z</time>
      </trkpt>
      <trkpt lat="50.616866" lon="8.178942">
        <ele>471.331759</ele>
        <time>2026-08-09T09:14:16.148Z</time>
      </trkpt>
      <trkpt lat="50.616648" lon="8.182614">
        <ele>462.405197</ele>
        <time>2026-08-09T09:14:44.969Z</time>
      </trkpt>
      <trkpt lat="50.616706" lon="8.184433">
        <ele>459.689478</ele>
        <time>2026-08-09T09:15:00.039Z</time>
      </trkpt>
      <trkpt lat="50.617733" lon="8.188602">
        <ele>456.043293</ele>
        <time>2026-08-09T09:15:41.934Z</time>
      </trkpt>
      <trkpt lat="50.617976" lon="8.189605">
        <ele>456.021317</ele>
        <time>2026-08-09T09:15:52.573Z</time>
      </trkpt>
      <trkpt lat="50.617887" lon="8.189713">
        <ele>456.027231</ele>
        <time>2026-08-09T09:15:54.507Z</time>
      </trkpt>
      <trkpt lat="50.617855" lon="8.189810">
        <ele>456.030883</ele>
        <time>2026-08-09T09:15:55.817Z</time>
      </trkpt>
      <trkpt lat="50.617834" lon="8.190216">
        <ele>456.044492</ele>
        <time>2026-08-09T09:16:00.873Z</time>
      </trkpt>
      <trkpt lat="50.617813" lon="8.190862">
        <ele>456.066101</ele>
        <time>2026-08-09T09:16:08.788Z</time>
      </trkpt>
      <trkpt lat="50.617793" lon="8.190887">
        <ele>456.067446</ele>
        <time>2026-08-09T09:16:09.367Z</time>
      </trkpt>
      <trkpt lat="50.617717" lon="8.190985">
        <ele>456.072616</ele>
        <time>2026-08-09T09:16:11.529Z</time>
      </trkpt>
      <trkpt lat="50.617647" lon="8.191066">
        <ele>456.077188</ele>
        <time>2026-08-09T09:16:13.190Z</time>
      </trkpt>
      <trkpt lat="50.617375" lon="8.191368">
        <ele>456.004189</ele>
        <time>2026-08-09T09:16:19.680Z</time>
      </trkpt>
      <trkpt lat="50.617493" lon="8.191484">
        <ele>455.954806</ele>
        <time>2026-08-09T09:16:22.452Z</time>
      </trkpt>
      <trkpt lat="50.617748" lon="8.191981">
        <ele>455.810800</ele>
        <time>2026-08-09T09:16:30.469Z</time>
      </trkpt>
      <trkpt lat="50.617782" lon="8.192039">
        <ele>455.793009</ele>
        <time>2026-08-09T09:16:31.405Z</time>
      </trkpt>
      <trkpt lat="50.618103" lon="8.192649">
        <ele>455.614458</ele>
        <time>2026-08-09T09:16:39.317Z</time>
      </trkpt>
      <trkpt lat="50.618447" lon="8.192108">
        <ele>455.434596</ele>
        <time>2026-08-09T09:16:46.592Z</time>
      </trkpt>
      <trkpt lat="50.618623" lon="8.192454">
        <ele>455.035584</ele>
        <time>2026-08-09T09:16:50.554Z</time>
      </trkpt>
      <trkpt lat="50.618837" lon="8.193218">
        <ele>454.284165</ele>
        <time>2026-08-09T09:16:57.967Z</time>
      </trkpt>
      <trkpt lat="50.618761" lon="8.194615">
        <ele>453.022600</ele>
        <time>2026-08-09T09:17:10.599Z</time>
      </trkpt>
      <trkpt lat="50.618828" lon="8.198407">
        <ele>450.629185</ele>
        <time>2026-08-09T09:17:46.469Z</time>
      </trkpt>
      <trkpt lat="50.618840" lon="8.199801">
        <ele>449.938092</ele>
        <time>2026-08-09T09:18:02.644Z</time>
      </trkpt>
      <trkpt lat="50.618696" lon="8.201227">
        <ele>449.167652</ele>
        <time>2026-08-09T09:18:19.063Z</time>
      </trkpt>
      <trkpt lat="50.618567" lon="8.202182">
        <ele>448.618444</ele>
        <time>2026-08-09T09:18:29.917Z</time>
      </trkpt>
      <trkpt lat="50.617356" lon="8.206138">
        <ele>446.273585</ele>
        <time>2026-08-09T09:19:19.419Z</time>
      </trkpt>
      <trkpt lat="50.617312" lon="8.206321">
        <ele>446.192727</ele>
        <time>2026-08-09T09:19:21.657Z</time>
      </trkpt>
      <trkpt lat="50.617305" lon="8.206466">
        <ele>446.132643</ele>
        <time>2026-08-09T09:19:23.306Z</time>
      </trkpt>
      <trkpt lat="50.617496" lon="8.208855">
        <ele>445.555145</ele>
        <time>2026-08-09T09:19:51.134Z</time>
      </trkpt>
      <trkpt lat="50.617494" lon="8.209203">
        <ele>445.747623</ele>
        <time>2026-08-09T09:19:55.614Z</time>
      </trkpt>
      <trkpt lat="50.616593" lon="8.212510">
        <ele>447.923599</ele>
        <time>2026-08-09T09:20:49.348Z</time>
      </trkpt>
      <trkpt lat="50.616461" lon="8.213072">
        <ele>448.327015</ele>
        <time>2026-08-09T09:20:58.047Z</time>
      </trkpt>
      <trkpt lat="50.616300" lon="8.214095">
        <ele>448.577334</ele>
        <time>2026-08-09T09:21:10.941Z</time>
      </trkpt>
      <trkpt lat="50.616002" lon="8.215148">
        <ele>447.893940</ele>
        <time>2026-08-09T09:21:22.612Z</time>
      </trkpt>
      <trkpt lat="50.615234" lon="8.217521">
        <ele>443.626322</ele>
        <time>2026-08-09T09:21:45.678Z</time>
      </trkpt>
      <trkpt lat="50.614969" lon="8.218706">
        <ele>440.369769</ele>
        <time>2026-08-09T09:21:54.902Z</time>
      </trkpt>
      <trkpt lat="50.614990" lon="8.221046">
        <ele>430.424341</ele>
        <time>2026-08-09T09:22:11.063Z</time>
      </trkpt>
      <trkpt lat="50.614868" lon="8.222168">
        <ele>426.039797</ele>
        <time>2026-08-09T09:22:19.159Z</time>
      </trkpt>
      <trkpt lat="50.614220" lon="8.223883">
        <ele>420.408696</ele>
        <time>2026-08-09T09:22:34.502Z</time>
      </trkpt>
      <trkpt lat="50.613988" lon="8.224389">
        <ele>418.845852</ele>
        <time>2026-08-09T09:22:39.504Z</time>
      </trkpt>
      <trkpt lat="50.613602" lon="8.225109">
        <ele>417.138456</ele>
        <time>2026-08-09T09:22:46.715Z</time>
      </trkpt>
      <trkpt lat="50.613439" lon="8.225376">
        <ele>416.467310</ele>
        <time>2026-08-09T09:22:49.645Z</time>
      </trkpt>
      <trkpt lat="50.613362" lon="8.225503">
        <ele>416.149127</ele>
        <time>2026-08-09T09:22:51.061Z</time>
      </trkpt>
      <trkpt lat="50.613242" lon="8.225724">
        <ele>415.622238</ele>
        <time>2026-08-09T09:22:53.441Z</time>
      </trkpt>
      <trkpt lat="50.613145" lon="8.225911">
        <ele>415.184721</ele>
        <time>2026-08-09T09:22:55.468Z</time>
      </trkpt>
      <trkpt lat="50.613032" lon="8.226216">
        <ele>414.544951</ele>
        <time>2026-08-09T09:22:58.511Z</time>
      </trkpt>
      <trkpt lat="50.612753" lon="8.226211">
        <ele>414.172951</ele>
        <time>2026-08-09T09:23:02.550Z</time>
      </trkpt>
      <trkpt lat="50.612290" lon="8.226080">
        <ele>414.619080</ele>
        <time>2026-08-09T09:23:10.253Z</time>
      </trkpt>
      <trkpt lat="50.612052" lon="8.226090">
        <ele>414.844879</ele>
        <time>2026-08-09T09:23:15.576Z</time>
      </trkpt>
      <trkpt lat="50.611691" lon="8.226162">
        <ele>415.189982</ele>
        <time>2026-08-09T09:23:25.884Z</time>
      </trkpt>
      <trkpt lat="50.611359" lon="8.226303">
        <ele>415.516084</ele>
        <time>2026-08-09T09:23:35.299Z</time>
      </trkpt>
      <trkpt lat="50.611274" lon="8.226368">
        <ele>415.605688</ele>
        <time>2026-08-09T09:23:37.744Z</time>
      </trkpt>
      <trkpt lat="50.610501" lon="8.226948">
        <ele>417.906712</ele>
        <time>2026-08-09T09:23:58.122Z</time>
      </trkpt>
      <trkpt lat="50.609830" lon="8.227508">
        <ele>420.289950</ele>
        <time>2026-08-09T09:24:21.016Z</time>
      </trkpt>
      <trkpt lat="50.609692" lon="8.227533">
        <ele>420.725950</ele>
        <time>2026-08-09T09:24:26.028Z</time>
      </trkpt>
      <trkpt lat="50.609552" lon="8.227472">
        <ele>421.181864</ele>
        <time>2026-08-09T09:24:31.557Z</time>
      </trkpt>
      <trkpt lat="50.609421" lon="8.227241">
        <ele>422.339981</ele>
        <time>2026-08-09T09:24:39.517Z</time>
      </trkpt>
      <trkpt lat="50.608904" lon="8.225549">
        <ele>431.398997</ele>
        <time>2026-08-09T09:25:40.910Z</time>
      </trkpt>
      <trkpt lat="50.608825" lon="8.225403">
        <ele>432.324562</ele>
        <time>2026-08-09T09:25:48.178Z</time>
      </trkpt>
      <trkpt lat="50.608487" lon="8.225014">
        <ele>435.437523</ele>
        <time>2026-08-09T09:26:13.758Z</time>
      </trkpt>
      <trkpt lat="50.608477" lon="8.224940">
        <ele>435.742162</ele>
        <time>2026-08-09T09:26:16.756Z</time>
      </trkpt>
      <trkpt lat="50.608468" lon="8.224877">
        <ele>436.002178</ele>
        <time>2026-08-09T09:26:19.232Z</time>
      </trkpt>
      <trkpt lat="50.608535" lon="8.224570">
        <ele>437.309359</ele>
        <time>2026-08-09T09:26:31.643Z</time>
      </trkpt>
      <trkpt lat="50.608600" lon="8.223724">
        <ele>440.740627</ele>
        <time>2026-08-09T09:27:00.749Z</time>
      </trkpt>
      <trkpt lat="50.608571" lon="8.223522">
        <ele>441.574527</ele>
        <time>2026-08-09T09:27:07.008Z</time>
      </trkpt>
      <trkpt lat="50.608511" lon="8.223338">
        <ele>442.407480</ele>
        <time>2026-08-09T09:27:12.916Z</time>
      </trkpt>
      <trkpt lat="50.608368" lon="8.223133">
        <ele>443.634070</ele>
        <time>2026-08-09T09:27:21.092Z</time>
      </trkpt>
      <trkpt lat="50.608275" lon="8.223075">
        <ele>444.268666</ele>
        <time>2026-08-09T09:27:24.981Z</time>
      </trkpt>
      <trkpt lat="50.608189" lon="8.223069">
        <ele>444.814848</ele>
        <time>2026-08-09T09:27:28.119Z</time>
      </trkpt>
      <trkpt lat="50.607819" lon="8.223446">
        <ele>446.406726</ele>
        <time>2026-08-09T09:27:41.353Z</time>
      </trkpt>
      <trkpt lat="50.606861" lon="8.224520">
        <ele>445.759987</ele>
        <time>2026-08-09T09:27:59.338Z</time>
      </trkpt>
      <trkpt lat="50.606797" lon="8.224549">
        <ele>445.723355</ele>
        <time>2026-08-09T09:28:00.236Z</time>
      </trkpt>
      <trkpt lat="50.606413" lon="8.224772">
        <ele>445.413480</ele>
        <time>2026-08-09T09:28:05.613Z</time>
      </trkpt>
      <trkpt lat="50.606320" lon="8.224792">
        <ele>445.072667</ele>
        <time>2026-08-09T09:28:06.814Z</time>
      </trkpt>
      <trkpt lat="50.606104" lon="8.224761">
        <ele>444.285124</ele>
        <time>2026-08-09T09:28:09.550Z</time>
      </trkpt>
      <trkpt lat="50.605929" lon="8.224805">
        <ele>443.641659</ele>
        <time>2026-08-09T09:28:11.742Z</time>
      </trkpt>
      <trkpt lat="50.604989" lon="8.225262">
        <ele>440.069739</ele>
        <time>2026-08-09T09:28:23.653Z</time>
      </trkpt>
      <trkpt lat="50.604898" lon="8.225306">
        <ele>439.724110</ele>
        <time>2026-08-09T09:28:24.802Z</time>
      </trkpt>
      <trkpt lat="50.603843" lon="8.225603">
        <ele>436.239719</ele>
        <time>2026-08-09T09:28:37.778Z</time>
      </trkpt>
      <trkpt lat="50.603359" lon="8.225874">
        <ele>434.615630</ele>
        <time>2026-08-09T09:28:44.281Z</time>
      </trkpt>
      <trkpt lat="50.601949" lon="8.226662">
        <ele>431.124653</ele>
        <time>2026-08-09T09:29:05.178Z</time>
      </trkpt>
      <trkpt lat="50.601079" lon="8.227576">
        <ele>428.592920</ele>
        <time>2026-08-09T09:29:19.184Z</time>
      </trkpt>
      <trkpt lat="50.601433" lon="8.228224">
        <ele>426.788887</ele>
        <time>2026-08-09T09:29:25.839Z</time>
      </trkpt>
      <trkpt lat="50.602030" lon="8.229442">
        <ele>423.676651</ele>
        <time>2026-08-09T09:29:37.590Z</time>
      </trkpt>
      <trkpt lat="50.602163" lon="8.229763">
        <ele>423.575979</ele>
        <time>2026-08-09T09:29:40.770Z</time>
      </trkpt>
      <trkpt lat="50.602173" lon="8.229900">
        <ele>423.539763</ele>
        <time>2026-08-09T09:29:41.961Z</time>
      </trkpt>
      <trkpt lat="50.602120" lon="8.230033">
        <ele>423.498522</ele>
        <time>2026-08-09T09:29:43.345Z</time>
      </trkpt>
      <trkpt lat="50.601420" lon="8.230790">
        <ele>423.147223</ele>
        <time>2026-08-09T09:29:58.730Z</time>
      </trkpt>
      <trkpt lat="50.600917" lon="8.231029">
        <ele>422.859377</ele>
        <time>2026-08-09T09:30:12.212Z</time>
      </trkpt>
      <trkpt lat="50.600739" lon="8.231196">
        <ele>422.496274</ele>
        <time>2026-08-09T09:30:16.999Z</time>
      </trkpt>
      <trkpt lat="50.600498" lon="8.231614">
        <ele>421.868061</ele>
        <time>2026-08-09T09:30:24.083Z</time>
      </trkpt>
      <trkpt lat="50.600975" lon="8.232018">
        <ele>420.918887</ele>
        <time>2026-08-09T09:30:31.929Z</time>
      </trkpt>
      <trkpt lat="50.601058" lon="8.232088">
        <ele>420.753883</ele>
        <time>2026-08-09T09:30:33.163Z</time>
      </trkpt>
      <trkpt lat="50.601343" lon="8.232276">
        <ele>420.212355</ele>
        <time>2026-08-09T09:30:36.966Z</time>
      </trkpt>
      <trkpt lat="50.602502" lon="8.232758">
        <ele>413.775570</ele>
        <time>2026-08-09T09:30:50.422Z</time>
      </trkpt>
      <trkpt lat="50.602645" lon="8.232938">
        <ele>412.630638</ele>
        <time>2026-08-09T09:30:52.445Z</time>
      </trkpt>
      <trkpt lat="50.603696" lon="8.234149">
        <ele>405.527075</ele>
        <time>2026-08-09T09:31:06.973Z</time>
      </trkpt>
      <trkpt lat="50.604926" lon="8.235360">
        <ele>398.952892</ele>
        <time>2026-08-09T09:31:24.803Z</time>
      </trkpt>
      <trkpt lat="50.605053" lon="8.235667">
        <ele>398.004514</ele>
        <time>2026-08-09T09:31:28.185Z</time>
      </trkpt>
      <trkpt lat="50.605136" lon="8.236114">
        <ele>396.799205</ele>
        <time>2026-08-09T09:31:32.034Z</time>
      </trkpt>
      <trkpt lat="50.605286" lon="8.237085">
        <ele>394.212938</ele>
        <time>2026-08-09T09:31:39.618Z</time>
      </trkpt>
      <trkpt lat="50.605375" lon="8.237163">
        <ele>393.797663</ele>
        <time>2026-08-09T09:31:41.045Z</time>
      </trkpt>
      <trkpt lat="50.605532" lon="8.237312">
        <ele>393.050306</ele>
        <time>2026-08-09T09:31:43.566Z</time>
      </trkpt>
      <trkpt lat="50.605656" lon="8.237549">
        <ele>392.060273</ele>
        <time>2026-08-09T09:31:46.174Z</time>
      </trkpt>
      <trkpt lat="50.605837" lon="8.238109">
        <ele>389.897058</ele>
        <time>2026-08-09T09:31:51.401Z</time>
      </trkpt>
      <trkpt lat="50.605872" lon="8.238202">
        <ele>389.524882</ele>
        <time>2026-08-09T09:31:52.283Z</time>
      </trkpt>
      <trkpt lat="50.606009" lon="8.238336">
        <ele>388.650306</ele>
        <time>2026-08-09T09:31:54.380Z</time>
      </trkpt>
      <trkpt lat="50.606093" lon="8.238554">
        <ele>387.772434</ele>
        <time>2026-08-09T09:31:56.153Z</time>
      </trkpt>
      <trkpt lat="50.606133" lon="8.239746">
        <ele>383.663632</ele>
        <time>2026-08-09T09:32:05.075Z</time>
      </trkpt>
      <trkpt lat="50.606235" lon="8.240500">
        <ele>381.842082</ele>
        <time>2026-08-09T09:32:11.440Z</time>
      </trkpt>
      <trkpt lat="50.606327" lon="8.240984">
        <ele>380.798314</ele>
        <time>2026-08-09T09:32:15.599Z</time>
      </trkpt>
      <trkpt lat="50.606695" lon="8.242355">
        <ele>377.723111</ele>
        <time>2026-08-09T09:32:27.439Z</time>
      </trkpt>
      <trkpt lat="50.606943" lon="8.243267">
        <ele>376.061912</ele>
        <time>2026-08-09T09:32:35.234Z</time>
      </trkpt>
      <trkpt lat="50.607064" lon="8.244025">
        <ele>374.848620</ele>
        <time>2026-08-09T09:32:41.617Z</time>
      </trkpt>
      <trkpt lat="50.607106" lon="8.244432">
        <ele>374.208538</ele>
        <time>2026-08-09T09:32:50.018Z</time>
      </trkpt>
      <trkpt lat="50.607425" lon="8.247431">
        <ele>370.819659</ele>
        <time>2026-08-09T09:33:17.946Z</time>
      </trkpt>
      <trkpt lat="50.607458" lon="8.247864">
        <ele>370.411846</ele>
        <time>2026-08-09T09:33:21.836Z</time>
      </trkpt>
      <trkpt lat="50.607446" lon="8.248693">
        <ele>369.158493</ele>
        <time>2026-08-09T09:33:28.879Z</time>
      </trkpt>
      <trkpt lat="50.607441" lon="8.248812">
        <ele>368.950095</ele>
        <time>2026-08-09T09:33:29.866Z</time>
      </trkpt>
      <trkpt lat="50.607423" lon="8.248965">
        <ele>368.678185</ele>
        <time>2026-08-09T09:33:31.164Z</time>
      </trkpt>
      <trkpt lat="50.607329" lon="8.249711">
        <ele>367.349162</ele>
        <time>2026-08-09T09:33:37.365Z</time>
      </trkpt>
      <trkpt lat="50.606991" lon="8.251783">
        <ele>363.776904</ele>
        <time>2026-08-09T09:33:54.413Z</time>
      </trkpt>
      <trkpt lat="50.606960" lon="8.252329">
        <ele>362.917012</ele>
        <time>2026-08-09T09:33:59.025Z</time>
      </trkpt>
      <trkpt lat="50.606964" lon="8.252829">
        <ele>362.132635</ele>
        <time>2026-08-09T09:34:03.304Z</time>
      </trkpt>
      <trkpt lat="50.607003" lon="8.253386">
        <ele>361.253607</ele>
        <time>2026-08-09T09:34:08.165Z</time>
      </trkpt>
      <trkpt lat="50.607297" lon="8.254882">
        <ele>359.125397</ele>
        <time>2026-08-09T09:34:21.846Z</time>
      </trkpt>
      <trkpt lat="50.607567" lon="8.256252">
        <ele>357.246219</ele>
        <time>2026-08-09T09:34:33.951Z</time>
      </trkpt>
      <trkpt lat="50.607720" lon="8.257037">
        <ele>356.437478</ele>
        <time>2026-08-09T09:34:40.940Z</time>
      </trkpt>
      <trkpt lat="50.607741" lon="8.257144">
        <ele>356.334028</ele>
        <time>2026-08-09T09:34:41.919Z</time>
      </trkpt>
      <trkpt lat="50.607819" lon="8.257525">
        <ele>355.964253</ele>
        <time>2026-08-09T09:34:45.405Z</time>
      </trkpt>
      <trkpt lat="50.608457" lon="8.260654">
        <ele>353.193118</ele>
        <time>2026-08-09T09:35:16.527Z</time>
      </trkpt>
      <trkpt lat="50.608561" lon="8.261466">
        <ele>352.560315</ele>
        <time>2026-08-09T09:35:24.253Z</time>
      </trkpt>
      <trkpt lat="50.608572" lon="8.261994">
        <ele>351.825800</ele>
        <time>2026-08-09T09:35:29.034Z</time>
      </trkpt>
      <trkpt lat="50.608538" lon="8.262471">
        <ele>350.567962</ele>
        <time>2026-08-09T09:35:33.135Z</time>
      </trkpt>
      <trkpt lat="50.608426" lon="8.263241">
        <ele>348.497851</ele>
        <time>2026-08-09T09:35:39.473Z</time>
      </trkpt>
      <trkpt lat="50.608295" lon="8.263772">
        <ele>347.004915</ele>
        <time>2026-08-09T09:35:43.791Z</time>
      </trkpt>
      <trkpt lat="50.608111" lon="8.264296">
        <ele>345.435577</ele>
        <time>2026-08-09T09:35:48.119Z</time>
      </trkpt>
      <trkpt lat="50.607861" lon="8.264840">
        <ele>342.377159</ele>
        <time>2026-08-09T09:35:52.776Z</time>
      </trkpt>
      <trkpt lat="50.607648" lon="8.265205">
        <ele>339.660470</ele>
        <time>2026-08-09T09:35:56.129Z</time>
      </trkpt>
      <trkpt lat="50.607363" lon="8.265596">
        <ele>336.398135</ele>
        <time>2026-08-09T09:36:00.119Z</time>
      </trkpt>
      <trkpt lat="50.607072" lon="8.265842">
        <ele>333.547194</ele>
        <time>2026-08-09T09:36:03.596Z</time>
      </trkpt>
      <trkpt lat="50.606673" lon="8.266060">
        <ele>329.901388</ele>
        <time>2026-08-09T09:36:08.079Z</time>
      </trkpt>
      <trkpt lat="50.606195" lon="8.266210">
        <ele>327.146676</ele>
        <time>2026-08-09T09:36:13.317Z</time>
      </trkpt>
      <trkpt lat="50.605860" lon="8.266231">
        <ele>325.406279</ele>
        <time>2026-08-09T09:36:17.025Z</time>
      </trkpt>
      <trkpt lat="50.605438" lon="8.266185">
        <ele>323.210397</ele>
        <time>2026-08-09T09:36:21.899Z</time>
      </trkpt>
      <trkpt lat="50.605074" lon="8.266061">
        <ele>321.277176</ele>
        <time>2026-08-09T09:36:26.586Z</time>
      </trkpt>
      <trkpt lat="50.604662" lon="8.265835">
        <ele>320.140198</ele>
        <time>2026-08-09T09:36:33.046Z</time>
      </trkpt>
      <trkpt lat="50.604182" lon="8.265343">
        <ele>320.558726</ele>
        <time>2026-08-09T09:36:45.004Z</time>
      </trkpt>
      <trkpt lat="50.603728" lon="8.264575">
        <ele>321.045581</ele>
        <time>2026-08-09T09:37:02.057Z</time>
      </trkpt>
      <trkpt lat="50.602354" lon="8.261492">
        <ele>323.077486</ele>
        <time>2026-08-09T09:37:54.482Z</time>
      </trkpt>
      <trkpt lat="50.602160" lon="8.261054">
        <ele>322.873604</ele>
        <time>2026-08-09T09:38:01.265Z</time>
      </trkpt>
      <trkpt lat="50.601856" lon="8.260531">
        <ele>322.602891</ele>
        <time>2026-08-09T09:38:08.952Z</time>
      </trkpt>
      <trkpt lat="50.601493" lon="8.260117">
        <ele>322.333376</ele>
        <time>2026-08-09T09:38:15.645Z</time>
      </trkpt>
      <trkpt lat="50.601124" lon="8.259861">
        <ele>321.968821</ele>
        <time>2026-08-09T09:38:21.005Z</time>
      </trkpt>
      <trkpt lat="50.600414" lon="8.259668">
        <ele>320.174819</ele>
        <time>2026-08-09T09:38:29.835Z</time>
      </trkpt>
      <trkpt lat="50.599889" lon="8.259703">
        <ele>318.866412</ele>
        <time>2026-08-09T09:38:36.171Z</time>
      </trkpt>
      <trkpt lat="50.599564" lon="8.259800">
        <ele>318.042778</ele>
        <time>2026-08-09T09:38:40.604Z</time>
      </trkpt>
      <trkpt lat="50.599189" lon="8.259988">
        <ele>318.018742</ele>
        <time>2026-08-09T09:38:48.583Z</time>
      </trkpt>
      <trkpt lat="50.598828" lon="8.260256">
        <ele>318.639588</ele>
        <time>2026-08-09T09:38:59.500Z</time>
      </trkpt>
      <trkpt lat="50.598414" lon="8.260690">
        <ele>319.413215</ele>
        <time>2026-08-09T09:39:14.310Z</time>
      </trkpt>
      <trkpt lat="50.598244" lon="8.260928">
        <ele>319.767027</ele>
        <time>2026-08-09T09:39:21.470Z</time>
      </trkpt>
      <trkpt lat="50.597849" lon="8.261863">
        <ele>319.414428</ele>
        <time>2026-08-09T09:39:40.541Z</time>
      </trkpt>
      <trkpt lat="50.597627" lon="8.262571">
        <ele>317.523327</ele>
        <time>2026-08-09T09:39:47.072Z</time>
      </trkpt>
      <trkpt lat="50.597523" lon="8.263158">
        <ele>316.063846</ele>
        <time>2026-08-09T09:39:51.588Z</time>
      </trkpt>
      <trkpt lat="50.597208" lon="8.266239">
        <ele>303.886947</ele>
        <time>2026-08-09T09:40:13.310Z</time>
      </trkpt>
      <trkpt lat="50.597200" lon="8.266313">
        <ele>303.540514</ele>
        <time>2026-08-09T09:40:13.825Z</time>
      </trkpt>
      <trkpt lat="50.597130" lon="8.266743">
        <ele>301.491814</ele>
        <time>2026-08-09T09:40:16.896Z</time>
      </trkpt>
      <trkpt lat="50.597036" lon="8.267092">
        <ele>300.065548</ele>
        <time>2026-08-09T09:40:19.543Z</time>
      </trkpt>
      <trkpt lat="50.596884" lon="8.267509">
        <ele>298.696259</ele>
        <time>2026-08-09T09:40:22.949Z</time>
      </trkpt>
      <trkpt lat="50.596739" lon="8.267821">
        <ele>297.595149</ele>
        <time>2026-08-09T09:40:25.729Z</time>
      </trkpt>
      <trkpt lat="50.596511" lon="8.268192">
        <ele>296.124698</ele>
        <time>2026-08-09T09:40:29.524Z</time>
      </trkpt>
      <trkpt lat="50.596252" lon="8.268572">
        <ele>294.536976</ele>
        <time>2026-08-09T09:40:33.836Z</time>
      </trkpt>
      <trkpt lat="50.595650" lon="8.269170">
        <ele>292.436596</ele>
        <time>2026-08-09T09:40:43.709Z</time>
      </trkpt>
      <trkpt lat="50.595553" lon="8.269253">
        <ele>292.402299</ele>
        <time>2026-08-09T09:40:45.491Z</time>
      </trkpt>
      <trkpt lat="50.594499" lon="8.270222">
        <ele>292.023133</ele>
        <time>2026-08-09T09:41:08.412Z</time>
      </trkpt>
      <trkpt lat="50.594006" lon="8.270838">
        <ele>291.621011</ele>
        <time>2026-08-09T09:41:18.868Z</time>
      </trkpt>
      <trkpt lat="50.593812" lon="8.271127">
        <ele>291.407619</ele>
        <time>2026-08-09T09:41:22.884Z</time>
      </trkpt>
      <trkpt lat="50.593540" lon="8.271596">
        <ele>291.085328</ele>
        <time>2026-08-09T09:41:28.703Z</time>
      </trkpt>
      <trkpt lat="50.593279" lon="8.272123">
        <ele>290.746217</ele>
        <time>2026-08-09T09:41:34.785Z</time>
      </trkpt>
      <trkpt lat="50.593045" lon="8.272677">
        <ele>290.557625</ele>
        <time>2026-08-09T09:41:40.927Z</time>
      </trkpt>
      <trkpt lat="50.592640" lon="8.273826">
        <ele>290.770446</ele>
        <time>2026-08-09T09:41:54.573Z</time>
      </trkpt>
      <trkpt lat="50.592593" lon="8.273953">
        <ele>290.794251</ele>
        <time>2026-08-09T09:41:56.392Z</time>
      </trkpt>
      <trkpt lat="50.592545" lon="8.274073">
        <ele>290.817219</ele>
        <time>2026-08-09T09:41:58.127Z</time>
      </trkpt>
      <trkpt lat="50.591610" lon="8.276499">
        <ele>292.458770</ele>
        <time>2026-08-09T09:42:41.082Z</time>
      </trkpt>
      <trkpt lat="50.591190" lon="8.277642">
        <ele>293.147307</ele>
        <time>2026-08-09T09:42:59.948Z</time>
      </trkpt>
      <trkpt lat="50.590648" lon="8.279242">
        <ele>292.455506</ele>
        <time>2026-08-09T09:43:18.948Z</time>
      </trkpt>
      <trkpt lat="50.590196" lon="8.280465">
        <ele>290.294799</ele>
        <time>2026-08-09T09:43:30.779Z</time>
      </trkpt>
      <trkpt lat="50.590139" lon="8.280620">
        <ele>289.819521</ele>
        <time>2026-08-09T09:43:32.160Z</time>
      </trkpt>
      <trkpt lat="50.590017" lon="8.281102">
        <ele>288.442723</ele>
        <time>2026-08-09T09:43:36.078Z</time>
      </trkpt>
      <trkpt lat="50.589863" lon="8.282011">
        <ele>285.946443</ele>
        <time>2026-08-09T09:43:43.007Z</time>
      </trkpt>
      <trkpt lat="50.589770" lon="8.283012">
        <ele>283.323461</ele>
        <time>2026-08-09T09:43:50.377Z</time>
      </trkpt>
      <trkpt lat="50.589668" lon="8.284273">
        <ele>280.097341</ele>
        <time>2026-08-09T09:44:00.042Z</time>
      </trkpt>
      <trkpt lat="50.589656" lon="8.284410">
        <ele>279.746360</ele>
        <time>2026-08-09T09:44:01.145Z</time>
      </trkpt>
      <trkpt lat="50.589550" lon="8.285507">
        <ele>276.937245</ele>
        <time>2026-08-09T09:44:10.265Z</time>
      </trkpt>
      <trkpt lat="50.589444" lon="8.286110">
        <ele>275.369499</ele>
        <time>2026-08-09T09:44:15.417Z</time>
      </trkpt>
      <trkpt lat="50.589290" lon="8.286602">
        <ele>273.995038</ele>
        <time>2026-08-09T09:44:19.795Z</time>
      </trkpt>
      <trkpt lat="50.589101" lon="8.287068">
        <ele>272.609481</ele>
        <time>2026-08-09T09:44:24.001Z</time>
      </trkpt>
      <trkpt lat="50.588801" lon="8.287623">
        <ele>270.783077</ele>
        <time>2026-08-09T09:44:29.293Z</time>
      </trkpt>
      <trkpt lat="50.588454" lon="8.288159">
        <ele>269.159298</ele>
        <time>2026-08-09T09:44:34.944Z</time>
      </trkpt>
      <trkpt lat="50.588223" lon="8.288479">
        <ele>268.180765</ele>
        <time>2026-08-09T09:44:38.612Z</time>
      </trkpt>
      <trkpt lat="50.588156" lon="8.288573">
        <ele>267.895361</ele>
        <time>2026-08-09T09:44:39.692Z</time>
      </trkpt>
      <trkpt lat="50.587339" lon="8.289788">
        <ele>264.468209</ele>
        <time>2026-08-09T09:44:54.829Z</time>
      </trkpt>
      <trkpt lat="50.586845" lon="8.290453">
        <ele>263.295953</ele>
        <time>2026-08-09T09:45:04.725Z</time>
      </trkpt>
      <trkpt lat="50.586616" lon="8.290698">
        <ele>262.796569</ele>
        <time>2026-08-09T09:45:08.619Z</time>
      </trkpt>
      <trkpt lat="50.586130" lon="8.291045">
        <ele>261.833998</ele>
        <time>2026-08-09T09:45:15.842Z</time>
      </trkpt>
      <trkpt lat="50.585713" lon="8.291199">
        <ele>260.945932</ele>
        <time>2026-08-09T09:45:21.435Z</time>
      </trkpt>
      <trkpt lat="50.585626" lon="8.291216">
        <ele>260.736336</ele>
        <time>2026-08-09T09:45:22.568Z</time>
      </trkpt>
      <trkpt lat="50.585359" lon="8.291249">
        <ele>260.096026</ele>
        <time>2026-08-09T09:45:25.991Z</time>
      </trkpt>
      <trkpt lat="50.584616" lon="8.291213">
        <ele>258.318809</ele>
        <time>2026-08-09T09:45:35.613Z</time>
      </trkpt>
      <trkpt lat="50.583979" lon="8.291229">
        <ele>256.931671</ele>
        <time>2026-08-09T09:45:44.175Z</time>
      </trkpt>
      <trkpt lat="50.583051" lon="8.291171">
        <ele>255.654148</ele>
        <time>2026-08-09T09:45:58.004Z</time>
      </trkpt>
      <trkpt lat="50.581029" lon="8.291050">
        <ele>250.502618</ele>
        <time>2026-08-09T09:46:26.782Z</time>
      </trkpt>
      <trkpt lat="50.580622" lon="8.290933">
        <ele>249.172539</ele>
        <time>2026-08-09T09:46:31.370Z</time>
      </trkpt>
      <trkpt lat="50.580231" lon="8.290717">
        <ele>247.411561</ele>
        <time>2026-08-09T09:46:35.893Z</time>
      </trkpt>
      <trkpt lat="50.579877" lon="8.290418">
        <ele>245.576595</ele>
        <time>2026-08-09T09:46:40.289Z</time>
      </trkpt>
      <trkpt lat="50.579711" lon="8.290237">
        <ele>244.654291</ele>
        <time>2026-08-09T09:46:42.532Z</time>
      </trkpt>
      <trkpt lat="50.579409" lon="8.289819">
        <ele>242.817655</ele>
        <time>2026-08-09T09:46:47.258Z</time>
      </trkpt>
      <trkpt lat="50.577924" lon="8.287105">
        <ele>240.175607</ele>
        <time>2026-08-09T09:47:24.934Z</time>
      </trkpt>
      <trkpt lat="50.577096" lon="8.285629">
        <ele>240.641183</ele>
        <time>2026-08-09T09:47:47.222Z</time>
      </trkpt>
      <trkpt lat="50.576912" lon="8.285345">
        <ele>240.737096</ele>
        <time>2026-08-09T09:47:52.490Z</time>
      </trkpt>
      <trkpt lat="50.576507" lon="8.284845">
        <ele>240.802894</ele>
        <time>2026-08-09T09:48:03.890Z</time>
      </trkpt>
      <trkpt lat="50.576059" lon="8.284443">
        <ele>240.706071</ele>
        <time>2026-08-09T09:48:15.735Z</time>
      </trkpt>
      <trkpt lat="50.575579" lon="8.284150">
        <ele>240.609404</ele>
        <time>2026-08-09T09:48:25.748Z</time>
      </trkpt>
      <trkpt lat="50.575077" lon="8.283971">
        <ele>240.512754</ele>
        <time>2026-08-09T09:48:33.054Z</time>
      </trkpt>
      <trkpt lat="50.574563" lon="8.283911">
        <ele>238.758898</ele>
        <time>2026-08-09T09:48:39.366Z</time>
      </trkpt>
      <trkpt lat="50.574043" lon="8.283953">
        <ele>236.887645</ele>
        <time>2026-08-09T09:48:45.470Z</time>
      </trkpt>
      <trkpt lat="50.573936" lon="8.284058">
        <ele>236.434541</ele>
        <time>2026-08-09T09:48:46.965Z</time>
      </trkpt>
      <trkpt lat="50.573853" lon="8.284348">
        <ele>235.708541</ele>
        <time>2026-08-09T09:48:49.377Z</time>
      </trkpt>
      <trkpt lat="50.573687" lon="8.284257">
        <ele>235.076843</ele>
        <time>2026-08-09T09:48:51.507Z</time>
      </trkpt>
      <trkpt lat="50.573135" lon="8.284168">
        <ele>234.018180</ele>
        <time>2026-08-09T09:48:58.488Z</time>
      </trkpt>
      <trkpt lat="50.573176" lon="8.283903">
        <ele>234.001904</ele>
        <time>2026-08-09T09:49:00.908Z</time>
      </trkpt>
      <trkpt lat="50.572546" lon="8.283851">
        <ele>233.942630</ele>
        <time>2026-08-09T09:49:12.042Z</time>
      </trkpt>
      <trkpt lat="50.572000" lon="8.283867">
        <ele>233.891320</ele>
        <time>2026-08-09T09:49:25.375Z</time>
      </trkpt>
      <trkpt lat="50.571364" lon="8.284034">
        <ele>234.261145</ele>
        <time>2026-08-09T09:49:41.700Z</time>
      </trkpt>
      <trkpt lat="50.571296" lon="8.284011">
        <ele>234.319179</ele>
        <time>2026-08-09T09:49:43.526Z</time>
      </trkpt>
      <trkpt lat="50.571084" lon="8.283741">
        <ele>234.546699</ele>
        <time>2026-08-09T09:49:50.550Z</time>
      </trkpt>
      <trkpt lat="50.571010" lon="8.283743">
        <ele>234.608455</ele>
        <time>2026-08-09T09:49:52.369Z</time>
      </trkpt>
      <trkpt lat="50.570163" lon="8.283995">
        <ele>235.327706</ele>
        <time>2026-08-09T09:50:10.551Z</time>
      </trkpt>
      <trkpt lat="50.569016" lon="8.284007">
        <ele>231.930267</ele>
        <time>2026-08-09T09:50:25.443Z</time>
      </trkpt>
      <trkpt lat="50.568222" lon="8.283871">
        <ele>229.345258</ele>
        <time>2026-08-09T09:50:34.755Z</time>
      </trkpt>
      <trkpt lat="50.568164" lon="8.284029">
        <ele>228.900210</ele>
        <time>2026-08-09T09:50:36.088Z</time>
      </trkpt>
      <trkpt lat="50.567087" lon="8.283350">
        <ele>224.445739</ele>
        <time>2026-08-09T09:50:50.166Z</time>
      </trkpt>
      <trkpt lat="50.566518" lon="8.282982">
        <ele>222.387698</ele>
        <time>2026-08-09T09:50:58.142Z</time>
      </trkpt>
      <trkpt lat="50.566376" lon="8.282921">
        <ele>222.067182</ele>
        <time>2026-08-09T09:51:00.021Z</time>
      </trkpt>
      <trkpt lat="50.565641" lon="8.282794">
        <ele>220.457075</ele>
        <time>2026-08-09T09:51:09.618Z</time>
      </trkpt>
      <trkpt lat="50.565362" lon="8.282811">
        <ele>219.849084</ele>
        <time>2026-08-09T09:51:13.340Z</time>
      </trkpt>
      <trkpt lat="50.565048" lon="8.282924">
        <ele>219.147698</ele>
        <time>2026-08-09T09:51:17.724Z</time>
      </trkpt>
      <trkpt lat="50.563651" lon="8.283686">
        <ele>218.317379</ele>
        <time>2026-08-09T09:51:42.150Z</time>
      </trkpt>
      <trkpt lat="50.563110" lon="8.283962">
        <ele>217.980842</ele>
        <time>2026-08-09T09:51:51.782Z</time>
      </trkpt>
      <trkpt lat="50.562734" lon="8.284082">
        <ele>217.492700</ele>
        <time>2026-08-09T09:51:57.742Z</time>
      </trkpt>
      <trkpt lat="50.562324" lon="8.284120">
        <ele>216.970126</ele>
        <time>2026-08-09T09:52:03.766Z</time>
      </trkpt>
      <trkpt lat="50.560120" lon="8.283459">
        <ele>213.554086</ele>
        <time>2026-08-09T09:52:34.486Z</time>
      </trkpt>
      <trkpt lat="50.559686" lon="8.283357">
        <ele>212.814660</ele>
        <time>2026-08-09T09:52:40.864Z</time>
      </trkpt>
      <trkpt lat="50.559057" lon="8.283198">
        <ele>211.793559</ele>
        <time>2026-08-09T09:52:50.349Z</time>
      </trkpt>
      <trkpt lat="50.558658" lon="8.283176">
        <ele>211.153634</ele>
        <time>2026-08-09T09:52:56.078Z</time>
      </trkpt>
      <trkpt lat="50.558257" lon="8.283342">
        <ele>210.489042</ele>
        <time>2026-08-09T09:53:01.859Z</time>
      </trkpt>
      <trkpt lat="50.557189" lon="8.284007">
        <ele>207.943804</ele>
        <time>2026-08-09T09:53:16.969Z</time>
      </trkpt>
      <trkpt lat="50.556997" lon="8.284151">
        <ele>207.415885</ele>
        <time>2026-08-09T09:53:19.802Z</time>
      </trkpt>
      <trkpt lat="50.556794" lon="8.284378">
        <ele>206.797787</ele>
        <time>2026-08-09T09:53:23.107Z</time>
      </trkpt>
      <trkpt lat="50.556327" lon="8.285001">
        <ele>205.123410</ele>
        <time>2026-08-09T09:53:31.165Z</time>
      </trkpt>
      <trkpt lat="50.556277" lon="8.285062">
        <ele>204.837796</ele>
        <time>2026-08-09T09:53:31.994Z</time>
      </trkpt>
      <trkpt lat="50.556208" lon="8.285172">
        <ele>204.394396</ele>
        <time>2026-08-09T09:53:33.268Z</time>
      </trkpt>
      <trkpt lat="50.555731" lon="8.286173">
        <ele>200.805217</ele>
        <time>2026-08-09T09:53:42.970Z</time>
      </trkpt>
      <trkpt lat="50.555365" lon="8.287124">
        <ele>197.615875</ele>
        <time>2026-08-09T09:53:51.000Z</time>
      </trkpt>
      <trkpt lat="50.555116" lon="8.288064">
        <ele>194.325736</ele>
        <time>2026-08-09T09:53:58.220Z</time>
      </trkpt>
      <trkpt lat="50.554973" lon="8.288875">
        <ele>191.575748</ele>
        <time>2026-08-09T09:54:04.282Z</time>
      </trkpt>
      <trkpt lat="50.554859" lon="8.289336">
        <ele>189.959417</ele>
        <time>2026-08-09T09:54:07.984Z</time>
      </trkpt>
      <trkpt lat="50.554594" lon="8.290071">
        <ele>187.927317</ele>
        <time>2026-08-09T09:54:14.666Z</time>
      </trkpt>
      <trkpt lat="50.554413" lon="8.290427">
        <ele>187.646362</ele>
        <time>2026-08-09T09:54:18.544Z</time>
      </trkpt>
      <trkpt lat="50.553598" lon="8.291380">
        <ele>186.661668</ele>
        <time>2026-08-09T09:54:35.188Z</time>
      </trkpt>
      <trkpt lat="50.552343" lon="8.292041">
        <ele>186.377396</ele>
        <time>2026-08-09T09:54:59.652Z</time>
      </trkpt>
      <trkpt lat="50.552258" lon="8.292086">
        <ele>186.379630</ele>
        <time>2026-08-09T09:55:01.216Z</time>
      </trkpt>
      <trkpt lat="50.551841" lon="8.292308">
        <ele>186.390596</ele>
        <time>2026-08-09T09:55:08.674Z</time>
      </trkpt>
      <trkpt lat="50.549016" lon="8.293814">
        <ele>185.060031</ele>
        <time>2026-08-09T09:55:55.730Z</time>
      </trkpt>
      <trkpt lat="50.548940" lon="8.293862">
        <ele>185.021446</ele>
        <time>2026-08-09T09:55:57.074Z</time>
      </trkpt>
      <trkpt lat="50.548936" lon="8.293865">
        <ele>185.019358</ele>
        <time>2026-08-09T09:55:57.143Z</time>
      </trkpt>
      <trkpt lat="50.548609" lon="8.294113">
        <ele>184.848327</ele>
        <time>2026-08-09T09:56:03.072Z</time>
      </trkpt>
      <trkpt lat="50.548517" lon="8.294235">
        <ele>184.791643</ele>
        <time>2026-08-09T09:56:05.059Z</time>
      </trkpt>
      <trkpt lat="50.547132" lon="8.296053">
        <ele>183.130910</ele>
        <time>2026-08-09T09:56:32.968Z</time>
      </trkpt>
      <trkpt lat="50.547125" lon="8.296062">
        <ele>183.121745</ele>
        <time>2026-08-09T09:56:33.100Z</time>
      </trkpt>
      <trkpt lat="50.546317" lon="8.297114">
        <ele>180.557627</ele>
        <time>2026-08-09T09:56:47.134Z</time>
      </trkpt>
      <trkpt lat="50.545779" lon="8.297574">
        <ele>178.717043</ele>
        <time>2026-08-09T09:56:54.764Z</time>
      </trkpt>
      <trkpt lat="50.545209" lon="8.297885">
        <ele>176.711994</ele>
        <time>2026-08-09T09:57:02.070Z</time>
      </trkpt>
      <trkpt lat="50.544494" lon="8.298100">
        <ele>173.705162</ele>
        <time>2026-08-09T09:57:10.729Z</time>
      </trkpt>
      <trkpt lat="50.542601" lon="8.298035">
        <ele>167.221157</ele>
        <time>2026-08-09T09:57:33.678Z</time>
      </trkpt>
      <trkpt lat="50.542455" lon="8.297887">
        <ele>166.737630</ele>
        <time>2026-08-09T09:57:36.010Z</time>
      </trkpt>
      <trkpt lat="50.541971" lon="8.297670">
        <ele>165.336482</ele>
        <time>2026-08-09T09:57:43.174Z</time>
      </trkpt>
      <trkpt lat="50.541816" lon="8.297659">
        <ele>164.941965</ele>
        <time>2026-08-09T09:57:45.558Z</time>
      </trkpt>
      <trkpt lat="50.541598" lon="8.297758">
        <ele>164.631119</ele>
        <time>2026-08-09T09:57:49.101Z</time>
      </trkpt>
      <trkpt lat="50.541523" lon="8.297722">
        <ele>164.523697</ele>
        <time>2026-08-09T09:57:50.480Z</time>
      </trkpt>
      <trkpt lat="50.540841" lon="8.297784">
        <ele>163.587811</ele>
        <time>2026-08-09T09:58:00.946Z</time>
      </trkpt>
      <trkpt lat="50.540095" lon="8.298007">
        <ele>162.547525</ele>
        <time>2026-08-09T09:58:11.632Z</time>
      </trkpt>
      <trkpt lat="50.539643" lon="8.298266">
        <ele>161.082669</ele>
        <time>2026-08-09T09:58:17.755Z</time>
      </trkpt>
      <trkpt lat="50.538895" lon="8.298871">
        <ele>158.446372</ele>
        <time>2026-08-09T09:58:28.182Z</time>
      </trkpt>
      <trkpt lat="50.538075" lon="8.299347">
        <ele>155.985214</ele>
        <time>2026-08-09T09:58:39.004Z</time>
      </trkpt>
      <trkpt lat="50.537787" lon="8.299656">
        <ele>155.152780</ele>
        <time>2026-08-09T09:58:43.458Z</time>
      </trkpt>
      <trkpt lat="50.537135" lon="8.300458">
        <ele>153.176442</ele>
        <time>2026-08-09T09:58:54.528Z</time>
      </trkpt>
      <trkpt lat="50.537074" lon="8.300546">
        <ele>152.978808</ele>
        <time>2026-08-09T09:58:55.691Z</time>
      </trkpt>
      <trkpt lat="50.536951" lon="8.300663">
        <ele>152.635574</ele>
        <time>2026-08-09T09:58:57.715Z</time>
      </trkpt>
      <trkpt lat="50.535333" lon="8.302588">
        <ele>151.161142</ele>
        <time>2026-08-09T09:59:29.819Z</time>
      </trkpt>
      <trkpt lat="50.534954" lon="8.302891">
        <ele>150.734706</ele>
        <time>2026-08-09T09:59:36.468Z</time>
      </trkpt>
      <trkpt lat="50.534043" lon="8.303708">
        <ele>149.682860</ele>
        <time>2026-08-09T09:59:52.202Z</time>
      </trkpt>
      <trkpt lat="50.533766" lon="8.303957">
        <ele>149.160351</ele>
        <time>2026-08-09T09:59:56.516Z</time>
      </trkpt>
      <trkpt lat="50.533376" lon="8.304237">
        <ele>148.298759</ele>
        <time>2026-08-09T10:00:02.202Z</time>
      </trkpt>
      <trkpt lat="50.533192" lon="8.304309">
        <ele>147.917684</ele>
        <time>2026-08-09T10:00:04.776Z</time>
      </trkpt>
      <trkpt lat="50.533391" lon="8.304999">
        <ele>146.949714</ele>
        <time>2026-08-09T10:00:11.399Z</time>
      </trkpt>
      <trkpt lat="50.533298" lon="8.305076">
        <ele>146.738496</ele>
        <time>2026-08-09T10:00:12.875Z</time>
      </trkpt>
      <trkpt lat="50.532336" lon="8.306308">
        <ele>143.768594</ele>
        <time>2026-08-09T10:00:29.175Z</time>
      </trkpt>
      <trkpt lat="50.532523" lon="8.306892">
        <ele>142.699462</ele>
        <time>2026-08-09T10:00:34.588Z</time>
      </trkpt>
      <trkpt lat="50.532669" lon="8.307336">
        <ele>141.882153</ele>
        <time>2026-08-09T10:00:38.676Z</time>
      </trkpt>
      <trkpt lat="50.532305" lon="8.308183">
        <ele>140.722231</ele>
        <time>2026-08-09T10:00:46.993Z</time>
      </trkpt>
      <trkpt lat="50.532137" lon="8.308510">
        <ele>140.350920</ele>
        <time>2026-08-09T10:00:50.612Z</time>
      </trkpt>
      <trkpt lat="50.531328" lon="8.309936">
        <ele>138.819726</ele>
        <time>2026-08-09T10:01:09.351Z</time>
      </trkpt>
      <trkpt lat="50.531213" lon="8.310099">
        <ele>138.813551</ele>
        <time>2026-08-09T10:01:11.894Z</time>
      </trkpt>
      <trkpt lat="50.530899" lon="8.310347">
        <ele>138.799536</ele>
        <time>2026-08-09T10:01:17.698Z</time>
      </trkpt>
      <trkpt lat="50.530804" lon="8.310386">
        <ele>138.795619</ele>
        <time>2026-08-09T10:01:19.326Z</time>
      </trkpt>
      <trkpt lat="50.530641" lon="8.310450">
        <ele>138.788917</ele>
        <time>2026-08-09T10:01:22.151Z</time>
      </trkpt>
      <trkpt lat="50.530485" lon="8.310511">
        <ele>138.782505</ele>
        <time>2026-08-09T10:01:24.891Z</time>
      </trkpt>
      <trkpt lat="50.530475" lon="8.310610">
        <ele>138.779963</ele>
        <time>2026-08-09T10:01:25.987Z</time>
      </trkpt>
      <trkpt lat="50.530442" lon="8.310940">
        <ele>138.771492</ele>
        <time>2026-08-09T10:01:29.812Z</time>
      </trkpt>
      <trkpt lat="50.530425" lon="8.311081">
        <ele>138.767853</ele>
        <time>2026-08-09T10:01:31.472Z</time>
      </trkpt>
      <trkpt lat="50.530408" lon="8.311226">
        <ele>138.764114</ele>
        <time>2026-08-09T10:01:33.228Z</time>
      </trkpt>
      <trkpt lat="50.530356" lon="8.311232">
        <ele>138.762034</ele>
        <time>2026-08-09T10:01:34.166Z</time>
      </trkpt>
      <trkpt lat="50.530267" lon="8.312023">
        <ele>138.944518</ele>
        <time>2026-08-09T10:01:43.931Z</time>
      </trkpt>
      <trkpt lat="50.530269" lon="8.312656">
        <ele>139.225939</ele>
        <time>2026-08-09T10:01:52.030Z</time>
      </trkpt>
      <trkpt lat="50.530352" lon="8.313275">
        <ele>139.507188</ele>
        <time>2026-08-09T10:02:00.302Z</time>
      </trkpt>
      <trkpt lat="50.530513" lon="8.313855">
        <ele>139.788556</ele>
        <time>2026-08-09T10:02:08.790Z</time>
      </trkpt>
      <trkpt lat="50.530620" lon="8.314123">
        <ele>139.929253</ele>
        <time>2026-08-09T10:02:13.041Z</time>
      </trkpt>
      <trkpt lat="50.530870" lon="8.314585">
        <ele>140.138183</ele>
        <time>2026-08-09T10:02:20.988Z</time>
      </trkpt>
      <trkpt lat="50.532604" lon="8.317300">
        <ele>141.034634</ele>
        <time>2026-08-09T10:03:06.982Z</time>
      </trkpt>
      <trkpt lat="50.532856" lon="8.317632">
        <ele>141.096292</ele>
        <time>2026-08-09T10:03:12.627Z</time>
      </trkpt>
      <trkpt lat="50.534138" lon="8.319571">
        <ele>141.426603</ele>
        <time>2026-08-09T10:03:43.038Z</time>
      </trkpt>
      <trkpt lat="50.535018" lon="8.320659">
        <ele>141.948450</ele>
        <time>2026-08-09T10:04:04.964Z</time>
      </trkpt>
      <trkpt lat="50.535723" lon="8.321445">
        <ele>142.606366</ele>
        <time>2026-08-09T10:04:22.933Z</time>
      </trkpt>
      <trkpt lat="50.536522" lon="8.322227">
        <ele>143.603664</ele>
        <time>2026-08-09T10:04:43.204Z</time>
      </trkpt>
      <trkpt lat="50.537375" lon="8.322936">
        <ele>144.828451</ele>
        <time>2026-08-09T10:05:06.406Z</time>
      </trkpt>
      <trkpt lat="50.537504" lon="8.323028">
        <ele>145.008267</ele>
        <time>2026-08-09T10:05:09.846Z</time>
      </trkpt>
      <trkpt lat="50.537790" lon="8.323143">
        <ele>145.047087</ele>
        <time>2026-08-09T10:05:16.652Z</time>
      </trkpt>
      <trkpt lat="50.537837" lon="8.323060">
        <ele>144.984151</ele>
        <time>2026-08-09T10:05:18.200Z</time>
      </trkpt>
      <trkpt lat="50.538238" lon="8.323172">
        <ele>144.621361</ele>
        <time>2026-08-09T10:05:26.729Z</time>
      </trkpt>
      <trkpt lat="50.539029" lon="8.323392">
        <ele>143.905826</ele>
        <time>2026-08-09T10:05:38.242Z</time>
      </trkpt>
      <trkpt lat="50.539154" lon="8.323425">
        <ele>143.792921</ele>
        <time>2026-08-09T10:05:39.860Z</time>
      </trkpt>
      <trkpt lat="50.539299" lon="8.323462">
        <ele>143.662069</ele>
        <time>2026-08-09T10:05:41.710Z</time>
      </trkpt>
      <trkpt lat="50.539227" lon="8.323894">
        <ele>143.188018</ele>
        <time>2026-08-09T10:05:45.227Z</time>
      </trkpt>
      <trkpt lat="50.539080" lon="8.324563">
        <ele>142.278312</ele>
        <time>2026-08-09T10:05:50.944Z</time>
      </trkpt>
      <trkpt lat="50.539041" lon="8.324779">
        <ele>141.989733</ele>
        <time>2026-08-09T10:05:52.798Z</time>
      </trkpt>
      <trkpt lat="50.539059" lon="8.324839">
        <ele>141.904464</ele>
        <time>2026-08-09T10:05:53.359Z</time>
      </trkpt>
      <trkpt lat="50.538675" lon="8.324630">
        <ele>141.082827</ele>
        <time>2026-08-09T10:05:58.718Z</time>
      </trkpt>
      <trkpt lat="50.538298" lon="8.324546">
        <ele>140.312883</ele>
        <time>2026-08-09T10:06:04.386Z</time>
      </trkpt>
      <trkpt lat="50.538146" lon="8.324545">
        <ele>140.005519</ele>
        <time>2026-08-09T10:06:06.807Z</time>
      </trkpt>
      <trkpt lat="50.537946" lon="8.324596">
        <ele>139.871758</ele>
        <time>2026-08-09T10:06:10.181Z</time>
      </trkpt>
      <trkpt lat="50.537738" lon="8.324746">
        <ele>139.773317</ele>
        <time>2026-08-09T10:06:14.065Z</time>
      </trkpt>
      <trkpt lat="50.537640" lon="8.324858">
        <ele>139.721206</ele>
        <time>2026-08-09T10:06:16.098Z</time>
      </trkpt>
      <trkpt lat="50.537467" lon="8.325155">
        <ele>139.611044</ele>
        <time>2026-08-09T10:06:20.340Z</time>
      </trkpt>
      <trkpt lat="50.537458" lon="8.325375">
        <ele>139.550762</ele>
        <time>2026-08-09T10:06:22.573Z</time>
      </trkpt>
      <trkpt lat="50.537875" lon="8.326396">
        <ele>139.218900</ele>
        <time>2026-08-09T10:06:34.873Z</time>
      </trkpt>
      <trkpt lat="50.537887" lon="8.326469">
        <ele>139.198282</ele>
        <time>2026-08-09T10:06:35.625Z</time>
      </trkpt>
      <trkpt lat="50.537861" lon="8.326529">
        <ele>139.178425</ele>
        <time>2026-08-09T10:06:36.347Z</time>
      </trkpt>
      <trkpt lat="50.537669" lon="8.326564">
        <ele>139.171799</ele>
        <time>2026-08-09T10:06:39.406Z</time>
      </trkpt>
      <trkpt lat="50.537614" lon="8.326538">
        <ele>139.171575</ele>
        <time>2026-08-09T10:06:40.313Z</time>
      </trkpt>
      <trkpt lat="50.537570" lon="8.326454">
        <ele>139.171306</ele>
        <time>2026-08-09T10:06:41.415Z</time>
      </trkpt>
      <trkpt lat="50.537523" lon="8.326309">
        <ele>139.170903</ele>
        <time>2026-08-09T10:06:43.059Z</time>
      </trkpt>
      <trkpt lat="50.537508" lon="8.326187">
        <ele>139.170595</ele>
        <time>2026-08-09T10:06:44.319Z</time>
      </trkpt>
      <trkpt lat="50.537523" lon="8.326163">
        <ele>139.170512</ele>
        <time>2026-08-09T10:06:44.659Z</time>
      </trkpt>
      <trkpt lat="50.537668" lon="8.326477">
        <ele>139.169551</ele>
        <time>2026-08-09T10:06:48.621Z</time>
      </trkpt>
      <trkpt lat="50.538310" lon="8.328140">
        <ele>139.262271</ele>
        <time>2026-08-09T10:07:13.993Z</time>
      </trkpt>
      <trkpt lat="50.538406" lon="8.328547">
        <ele>139.399465</ele>
        <time>2026-08-09T10:07:18.577Z</time>
      </trkpt>
      <trkpt lat="50.538379" lon="8.328564">
        <ele>139.413925</ele>
        <time>2026-08-09T10:07:19.063Z</time>
      </trkpt>
      <trkpt lat="50.538218" lon="8.328308">
        <ele>139.527741</ele>
        <time>2026-08-09T10:07:23.328Z</time>
      </trkpt>
      <trkpt lat="50.538039" lon="8.328090">
        <ele>139.640295</ele>
        <time>2026-08-09T10:07:27.998Z</time>
      </trkpt>
      <trkpt lat="50.538218" lon="8.327977">
        <ele>139.736197</ele>
        <time>2026-08-09T10:07:32.255Z</time>
      </trkpt>
      <trkpt lat="50.538342" lon="8.327928">
        <ele>139.799770</ele>
        <time>2026-08-09T10:07:35.125Z</time>
      </trkpt>
      <trkpt lat="50.538415" lon="8.327939">
        <ele>139.836234</ele>
        <time>2026-08-09T10:07:36.734Z</time>
      </trkpt>
      <trkpt lat="50.538513" lon="8.327985">
        <ele>139.887086</ele>
        <time>2026-08-09T10:07:38.826Z</time>
      </trkpt>
      <trkpt lat="50.538596" lon="8.328080">
        <ele>139.938121</ele>
        <time>2026-08-09T10:07:40.658Z</time>
      </trkpt>
      <trkpt lat="50.538970" lon="8.328887">
        <ele>140.436979</ele>
        <time>2026-08-09T10:07:51.902Z</time>
      </trkpt>
      <trkpt lat="50.539608" lon="8.330091">
        <ele>141.400466</ele>
        <time>2026-08-09T10:08:14.484Z</time>
      </trkpt>
      <trkpt lat="50.540284" lon="8.331108">
        <ele>142.480116</ele>
        <time>2026-08-09T10:08:34.731Z</time>
      </trkpt>
      <trkpt lat="50.540540" lon="8.331389">
        <ele>142.886541</ele>
        <time>2026-08-09T10:08:42.243Z</time>
      </trkpt>
      <trkpt lat="50.540842" lon="8.331653">
        <ele>143.336378</ele>
        <time>2026-08-09T10:08:50.713Z</time>
      </trkpt>
      <trkpt lat="50.541738" lon="8.332283">
        <ele>144.281989</ele>
        <time>2026-08-09T10:09:13.892Z</time>
      </trkpt>
      <trkpt lat="50.543085" lon="8.333037">
        <ele>144.835912</ele>
        <time>2026-08-09T10:09:39.760Z</time>
      </trkpt>
      <trkpt lat="50.543330" lon="8.333191">
        <ele>144.634381</ele>
        <time>2026-08-09T10:09:43.756Z</time>
      </trkpt>
      <trkpt lat="50.544479" lon="8.333913">
        <ele>143.657749</ele>
        <time>2026-08-09T10:10:01.963Z</time>
      </trkpt>
      <trkpt lat="50.545063" lon="8.334416">
        <ele>143.578042</ele>
        <time>2026-08-09T10:10:12.306Z</time>
      </trkpt>
      <trkpt lat="50.545606" lon="8.334993">
        <ele>143.866777</ele>
        <time>2026-08-09T10:10:23.787Z</time>
      </trkpt>
      <trkpt lat="50.546465" lon="8.335574">
        <ele>144.685539</ele>
        <time>2026-08-09T10:10:44.492Z</time>
      </trkpt>
      <trkpt lat="50.546521" lon="8.335637">
        <ele>144.897705</ele>
        <time>2026-08-09T10:10:46.239Z</time>
      </trkpt>
      <trkpt lat="50.547035" lon="8.336543">
        <ele>147.276405</ele>
        <time>2026-08-09T10:11:08.372Z</time>
      </trkpt>
      <trkpt lat="50.547181" lon="8.337358">
        <ele>148.934797</ele>
        <time>2026-08-09T10:11:28.502Z</time>
      </trkpt>
      <trkpt lat="50.547170" lon="8.337547">
        <ele>149.306502</ele>
        <time>2026-08-09T10:11:33.560Z</time>
      </trkpt>
      <trkpt lat="50.547000" lon="8.337699">
        <ele>149.762219</ele>
        <time>2026-08-09T10:11:41.560Z</time>
      </trkpt>
      <trkpt lat="50.546658" lon="8.338014">
        <ele>149.822918</ele>
        <time>2026-08-09T10:11:55.006Z</time>
      </trkpt>
      <trkpt lat="50.546147" lon="8.338500">
        <ele>149.914375</ele>
        <time>2026-08-09T10:12:07.537Z</time>
      </trkpt>
      <trkpt lat="50.546550" lon="8.339752">
        <ele>149.642158</ele>
        <time>2026-08-09T10:12:19.175Z</time>
      </trkpt>
      <trkpt lat="50.546524" lon="8.339911">
        <ele>149.346109</ele>
        <time>2026-08-09T10:12:20.398Z</time>
      </trkpt>
      <trkpt lat="50.546360" lon="8.340185">
        <ele>148.667370</ele>
        <time>2026-08-09T10:12:23.154Z</time>
      </trkpt>
      <trkpt lat="50.546315" lon="8.340304">
        <ele>148.417668</ele>
        <time>2026-08-09T10:12:24.183Z</time>
      </trkpt>
      <trkpt lat="50.546259" lon="8.340644">
        <ele>147.784319</ele>
        <time>2026-08-09T10:12:26.824Z</time>
      </trkpt>
      <trkpt lat="50.546283" lon="8.342519">
        <ele>144.730838</ele>
        <time>2026-08-09T10:12:43.019Z</time>
      </trkpt>
      <trkpt lat="50.546353" lon="8.343371">
        <ele>144.152994</ele>
        <time>2026-08-09T10:12:51.129Z</time>
      </trkpt>
      <trkpt lat="50.546412" lon="8.344086">
        <ele>143.668032</ele>
        <time>2026-08-09T10:12:57.830Z</time>
      </trkpt>
      <trkpt lat="50.546412" lon="8.344142">
        <ele>143.630365</ele>
        <time>2026-08-09T10:12:58.354Z</time>
      </trkpt>
      <trkpt lat="50.546412" lon="8.344142">
        <ele>143.630365</ele>
        <time>2026-08-09T10:12:58.354Z</time>
      </trkpt>
      <trkpt lat="50.546444" lon="8.345648">
        <ele>143.230063</ele>
        <time>2026-08-09T10:13:13.091Z</time>
      </trkpt>
      <trkpt lat="50.546427" lon="8.348430">
        <ele>144.973904</ele>
        <time>2026-08-09T10:13:50.366Z</time>
      </trkpt>
      <trkpt lat="50.546130" lon="8.349182">
        <ele>146.532355</ele>
        <time>2026-08-09T10:14:05.918Z</time>
      </trkpt>
      <trkpt lat="50.545715" lon="8.350098">
        <ele>148.512483</ele>
        <time>2026-08-09T10:14:29.042Z</time>
      </trkpt>
      <trkpt lat="50.545522" lon="8.350439">
        <ele>149.402145</ele>
        <time>2026-08-09T10:14:39.862Z</time>
      </trkpt>
      <trkpt lat="50.545151" lon="8.351121">
        <ele>151.386190</ele>
        <time>2026-08-09T10:15:03.272Z</time>
      </trkpt>
      <trkpt lat="50.545019" lon="8.351255">
        <ele>151.932485</ele>
        <time>2026-08-09T10:15:09.919Z</time>
      </trkpt>
      <trkpt lat="50.544923" lon="8.351287">
        <ele>152.273757</ele>
        <time>2026-08-09T10:15:14.143Z</time>
      </trkpt>
      <trkpt lat="50.544824" lon="8.351273">
        <ele>152.619441</ele>
        <time>2026-08-09T10:15:18.256Z</time>
      </trkpt>
      <trkpt lat="50.544508" lon="8.351182">
        <ele>153.736660</ele>
        <time>2026-08-09T10:15:29.680Z</time>
      </trkpt>
      <trkpt lat="50.544311" lon="8.351258">
        <ele>154.442065</ele>
        <time>2026-08-09T10:15:35.070Z</time>
      </trkpt>
      <trkpt lat="50.544236" lon="8.351341">
        <ele>154.760939</ele>
        <time>2026-08-09T10:15:37.122Z</time>
      </trkpt>
      <trkpt lat="50.544127" lon="8.351584">
        <ele>155.111018</ele>
        <time>2026-08-09T10:15:40.511Z</time>
      </trkpt>
      <trkpt lat="50.544094" lon="8.351878">
        <ele>154.662353</ele>
        <time>2026-08-09T10:15:43.319Z</time>
      </trkpt>
      <trkpt lat="50.544100" lon="8.352024">
        <ele>154.442485</ele>
        <time>2026-08-09T10:15:44.579Z</time>
      </trkpt>
      <trkpt lat="50.544163" lon="8.352308">
        <ele>153.990432</ele>
        <time>2026-08-09T10:15:47.032Z</time>
      </trkpt>
      <trkpt lat="50.544257" lon="8.352491">
        <ele>153.636812</ele>
        <time>2026-08-09T10:15:48.898Z</time>
      </trkpt>
      <trkpt lat="50.544641" lon="8.353033">
        <ele>152.416948</ele>
        <time>2026-08-09T10:15:55.287Z</time>
      </trkpt>
      <trkpt lat="50.544721" lon="8.353238">
        <ele>152.055424</ele>
        <time>2026-08-09T10:15:57.174Z</time>
      </trkpt>
      <trkpt lat="50.544722" lon="8.353430">
        <ele>151.766879</ele>
        <time>2026-08-09T10:15:58.644Z</time>
      </trkpt>
      <trkpt lat="50.544690" lon="8.353565">
        <ele>151.550349</ele>
        <time>2026-08-09T10:15:59.733Z</time>
      </trkpt>
      <trkpt lat="50.544606" lon="8.353696">
        <ele>151.270678</ele>
        <time>2026-08-09T10:16:01.158Z</time>
      </trkpt>
      <trkpt lat="50.544449" lon="8.353943">
        <ele>150.857287</ele>
        <time>2026-08-09T10:16:03.949Z</time>
      </trkpt>
      <trkpt lat="50.544211" lon="8.354257">
        <ele>150.469822</ele>
        <time>2026-08-09T10:16:08.230Z</time>
      </trkpt>
      <trkpt lat="50.544238" lon="8.354336">
        <ele>150.398708</ele>
        <time>2026-08-09T10:16:09.567Z</time>
      </trkpt>
      <trkpt lat="50.544161" lon="8.354525">
        <ele>150.220722</ele>
        <time>2026-08-09T10:16:13.101Z</time>
      </trkpt>
      <trkpt lat="50.544161" lon="8.354527">
        <ele>150.219136</ele>
        <time>2026-08-09T10:16:13.129Z</time>
      </trkpt>
      <trkpt lat="50.544178" lon="8.354604">
        <ele>150.154512</ele>
        <time>2026-08-09T10:16:14.449Z</time>
      </trkpt>
      <trkpt lat="50.544219" lon="8.354656">
        <ele>150.088817</ele>
        <time>2026-08-09T10:16:15.815Z</time>
      </trkpt>
      <trkpt lat="50.544280" lon="8.354726">
        <ele>149.994631</ele>
        <time>2026-08-09T10:16:17.764Z</time>
      </trkpt>
      <trkpt lat="50.544274" lon="8.354825">
        <ele>149.915788</ele>
        <time>2026-08-09T10:16:19.486Z</time>
      </trkpt>
      <trkpt lat="50.544320" lon="8.354889">
        <ele>149.839187</ele>
        <time>2026-08-09T10:16:21.133Z</time>
      </trkpt>
      <trkpt lat="50.544289" lon="8.354995">
        <ele>149.746679</ele>
        <time>2026-08-09T10:16:23.185Z</time>
      </trkpt>
      <trkpt lat="50.544258" lon="8.355108">
        <ele>149.649102</ele>
        <time>2026-08-09T10:16:25.237Z</time>
      </trkpt>
      <trkpt lat="50.544160" lon="8.355166">
        <ele>149.518482</ele>
        <time>2026-08-09T10:16:28.006Z</time>
      </trkpt>
      <trkpt lat="50.544024" lon="8.355447">
        <ele>149.238454</ele>
        <time>2026-08-09T10:16:33.601Z</time>
      </trkpt>
      <trkpt lat="50.543705" lon="8.356316">
        <ele>148.608816</ele>
        <time>2026-08-09T10:16:48.395Z</time>
      </trkpt>
      <trkpt lat="50.543459" lon="8.357070">
        <ele>148.314704</ele>
        <time>2026-08-09T10:17:01.520Z</time>
      </trkpt>
      <trkpt lat="50.542989" lon="8.358314">
        <ele>147.812495</ele>
        <time>2026-08-09T10:17:24.944Z</time>
      </trkpt>
      <trkpt lat="50.541351" lon="8.362500">
        <ele>147.678809</ele>
        <time>2026-08-09T10:18:52.758Z</time>
      </trkpt>
      <trkpt lat="50.541232" lon="8.362790">
        <ele>147.572687</ele>
        <time>2026-08-09T10:18:57.872Z</time>
      </trkpt>
      <trkpt lat="50.540633" lon="8.364256">
        <ele>146.940344</ele>
        <time>2026-08-09T10:19:21.956Z</time>
      </trkpt>
      <trkpt lat="50.540322" lon="8.364772">
        <ele>146.663549</ele>
        <time>2026-08-09T10:19:32.619Z</time>
      </trkpt>
      <trkpt lat="50.540160" lon="8.365024">
        <ele>146.524034</ele>
        <time>2026-08-09T10:19:36.311Z</time>
      </trkpt>
      <trkpt lat="50.540072" lon="8.365178">
        <ele>146.443427</ele>
        <time>2026-08-09T10:19:45.492Z</time>
      </trkpt>
      <trkpt lat="50.539950" lon="8.365322">
        <ele>146.350023</ele>
        <time>2026-08-09T10:19:50.005Z</time>
      </trkpt>
      <trkpt lat="50.539942" lon="8.365341">
        <ele>146.341152</ele>
        <time>2026-08-09T10:19:50.484Z</time>
      </trkpt>
      <trkpt lat="50.539896" lon="8.365453">
        <ele>146.387056</ele>
        <time>2026-08-09T10:19:53.279Z</time>
      </trkpt>
      <trkpt lat="50.539798" lon="8.365770">
        <ele>147.750676</ele>
        <time>2026-08-09T10:20:01.501Z</time>
      </trkpt>
      <trkpt lat="50.539743" lon="8.366065">
        <ele>148.939905</ele>
        <time>2026-08-09T10:20:09.678Z</time>
      </trkpt>
      <trkpt lat="50.539708" lon="8.366039">
        <ele>149.175483</ele>
        <time>2026-08-09T10:20:11.117Z</time>
      </trkpt>
      <trkpt lat="50.539614" lon="8.366425">
        <ele>150.774501</ele>
        <time>2026-08-09T10:20:22.097Z</time>
      </trkpt>
      <trkpt lat="50.539578" lon="8.366407">
        <ele>151.004414</ele>
        <time>2026-08-09T10:20:23.823Z</time>
      </trkpt>
      <trkpt lat="50.539384" lon="8.366753">
        <ele>152.789259</ele>
        <time>2026-08-09T10:20:38.181Z</time>
      </trkpt>
      <trkpt lat="50.538901" lon="8.368342">
        <ele>160.313443</ele>
        <time>2026-08-09T10:21:44.607Z</time>
      </trkpt>
      <trkpt lat="50.538815" lon="8.368485">
        <ele>161.304602</ele>
        <time>2026-08-09T10:21:52.436Z</time>
      </trkpt>
      <trkpt lat="50.538746" lon="8.368536">
        <ele>161.908485</ele>
        <time>2026-08-09T10:21:57.198Z</time>
      </trkpt>
      <trkpt lat="50.538534" lon="8.368496">
        <ele>163.599860</ele>
        <time>2026-08-09T10:22:09.989Z</time>
      </trkpt>
      <trkpt lat="50.538181" lon="8.368125">
        <ele>166.962575</ele>
        <time>2026-08-09T10:22:34.620Z</time>
      </trkpt>
      <trkpt lat="50.538475" lon="8.367073">
        <ele>171.655040</ele>
        <time>2026-08-09T10:23:13.162Z</time>
      </trkpt>
      <trkpt lat="50.538493" lon="8.366879">
        <ele>171.782051</ele>
        <time>2026-08-09T10:23:18.685Z</time>
      </trkpt>
      <trkpt lat="50.538477" lon="8.366530">
        <ele>172.008729</ele>
        <time>2026-08-09T10:23:26.813Z</time>
      </trkpt>
      <trkpt lat="50.538432" lon="8.366200">
        <ele>172.227377</ele>
        <time>2026-08-09T10:23:32.438Z</time>
      </trkpt>
      <trkpt lat="50.538191" lon="8.365428">
        <ele>172.784573</ele>
        <time>2026-08-09T10:23:43.077Z</time>
      </trkpt>
      <trkpt lat="50.537887" lon="8.364669">
        <ele>173.252435</ele>
        <time>2026-08-09T10:23:52.056Z</time>
      </trkpt>
      <trkpt lat="50.537607" lon="8.364320">
        <ele>172.553899</ele>
        <time>2026-08-09T10:23:57.253Z</time>
      </trkpt>
      <trkpt lat="50.537435" lon="8.364216">
        <ele>172.193568</ele>
        <time>2026-08-09T10:23:59.864Z</time>
      </trkpt>
      <trkpt lat="50.537380" lon="8.364106">
        <ele>172.019617</ele>
        <time>2026-08-09T10:24:01.111Z</time>
      </trkpt>
      <trkpt lat="50.537333" lon="8.364068">
        <ele>171.916283</ele>
        <time>2026-08-09T10:24:01.853Z</time>
      </trkpt>
      <trkpt lat="50.537243" lon="8.364073">
        <ele>171.740177</ele>
        <time>2026-08-09T10:24:03.140Z</time>
      </trkpt>
      <trkpt lat="50.537037" lon="8.364156">
        <ele>171.324343</ele>
        <time>2026-08-09T10:24:06.232Z</time>
      </trkpt>
      <trkpt lat="50.536800" lon="8.364304">
        <ele>170.825716</ele>
        <time>2026-08-09T10:24:10.151Z</time>
      </trkpt>
      <trkpt lat="50.536444" lon="8.364396">
        <ele>170.120224</ele>
        <time>2026-08-09T10:24:16.440Z</time>
      </trkpt>
      <trkpt lat="50.536198" lon="8.364614">
        <ele>170.471048</ele>
        <time>2026-08-09T10:24:23.658Z</time>
      </trkpt>
      <trkpt lat="50.535798" lon="8.365483">
        <ele>174.122421</ele>
        <time>2026-08-09T10:24:52.848Z</time>
      </trkpt>
      <trkpt lat="50.535593" lon="8.366219">
        <ele>176.857076</ele>
        <time>2026-08-09T10:25:22.634Z</time>
      </trkpt>
      <trkpt lat="50.535580" lon="8.366386">
        <ele>177.429648</ele>
        <time>2026-08-09T10:25:28.434Z</time>
      </trkpt>
      <trkpt lat="50.535597" lon="8.367188">
        <ele>179.736784</ele>
        <time>2026-08-09T10:25:53.508Z</time>
      </trkpt>
      <trkpt lat="50.535571" lon="8.367558">
        <ele>180.258593</ele>
        <time>2026-08-09T10:26:03.656Z</time>
      </trkpt>
      <trkpt lat="50.535417" lon="8.367846">
        <ele>180.786163</ele>
        <time>2026-08-09T10:26:12.452Z</time>
      </trkpt>
      <trkpt lat="50.535078" lon="8.368246">
        <ele>181.720694</ele>
        <time>2026-08-09T10:26:24.601Z</time>
      </trkpt>
      <trkpt lat="50.534649" lon="8.368351">
        <ele>182.678195</ele>
        <time>2026-08-09T10:26:32.392Z</time>
      </trkpt>
      <trkpt lat="50.534326" lon="8.368534">
        <ele>183.452501</ele>
        <time>2026-08-09T10:26:38.334Z</time>
      </trkpt>
      <trkpt lat="50.533619" lon="8.368709">
        <ele>185.980379</ele>
        <time>2026-08-09T10:26:54.866Z</time>
      </trkpt>
      <trkpt lat="50.533280" lon="8.368858">
        <ele>187.223595</ele>
        <time>2026-08-09T10:27:06.976Z</time>
      </trkpt>
      <trkpt lat="50.532643" lon="8.369338">
        <ele>189.718278</ele>
        <time>2026-08-09T10:27:42.236Z</time>
      </trkpt>
      <trkpt lat="50.532606" lon="8.369436">
        <ele>190.110840</ele>
        <time>2026-08-09T10:27:46.088Z</time>
      </trkpt>
      <trkpt lat="50.532601" lon="8.369545">
        <ele>190.512495</ele>
        <time>2026-08-09T10:27:50.209Z</time>
      </trkpt>
      <trkpt lat="50.532634" lon="8.370258">
        <ele>193.139960</ele>
        <time>2026-08-09T10:28:15.486Z</time>
      </trkpt>
      <trkpt lat="50.532554" lon="8.371223">
        <ele>196.716715</ele>
        <time>2026-08-09T10:28:47.021Z</time>
      </trkpt>
      <trkpt lat="50.532452" lon="8.371724">
        <ele>198.650217</ele>
        <time>2026-08-09T10:29:00.726Z</time>
      </trkpt>
      <trkpt lat="50.532199" lon="8.371867">
        <ele>200.175112</ele>
        <time>2026-08-09T10:29:09.452Z</time>
      </trkpt>
      <trkpt lat="50.531773" lon="8.372694">
        <ele>201.517761</ele>
        <time>2026-08-09T10:29:27.653Z</time>
      </trkpt>
      <trkpt lat="50.531545" lon="8.373440">
        <ele>202.561847</ele>
        <time>2026-08-09T10:29:41.868Z</time>
      </trkpt>
      <trkpt lat="50.531490" lon="8.374294">
        <ele>203.644559</ele>
        <time>2026-08-09T10:29:57.586Z</time>
      </trkpt>
      <trkpt lat="50.531281" lon="8.374977">
        <ele>204.119130</ele>
        <time>2026-08-09T10:30:11.207Z</time>
      </trkpt>
      <trkpt lat="50.531218" lon="8.375044">
        <ele>204.186684</ele>
        <time>2026-08-09T10:30:13.194Z</time>
      </trkpt>
      <trkpt lat="50.531087" lon="8.375093">
        <ele>204.306301</ele>
        <time>2026-08-09T10:30:16.605Z</time>
      </trkpt>
      <trkpt lat="50.531014" lon="8.375042">
        <ele>204.377257</ele>
        <time>2026-08-09T10:30:18.617Z</time>
      </trkpt>
      <trkpt lat="50.530868" lon="8.374688">
        <ele>204.615545</ele>
        <time>2026-08-09T10:30:24.952Z</time>
      </trkpt>
      <trkpt lat="50.530659" lon="8.374519">
        <ele>204.824299</ele>
        <time>2026-08-09T10:30:30.106Z</time>
      </trkpt>
      <trkpt lat="50.530554" lon="8.374484">
        <ele>204.919645</ele>
        <time>2026-08-09T10:30:32.381Z</time>
      </trkpt>
      <trkpt lat="50.530186" lon="8.374492">
        <ele>205.246587</ele>
        <time>2026-08-09T10:30:39.763Z</time>
      </trkpt>
      <trkpt lat="50.530008" lon="8.374580">
        <ele>205.281396</ele>
        <time>2026-08-09T10:30:43.549Z</time>
      </trkpt>
      <trkpt lat="50.529683" lon="8.374803">
        <ele>205.115224</ele>
        <time>2026-08-09T10:30:50.690Z</time>
      </trkpt>
      <trkpt lat="50.529477" lon="8.375018">
        <ele>204.999365</ele>
        <time>2026-08-09T10:30:55.523Z</time>
      </trkpt>
      <trkpt lat="50.529291" lon="8.375270">
        <ele>204.884321</ele>
        <time>2026-08-09T10:31:00.000Z</time>
      </trkpt>
      <trkpt lat="50.529160" lon="8.375505">
        <ele>204.791204</ele>
        <time>2026-08-09T10:31:03.544Z</time>
      </trkpt>
      <trkpt lat="50.528922" lon="8.376261">
        <ele>204.539870</ele>
        <time>2026-08-09T10:31:12.783Z</time>
      </trkpt>
      <trkpt lat="50.528805" lon="8.376767">
        <ele>204.051525</ele>
        <time>2026-08-09T10:31:18.959Z</time>
      </trkpt>
      <trkpt lat="50.528740" lon="8.377269">
        <ele>203.418597</ele>
        <time>2026-08-09T10:31:26.471Z</time>
      </trkpt>
      <trkpt lat="50.528787" lon="8.377945">
        <ele>202.578456</ele>
        <time>2026-08-09T10:31:33.903Z</time>
      </trkpt>
      <trkpt lat="50.528812" lon="8.378134">
        <ele>202.339955</ele>
        <time>2026-08-09T10:31:35.865Z</time>
      </trkpt>
      <trkpt lat="50.528851" lon="8.378425">
        <ele>201.972538</ele>
        <time>2026-08-09T10:31:38.791Z</time>
      </trkpt>
      <trkpt lat="50.528953" lon="8.378708">
        <ele>201.570620</ele>
        <time>2026-08-09T10:31:41.839Z</time>
      </trkpt>
      <trkpt lat="50.528851" lon="8.378425">
        <ele>201.168703</ele>
        <time>2026-08-09T10:31:44.694Z</time>
      </trkpt>
      <trkpt lat="50.528475" lon="8.378163">
        <ele>200.018634</ele>
        <time>2026-08-09T10:31:49.640Z</time>
      </trkpt>
      <trkpt lat="50.528103" lon="8.378013">
        <ele>198.848983</ele>
        <time>2026-08-09T10:31:54.035Z</time>
      </trkpt>
      <trkpt lat="50.528004" lon="8.377968">
        <ele>198.535118</ele>
        <time>2026-08-09T10:31:55.193Z</time>
      </trkpt>
      <trkpt lat="50.527831" lon="8.378008">
        <ele>198.002541</ele>
        <time>2026-08-09T10:31:57.132Z</time>
      </trkpt>
      <trkpt lat="50.527765" lon="8.378033">
        <ele>197.795776</ele>
        <time>2026-08-09T10:31:57.941Z</time>
      </trkpt>
      <trkpt lat="50.527564" lon="8.377992">
        <ele>197.178454</ele>
        <time>2026-08-09T10:32:00.417Z</time>
      </trkpt>
      <trkpt lat="50.527483" lon="8.377937">
        <ele>196.909746</ele>
        <time>2026-08-09T10:32:01.570Z</time>
      </trkpt>
      <trkpt lat="50.527372" lon="8.377784">
        <ele>196.460240</ele>
        <time>2026-08-09T10:32:03.680Z</time>
      </trkpt>
      <trkpt lat="50.527275" lon="8.377741">
        <ele>196.153295</ele>
        <time>2026-08-09T10:32:05.331Z</time>
      </trkpt>
      <trkpt lat="50.527192" lon="8.377721">
        <ele>195.897548</ele>
        <time>2026-08-09T10:32:06.997Z</time>
      </trkpt>
      <trkpt lat="50.527049" lon="8.377752">
        <ele>195.544809</ele>
        <time>2026-08-09T10:32:10.219Z</time>
      </trkpt>
      <trkpt lat="50.526958" lon="8.377816">
        <ele>195.749181</ele>
        <time>2026-08-09T10:32:12.775Z</time>
      </trkpt>
      <trkpt lat="50.526903" lon="8.377913">
        <ele>195.918591</ele>
        <time>2026-08-09T10:32:15.149Z</time>
      </trkpt>
      <trkpt lat="50.526660" lon="8.378498">
        <ele>196.829410</ele>
        <time>2026-08-09T10:32:29.761Z</time>
      </trkpt>
      <trkpt lat="50.526463" lon="8.378724">
        <ele>197.329315</ele>
        <time>2026-08-09T10:32:40.153Z</time>
      </trkpt>
      <trkpt lat="50.525853" lon="8.379343">
        <ele>198.817630</ele>
        <time>2026-08-09T10:33:03.477Z</time>
      </trkpt>
      <trkpt lat="50.525629" lon="8.379708">
        <ele>199.110600</ele>
        <time>2026-08-09T10:33:08.202Z</time>
      </trkpt>
      <trkpt lat="50.525477" lon="8.379718">
        <ele>199.014240</ele>
        <time>2026-08-09T10:33:10.111Z</time>
      </trkpt>
      <trkpt lat="50.524980" lon="8.379495">
        <ele>198.686886</ele>
        <time>2026-08-09T10:33:16.549Z</time>
      </trkpt>
      <trkpt lat="50.524724" lon="8.379434">
        <ele>198.522887</ele>
        <time>2026-08-09T10:33:19.981Z</time>
      </trkpt>
      <trkpt lat="50.524620" lon="8.379476">
        <ele>198.454878</ele>
        <time>2026-08-09T10:33:21.415Z</time>
      </trkpt>
      <trkpt lat="50.524463" lon="8.379635">
        <ele>198.336606</ele>
        <time>2026-08-09T10:33:23.996Z</time>
      </trkpt>
      <trkpt lat="50.524405" lon="8.379742">
        <ele>198.279984</ele>
        <time>2026-08-09T10:33:25.304Z</time>
      </trkpt>
      <trkpt lat="50.524357" lon="8.380004">
        <ele>198.170189</ele>
        <time>2026-08-09T10:33:28.283Z</time>
      </trkpt>
      <trkpt lat="50.524350" lon="8.380048">
        <ele>198.151924</ele>
        <time>2026-08-09T10:33:28.861Z</time>
      </trkpt>
      <trkpt lat="50.524366" lon="8.380519">
        <ele>199.080560</ele>
        <time>2026-08-09T10:33:37.630Z</time>
      </trkpt>
      <trkpt lat="50.524427" lon="8.380917">
        <ele>200.831006</ele>
        <time>2026-08-09T10:33:48.421Z</time>
      </trkpt>
      <trkpt lat="50.524471" lon="8.381069">
        <ele>201.545096</ele>
        <time>2026-08-09T10:33:53.608Z</time>
      </trkpt>
      <trkpt lat="50.524497" lon="8.381127">
        <ele>201.848529</ele>
        <time>2026-08-09T10:33:55.954Z</time>
      </trkpt>
      <trkpt lat="50.524536" lon="8.381211">
        <ele>202.293258</ele>
        <time>2026-08-09T10:33:59.474Z</time>
      </trkpt>
      <trkpt lat="50.524618" lon="8.381312">
        <ele>202.993691</ele>
        <time>2026-08-09T10:34:05.419Z</time>
      </trkpt>
      <trkpt lat="50.525046" lon="8.381726">
        <ele>206.372830</ele>
        <time>2026-08-09T10:34:36.046Z</time>
      </trkpt>
      <trkpt lat="50.525184" lon="8.381970">
        <ele>207.769143</ele>
        <time>2026-08-09T10:34:48.997Z</time>
      </trkpt>
      <trkpt lat="50.525480" lon="8.382915">
        <ele>210.934321</ele>
        <time>2026-08-09T10:35:24.098Z</time>
      </trkpt>
      <trkpt lat="50.525629" lon="8.383388">
        <ele>211.764858</ele>
        <time>2026-08-09T10:35:37.357Z</time>
      </trkpt>
      <trkpt lat="50.525559" lon="8.383572">
        <ele>212.102228</ele>
        <time>2026-08-09T10:35:41.707Z</time>
      </trkpt>
      <trkpt lat="50.525425" lon="8.383754">
        <ele>212.540373</ele>
        <time>2026-08-09T10:35:46.665Z</time>
      </trkpt>
      <trkpt lat="50.525265" lon="8.383845">
        <ele>212.961436</ele>
        <time>2026-08-09T10:35:50.734Z</time>
      </trkpt>
      <trkpt lat="50.525182" lon="8.383849">
        <ele>213.166943</ele>
        <time>2026-08-09T10:35:52.525Z</time>
      </trkpt>
      <trkpt lat="50.525093" lon="8.383845">
        <ele>213.387293</ele>
        <time>2026-08-09T10:35:54.366Z</time>
      </trkpt>
      <trkpt lat="50.525007" lon="8.383782">
        <ele>213.622078</ele>
        <time>2026-08-09T10:35:56.243Z</time>
      </trkpt>
      <trkpt lat="50.524776" lon="8.383348">
        <ele>214.512635</ele>
        <time>2026-08-09T10:36:02.441Z</time>
      </trkpt>
      <trkpt lat="50.524502" lon="8.382902">
        <ele>213.075536</ele>
        <time>2026-08-09T10:36:08.644Z</time>
      </trkpt>
      <trkpt lat="50.524257" lon="8.382633">
        <ele>211.793022</ele>
        <time>2026-08-09T10:36:13.010Z</time>
      </trkpt>
      <trkpt lat="50.523808" lon="8.382317">
        <ele>209.681586</ele>
        <time>2026-08-09T10:36:19.553Z</time>
      </trkpt>
      <trkpt lat="50.523334" lon="8.381794">
        <ele>207.196284</ele>
        <time>2026-08-09T10:36:26.938Z</time>
      </trkpt>
      <trkpt lat="50.523176" lon="8.381432">
        <ele>206.293198</ele>
        <time>2026-08-09T10:36:30.577Z</time>
      </trkpt>
      <trkpt lat="50.523099" lon="8.381025">
        <ele>205.519835</ele>
        <time>2026-08-09T10:36:34.067Z</time>
      </trkpt>
      <trkpt lat="50.523050" lon="8.380986">
        <ele>205.362521</ele>
        <time>2026-08-09T10:36:34.764Z</time>
      </trkpt>
      <trkpt lat="50.523021" lon="8.380972">
        <ele>205.275622</ele>
        <time>2026-08-09T10:36:35.147Z</time>
      </trkpt>
      <trkpt lat="50.522407" lon="8.381109">
        <ele>203.499137</ele>
        <time>2026-08-09T10:36:42.240Z</time>
      </trkpt>
      <trkpt lat="50.521305" lon="8.380977">
        <ele>203.423145</ele>
        <time>2026-08-09T10:37:12.813Z</time>
      </trkpt>
      <trkpt lat="50.521180" lon="8.380979">
        <ele>203.855495</ele>
        <time>2026-08-09T10:37:17.614Z</time>
      </trkpt>
      <trkpt lat="50.521129" lon="8.381040">
        <ele>204.077093</ele>
        <time>2026-08-09T10:37:20.364Z</time>
      </trkpt>
      <trkpt lat="50.521069" lon="8.381180">
        <ele>204.448359</ele>
        <time>2026-08-09T10:37:24.467Z</time>
      </trkpt>
      <trkpt lat="50.521014" lon="8.381438">
        <ele>205.046735</ele>
        <time>2026-08-09T10:37:31.533Z</time>
      </trkpt>
      <trkpt lat="50.520927" lon="8.381659">
        <ele>205.618322</ele>
        <time>2026-08-09T10:37:38.391Z</time>
      </trkpt>
      <trkpt lat="50.520829" lon="8.381721">
        <ele>205.983659</ele>
        <time>2026-08-09T10:37:42.487Z</time>
      </trkpt>
      <trkpt lat="50.520518" lon="8.381881">
        <ele>207.115370</ele>
        <time>2026-08-09T10:37:55.990Z</time>
      </trkpt>
      <trkpt lat="50.520290" lon="8.382004">
        <ele>207.949032</ele>
        <time>2026-08-09T10:38:04.907Z</time>
      </trkpt>
      <trkpt lat="50.520129" lon="8.382090">
        <ele>207.734837</ele>
        <time>2026-08-09T10:38:09.478Z</time>
      </trkpt>
      <trkpt lat="50.520109" lon="8.382110">
        <ele>207.704057</ele>
        <time>2026-08-09T10:38:10.018Z</time>
      </trkpt>
      <trkpt lat="50.519877" lon="8.382369">
        <ele>207.334567</ele>
        <time>2026-08-09T10:38:14.481Z</time>
      </trkpt>
      <trkpt lat="50.519647" lon="8.382545">
        <ele>207.002382</ele>
        <time>2026-08-09T10:38:17.877Z</time>
      </trkpt>
      <trkpt lat="50.519207" lon="8.382877">
        <ele>206.368583</ele>
        <time>2026-08-09T10:38:24.377Z</time>
      </trkpt>
      <trkpt lat="50.519049" lon="8.383046">
        <ele>206.120427</ele>
        <time>2026-08-09T10:38:26.912Z</time>
      </trkpt>
      <trkpt lat="50.518894" lon="8.383265">
        <ele>205.849823</ele>
        <time>2026-08-09T10:38:29.738Z</time>
      </trkpt>
      <trkpt lat="50.518621" lon="8.383748">
        <ele>205.384552</ele>
        <time>2026-08-09T10:38:35.460Z</time>
      </trkpt>
      <trkpt lat="50.518391" lon="8.384296">
        <ele>204.965213</ele>
        <time>2026-08-09T10:38:42.575Z</time>
      </trkpt>
      <trkpt lat="50.518331" lon="8.384527">
        <ele>204.805854</ele>
        <time>2026-08-09T10:38:46.422Z</time>
      </trkpt>
      <trkpt lat="50.518271" lon="8.385227">
        <ele>204.354767</ele>
        <time>2026-08-09T10:38:56.237Z</time>
      </trkpt>
      <trkpt lat="50.518131" lon="8.386083">
        <ele>203.726112</ele>
        <time>2026-08-09T10:39:04.707Z</time>
      </trkpt>
      <trkpt lat="50.518125" lon="8.386119">
        <ele>203.629833</ele>
        <time>2026-08-09T10:39:05.045Z</time>
      </trkpt>
      <trkpt lat="50.518066" lon="8.386100">
        <ele>203.384801</ele>
        <time>2026-08-09T10:39:05.832Z</time>
      </trkpt>
      <trkpt lat="50.518028" lon="8.385979">
        <ele>203.035672</ele>
        <time>2026-08-09T10:39:06.943Z</time>
      </trkpt>
      <trkpt lat="50.518020" lon="8.384810">
        <ele>200.011280</ele>
        <time>2026-08-09T10:39:15.886Z</time>
      </trkpt>
      <trkpt lat="50.518003" lon="8.384490">
        <ele>199.180552</ele>
        <time>2026-08-09T10:39:18.169Z</time>
      </trkpt>
      <trkpt lat="50.517951" lon="8.384132">
        <ele>198.230542</ele>
        <time>2026-08-09T10:39:20.747Z</time>
      </trkpt>
      <trkpt lat="50.517913" lon="8.383977">
        <ele>197.800780</ele>
        <time>2026-08-09T10:39:21.929Z</time>
      </trkpt>
      <trkpt lat="50.517860" lon="8.383894">
        <ele>197.496467</ele>
        <time>2026-08-09T10:39:22.788Z</time>
      </trkpt>
      <trkpt lat="50.517792" lon="8.383818">
        <ele>197.157051</ele>
        <time>2026-08-09T10:39:23.761Z</time>
      </trkpt>
      <trkpt lat="50.517718" lon="8.383792">
        <ele>196.848547</ele>
        <time>2026-08-09T10:39:24.659Z</time>
      </trkpt>
      <trkpt lat="50.517657" lon="8.383782">
        <ele>196.599013</ele>
        <time>2026-08-09T10:39:25.396Z</time>
      </trkpt>
      <trkpt lat="50.517603" lon="8.383715">
        <ele>196.542364</ele>
        <time>2026-08-09T10:39:26.248Z</time>
      </trkpt>
      <trkpt lat="50.517429" lon="8.383336">
        <ele>196.883689</ele>
        <time>2026-08-09T10:39:30.168Z</time>
      </trkpt>
      <trkpt lat="50.517233" lon="8.383081">
        <ele>197.175792</ele>
        <time>2026-08-09T10:39:34.136Z</time>
      </trkpt>
      <trkpt lat="50.517165" lon="8.383178">
        <ele>197.281213</ele>
        <time>2026-08-09T10:39:35.955Z</time>
      </trkpt>
      <trkpt lat="50.517115" lon="8.383198">
        <ele>197.340458</ele>
        <time>2026-08-09T10:39:37.045Z</time>
      </trkpt>
      <trkpt lat="50.517147" lon="8.383517">
        <ele>197.576260</ele>
        <time>2026-08-09T10:39:42.188Z</time>
      </trkpt>
      <trkpt lat="50.516559" lon="8.383678">
        <ele>198.261633</ele>
        <time>2026-08-09T10:40:01.610Z</time>
      </trkpt>
      <trkpt lat="50.516050" lon="8.383623">
        <ele>199.160222</ele>
        <time>2026-08-09T10:40:21.311Z</time>
      </trkpt>
      <trkpt lat="50.515606" lon="8.383525">
        <ele>200.232477</ele>
        <time>2026-08-09T10:40:40.173Z</time>
      </trkpt>
      <trkpt lat="50.515447" lon="8.383473">
        <ele>200.620868</ele>
        <time>2026-08-09T10:40:46.283Z</time>
      </trkpt>
      <trkpt lat="50.515178" lon="8.383349">
        <ele>201.291262</ele>
        <time>2026-08-09T10:40:54.493Z</time>
      </trkpt>
      <trkpt lat="50.515005" lon="8.383345">
        <ele>201.705045</ele>
        <time>2026-08-09T10:40:58.443Z</time>
      </trkpt>
      <trkpt lat="50.514891" lon="8.383412">
        <ele>201.996098</ele>
        <time>2026-08-09T10:41:00.727Z</time>
      </trkpt>
      <trkpt lat="50.514790" lon="8.383605">
        <ele>202.376214</ele>
        <time>2026-08-09T10:41:03.692Z</time>
      </trkpt>
      <trkpt lat="50.514616" lon="8.383646">
        <ele>202.796988</ele>
        <time>2026-08-09T10:41:06.379Z</time>
      </trkpt>
      <trkpt lat="50.514492" lon="8.383582">
        <ele>202.713295</ele>
        <time>2026-08-09T10:41:08.314Z</time>
      </trkpt>
      <trkpt lat="50.514225" lon="8.383514">
        <ele>202.331479</ele>
        <time>2026-08-09T10:41:12.409Z</time>
      </trkpt>
      <trkpt lat="50.513863" lon="8.383620">
        <ele>201.811685</ele>
        <time>2026-08-09T10:41:17.636Z</time>
      </trkpt>
      <trkpt lat="50.513321" lon="8.384063">
        <ele>200.949411</ele>
        <time>2026-08-09T10:41:25.096Z</time>
      </trkpt>
      <trkpt lat="50.513074" lon="8.384334">
        <ele>200.524263</ele>
        <time>2026-08-09T10:41:29.587Z</time>
      </trkpt>
      <trkpt lat="50.512758" lon="8.384804">
        <ele>201.049338</ele>
        <time>2026-08-09T10:41:39.316Z</time>
      </trkpt>
      <trkpt lat="50.512477" lon="8.385327">
        <ele>202.138465</ele>
        <time>2026-08-09T10:41:49.894Z</time>
      </trkpt>
      <trkpt lat="50.512253" lon="8.385851">
        <ele>203.142824</ele>
        <time>2026-08-09T10:42:01.957Z</time>
      </trkpt>
      <trkpt lat="50.512087" lon="8.386212">
        <ele>203.851475</ele>
        <time>2026-08-09T10:42:12.108Z</time>
      </trkpt>
      <trkpt lat="50.511959" lon="8.386549">
        <ele>204.475888</ele>
        <time>2026-08-09T10:42:21.627Z</time>
      </trkpt>
      <trkpt lat="50.511893" lon="8.386893">
        <ele>205.229015</ele>
        <time>2026-08-09T10:42:30.311Z</time>
      </trkpt>
      <trkpt lat="50.511868" lon="8.387350">
        <ele>206.542121</ele>
        <time>2026-08-09T10:42:40.424Z</time>
      </trkpt>
      <trkpt lat="50.511874" lon="8.388362">
        <ele>209.439345</ele>
        <time>2026-08-09T10:43:02.660Z</time>
      </trkpt>
      <trkpt lat="50.511936" lon="8.388907">
        <ele>211.024309</ele>
        <time>2026-08-09T10:43:16.836Z</time>
      </trkpt>
      <trkpt lat="50.512073" lon="8.389666">
        <ele>213.229956</ele>
        <time>2026-08-09T10:43:37.547Z</time>
      </trkpt>
      <trkpt lat="50.512226" lon="8.390330">
        <ele>214.958559</ele>
        <time>2026-08-09T10:43:54.958Z</time>
      </trkpt>
      <trkpt lat="50.512274" lon="8.390401">
        <ele>215.212195</ele>
        <time>2026-08-09T10:43:57.535Z</time>
      </trkpt>
      <trkpt lat="50.512364" lon="8.390519">
        <ele>215.663205</ele>
        <time>2026-08-09T10:44:02.026Z</time>
      </trkpt>
      <trkpt lat="50.512424" lon="8.390733">
        <ele>216.235637</ele>
        <time>2026-08-09T10:44:07.631Z</time>
      </trkpt>
      <trkpt lat="50.512603" lon="8.391374">
        <ele>217.949141</ele>
        <time>2026-08-09T10:44:23.609Z</time>
      </trkpt>
      <trkpt lat="50.512627" lon="8.391441">
        <ele>218.137356</ele>
        <time>2026-08-09T10:44:25.297Z</time>
      </trkpt>
      <trkpt lat="50.513199" lon="8.393071">
        <ele>220.336514</ele>
        <time>2026-08-09T10:44:54.974Z</time>
      </trkpt>
      <trkpt lat="50.513376" lon="8.393361">
        <ele>220.507580</ele>
        <time>2026-08-09T10:44:59.491Z</time>
      </trkpt>
      <trkpt lat="50.513239" lon="8.393660">
        <ele>220.664419</ele>
        <time>2026-08-09T10:45:03.352Z</time>
      </trkpt>
      <trkpt lat="50.513194" lon="8.393820">
        <ele>220.738874</ele>
        <time>2026-08-09T10:45:05.229Z</time>
      </trkpt>
      <trkpt lat="50.513028" lon="8.394091">
        <ele>220.899010</ele>
        <time>2026-08-09T10:45:09.288Z</time>
      </trkpt>
      <trkpt lat="50.512847" lon="8.394282">
        <ele>221.043490</ele>
        <time>2026-08-09T10:45:12.809Z</time>
      </trkpt>
      <trkpt lat="50.512468" lon="8.394524">
        <ele>220.858325</ele>
        <time>2026-08-09T10:45:18.969Z</time>
      </trkpt>
      <trkpt lat="50.512496" lon="8.394723">
        <ele>220.799656</ele>
        <time>2026-08-09T10:45:20.880Z</time>
      </trkpt>
      <trkpt lat="50.512487" lon="8.394953">
        <ele>220.733324</ele>
        <time>2026-08-09T10:45:23.129Z</time>
      </trkpt>
      <trkpt lat="50.513089" lon="8.395072">
        <ele>220.458673</ele>
        <time>2026-08-09T10:45:33.361Z</time>
      </trkpt>
      <trkpt lat="50.513025" lon="8.396212">
        <ele>219.784070</ele>
        <time>2026-08-09T10:45:46.708Z</time>
      </trkpt>
      <trkpt lat="50.513230" lon="8.396642">
        <ele>219.098684</ele>
        <time>2026-08-09T10:45:52.197Z</time>
      </trkpt>
      <trkpt lat="50.513336" lon="8.396816">
        <ele>218.791384</ele>
        <time>2026-08-09T10:45:54.421Z</time>
      </trkpt>
      <trkpt lat="50.513688" lon="8.397392">
        <ele>217.772584</ele>
        <time>2026-08-09T10:46:01.503Z</time>
      </trkpt>
      <trkpt lat="50.513452" lon="8.397730">
        <ele>217.132411</ele>
        <time>2026-08-09T10:46:05.658Z</time>
      </trkpt>
      <trkpt lat="50.513028" lon="8.397841">
        <ele>215.600207</ele>
        <time>2026-08-09T10:46:11.122Z</time>
      </trkpt>
      <trkpt lat="50.512543" lon="8.397941">
        <ele>212.753013</ele>
        <time>2026-08-09T10:46:16.787Z</time>
      </trkpt>
      <trkpt lat="50.512311" lon="8.397924">
        <ele>211.401150</ele>
        <time>2026-08-09T10:46:19.399Z</time>
      </trkpt>
      <trkpt lat="50.512151" lon="8.397912">
        <ele>210.468782</ele>
        <time>2026-08-09T10:46:21.187Z</time>
      </trkpt>
      <trkpt lat="50.512117" lon="8.398035">
        <ele>209.972349</ele>
        <time>2026-08-09T10:46:23.137Z</time>
      </trkpt>
      <trkpt lat="50.511997" lon="8.398073">
        <ele>209.259846</ele>
        <time>2026-08-09T10:46:25.939Z</time>
      </trkpt>
      <trkpt lat="50.511699" lon="8.398259">
        <ele>207.393644</ele>
        <time>2026-08-09T10:46:33.318Z</time>
      </trkpt>
      <trkpt lat="50.511683" lon="8.398311">
        <ele>207.179819</ele>
        <time>2026-08-09T10:46:34.163Z</time>
      </trkpt>
      <trkpt lat="50.512149" lon="8.398803">
        <ele>203.312474</ele>
        <time>2026-08-09T10:46:46.809Z</time>
      </trkpt>
      <trkpt lat="50.512190" lon="8.398893">
        <ele>202.792897</ele>
        <time>2026-08-09T10:46:48.370Z</time>
      </trkpt>
      <trkpt lat="50.512376" lon="8.399300">
        <ele>200.440725</ele>
        <time>2026-08-09T10:46:55.443Z</time>
      </trkpt>
      <trkpt lat="50.512843" lon="8.400042">
        <ele>195.541302</ele>
        <time>2026-08-09T10:47:10.393Z</time>
      </trkpt>
      <trkpt lat="50.513003" lon="8.400488">
        <ele>193.138110</ele>
        <time>2026-08-09T10:47:17.836Z</time>
      </trkpt>
      <trkpt lat="50.513120" lon="8.401058">
        <ele>190.367689</ele>
        <time>2026-08-09T10:47:26.540Z</time>
      </trkpt>
      <trkpt lat="50.513173" lon="8.401436">
        <ele>188.579953</ele>
        <time>2026-08-09T10:47:32.170Z</time>
      </trkpt>
      <trkpt lat="50.513860" lon="8.403339">
        <ele>178.965575</ele>
        <time>2026-08-09T10:48:03.341Z</time>
      </trkpt>
      <trkpt lat="50.513939" lon="8.403659">
        <ele>177.961500</ele>
        <time>2026-08-09T10:48:08.452Z</time>
      </trkpt>
      <trkpt lat="50.514175" lon="8.404618">
        <ele>174.953674</ele>
        <time>2026-08-09T10:48:24.701Z</time>
      </trkpt>
      <trkpt lat="50.513939" lon="8.403659">
        <ele>171.945848</ele>
        <time>2026-08-09T10:48:40.812Z</time>
      </trkpt>
      <trkpt lat="50.514175" lon="8.404618">
        <ele>170.413962</ele>
        <time>2026-08-09T10:48:59.212Z</time>
      </trkpt>
      <trkpt lat="50.514210" lon="8.404758">
        <ele>170.223332</ele>
        <time>2026-08-09T10:49:01.942Z</time>
      </trkpt>
      <trkpt lat="50.514575" lon="8.405053">
        <ele>169.405507</ele>
        <time>2026-08-09T10:49:10.736Z</time>
      </trkpt>
      <trkpt lat="50.514995" lon="8.405385">
        <ele>168.468729</ele>
        <time>2026-08-09T10:49:20.844Z</time>
      </trkpt>
      <trkpt lat="50.515057" lon="8.405467">
        <ele>168.307287</ele>
        <time>2026-08-09T10:49:22.747Z</time>
      </trkpt>
      <trkpt lat="50.515152" lon="8.405710">
        <ele>167.953559</ele>
        <time>2026-08-09T10:49:27.341Z</time>
      </trkpt>
      <trkpt lat="50.515266" lon="8.405899">
        <ele>167.837288</ele>
        <time>2026-08-09T10:49:31.915Z</time>
      </trkpt>
      <trkpt lat="50.515533" lon="8.405932">
        <ele>167.649298</ele>
        <time>2026-08-09T10:49:39.694Z</time>
      </trkpt>
      <trkpt lat="50.515885" lon="8.406033">
        <ele>167.398144</ele>
        <time>2026-08-09T10:49:49.564Z</time>
      </trkpt>
      <trkpt lat="50.516441" lon="8.406002">
        <ele>167.007633</ele>
        <time>2026-08-09T10:50:03.525Z</time>
      </trkpt>
      <trkpt lat="50.517270" lon="8.406102">
        <ele>165.499902</ele>
        <time>2026-08-09T10:50:22.916Z</time>
      </trkpt>
      <trkpt lat="50.517589" lon="8.406094">
        <ele>164.512971</ele>
        <time>2026-08-09T10:50:29.717Z</time>
      </trkpt>
      <trkpt lat="50.518054" lon="8.406271">
        <ele>163.032995</ele>
        <time>2026-08-09T10:50:39.437Z</time>
      </trkpt>
      <trkpt lat="50.518176" lon="8.406429">
        <ele>162.544109</ele>
        <time>2026-08-09T10:50:42.577Z</time>
      </trkpt>
      <trkpt lat="50.518230" lon="8.406611">
        <ele>162.149076</ele>
        <time>2026-08-09T10:50:45.122Z</time>
      </trkpt>
      <trkpt lat="50.518262" lon="8.406816">
        <ele>161.733887</ele>
        <time>2026-08-09T10:50:47.783Z</time>
      </trkpt>
      <trkpt lat="50.518314" lon="8.406929">
        <ele>161.459524</ele>
        <time>2026-08-09T10:50:49.568Z</time>
      </trkpt>
      <trkpt lat="50.518473" lon="8.407058">
        <ele>160.979717</ele>
        <time>2026-08-09T10:50:53.175Z</time>
      </trkpt>
      <trkpt lat="50.518550" lon="8.407198">
        <ele>160.734673</ele>
        <time>2026-08-09T10:50:55.561Z</time>
      </trkpt>
      <trkpt lat="50.518547" lon="8.407425">
        <ele>160.434110</ele>
        <time>2026-08-09T10:50:58.539Z</time>
      </trkpt>
      <trkpt lat="50.518448" lon="8.407897">
        <ele>159.776168</ele>
        <time>2026-08-09T10:51:05.163Z</time>
      </trkpt>
      <trkpt lat="50.518245" lon="8.407865">
        <ele>159.351410</ele>
        <time>2026-08-09T10:51:07.805Z</time>
      </trkpt>
      <trkpt lat="50.518163" lon="8.407852">
        <ele>159.179823</ele>
        <time>2026-08-09T10:51:08.901Z</time>
      </trkpt>
      <trkpt lat="50.517845" lon="8.407718">
        <ele>158.494404</ele>
        <time>2026-08-09T10:51:13.449Z</time>
      </trkpt>
      <trkpt lat="50.517788" lon="8.408027">
        <ele>158.068484</ele>
        <time>2026-08-09T10:51:16.523Z</time>
      </trkpt>
      <trkpt lat="50.517752" lon="8.408224">
        <ele>157.797139</ele>
        <time>2026-08-09T10:51:18.585Z</time>
      </trkpt>
      <trkpt lat="50.517721" lon="8.408363">
        <ele>157.602140</ele>
        <time>2026-08-09T10:51:20.142Z</time>
      </trkpt>
      <trkpt lat="50.517686" lon="8.408613">
        <ele>157.423631</ele>
        <time>2026-08-09T10:51:23.062Z</time>
      </trkpt>
      <trkpt lat="50.517643" lon="8.408846">
        <ele>157.520179</ele>
        <time>2026-08-09T10:51:25.946Z</time>
      </trkpt>
      <trkpt lat="50.517550" lon="8.409353">
        <ele>157.730167</ele>
        <time>2026-08-09T10:51:32.424Z</time>
      </trkpt>
      <trkpt lat="50.515865" lon="8.409272">
        <ele>158.944111</ele>
        <time>2026-08-09T10:52:11.895Z</time>
      </trkpt>
      <trkpt lat="50.514883" lon="8.408936">
        <ele>159.939163</ele>
        <time>2026-08-09T10:52:35.026Z</time>
      </trkpt>
      <trkpt lat="50.514390" lon="8.408968">
        <ele>160.459124</ele>
        <time>2026-08-09T10:52:47.152Z</time>
      </trkpt>
      <trkpt lat="50.514138" lon="8.408909">
        <ele>160.770276</ele>
        <time>2026-08-09T10:52:53.633Z</time>
      </trkpt>
      <trkpt lat="50.513889" lon="8.409053">
        <ele>161.094282</ele>
        <time>2026-08-09T10:53:00.438Z</time>
      </trkpt>
      <trkpt lat="50.513527" lon="8.409786">
        <ele>161.815040</ele>
        <time>2026-08-09T10:53:15.584Z</time>
      </trkpt>
      <trkpt lat="50.512823" lon="8.410269">
        <ele>162.554567</ele>
        <time>2026-08-09T10:53:33.967Z</time>
      </trkpt>
      <trkpt lat="50.512288" lon="8.410530">
        <ele>162.722898</ele>
        <time>2026-08-09T10:53:45.972Z</time>
      </trkpt>
      <trkpt lat="50.511715" lon="8.410562">
        <ele>162.895198</ele>
        <time>2026-08-09T10:53:56.476Z</time>
      </trkpt>
      <trkpt lat="50.511335" lon="8.410613">
        <ele>163.009806</ele>
        <time>2026-08-09T10:54:03.695Z</time>
      </trkpt>
      <trkpt lat="50.511220" lon="8.410670">
        <ele>163.068565</ele>
        <time>2026-08-09T10:54:06.188Z</time>
      </trkpt>
      <trkpt lat="50.511121" lon="8.411005">
        <ele>163.240097</ele>
        <time>2026-08-09T10:54:10.590Z</time>
      </trkpt>
      <trkpt lat="50.510944" lon="8.411897">
        <ele>163.673991</ele>
        <time>2026-08-09T10:54:22.803Z</time>
      </trkpt>
      <trkpt lat="50.510884" lon="8.412030">
        <ele>163.749711</ele>
        <time>2026-08-09T10:54:24.999Z</time>
      </trkpt>
      <trkpt lat="50.510663" lon="8.412354">
        <ele>163.970336</ele>
        <time>2026-08-09T10:54:31.083Z</time>
      </trkpt>
      <trkpt lat="50.510515" lon="8.412666">
        <ele>164.151079</ele>
        <time>2026-08-09T10:54:36.604Z</time>
      </trkpt>
      <trkpt lat="50.510367" lon="8.413142">
        <ele>164.430662</ele>
        <time>2026-08-09T10:54:44.067Z</time>
      </trkpt>
      <trkpt lat="50.510337" lon="8.413413">
        <ele>164.638511</ele>
        <time>2026-08-09T10:54:48.036Z</time>
      </trkpt>
      <trkpt lat="50.510363" lon="8.414375">
        <ele>165.366061</ele>
        <time>2026-08-09T10:55:02.040Z</time>
      </trkpt>
      <trkpt lat="50.510320" lon="8.414820">
        <ele>165.706166</ele>
        <time>2026-08-09T10:55:08.498Z</time>
      </trkpt>
      <trkpt lat="50.510211" lon="8.415218">
        <ele>166.033601</ele>
        <time>2026-08-09T10:55:14.733Z</time>
      </trkpt>
      <trkpt lat="50.509892" lon="8.415821">
        <ele>166.530510</ele>
        <time>2026-08-09T10:55:25.903Z</time>
      </trkpt>
      <trkpt lat="50.509397" lon="8.416469">
        <ele>166.792229</ele>
        <time>2026-08-09T10:55:39.271Z</time>
      </trkpt>
      <trkpt lat="50.508906" lon="8.416815">
        <ele>167.010862</ele>
        <time>2026-08-09T10:55:48.610Z</time>
      </trkpt>
      <trkpt lat="50.508801" lon="8.416852">
        <ele>167.054586</ele>
        <time>2026-08-09T10:55:50.421Z</time>
      </trkpt>
      <trkpt lat="50.508592" lon="8.416866">
        <ele>167.139588</ele>
        <time>2026-08-09T10:55:53.928Z</time>
      </trkpt>
      <trkpt lat="50.508308" lon="8.416809">
        <ele>167.230949</ele>
        <time>2026-08-09T10:55:58.772Z</time>
      </trkpt>
      <trkpt lat="50.507979" lon="8.416641">
        <ele>167.292306</ele>
        <time>2026-08-09T10:56:04.785Z</time>
      </trkpt>
      <trkpt lat="50.507821" lon="8.416616">
        <ele>167.320472</ele>
        <time>2026-08-09T10:56:07.633Z</time>
      </trkpt>
      <trkpt lat="50.507630" lon="8.416656">
        <ele>167.354650</ele>
        <time>2026-08-09T10:56:11.131Z</time>
      </trkpt>
      <trkpt lat="50.507421" lon="8.416776">
        <ele>167.394116</ele>
        <time>2026-08-09T10:56:15.300Z</time>
      </trkpt>
      <trkpt lat="50.507110" lon="8.417189">
        <ele>167.466320</ele>
        <time>2026-08-09T10:56:23.102Z</time>
      </trkpt>
      <trkpt lat="50.506841" lon="8.417728">
        <ele>167.512597</ele>
        <time>2026-08-09T10:56:31.169Z</time>
      </trkpt>
      <trkpt lat="50.506246" lon="8.418743">
        <ele>167.296127</ele>
        <time>2026-08-09T10:56:45.426Z</time>
      </trkpt>
      <trkpt lat="50.505933" lon="8.418910">
        <ele>167.214627</ele>
        <time>2026-08-09T10:56:50.714Z</time>
      </trkpt>
      <trkpt lat="50.505654" lon="8.419256">
        <ele>167.127009</ele>
        <time>2026-08-09T10:56:56.445Z</time>
      </trkpt>
      <trkpt lat="50.505142" lon="8.419568">
        <ele>167.146157</ele>
        <time>2026-08-09T10:57:05.308Z</time>
      </trkpt>
      <trkpt lat="50.504790" lon="8.420169">
        <ele>167.225323</ele>
        <time>2026-08-09T10:57:14.097Z</time>
      </trkpt>
      <trkpt lat="50.503032" lon="8.422051">
        <ele>168.352711</ele>
        <time>2026-08-09T10:57:55.405Z</time>
      </trkpt>
      <trkpt lat="50.503163" lon="8.422590">
        <ele>168.647316</ele>
        <time>2026-08-09T10:58:04.313Z</time>
      </trkpt>
      <trkpt lat="50.503238" lon="8.422921">
        <ele>168.817702</ele>
        <time>2026-08-09T10:58:09.566Z</time>
      </trkpt>
      <trkpt lat="50.503300" lon="8.423267">
        <ele>168.925026</ele>
        <time>2026-08-09T10:58:14.671Z</time>
      </trkpt>
      <trkpt lat="50.503389" lon="8.424110">
        <ele>169.180157</ele>
        <time>2026-08-09T10:58:26.381Z</time>
      </trkpt>
      <trkpt lat="50.502897" lon="8.423934">
        <ele>169.417011</ele>
        <time>2026-08-09T10:58:35.599Z</time>
      </trkpt>
      <trkpt lat="50.502582" lon="8.423842">
        <ele>169.567405</ele>
        <time>2026-08-09T10:58:42.007Z</time>
      </trkpt>
      <trkpt lat="50.502429" lon="8.423833">
        <ele>169.639276</ele>
        <time>2026-08-09T10:58:44.901Z</time>
      </trkpt>
      <trkpt lat="50.501957" lon="8.424015">
        <ele>169.566428</ele>
        <time>2026-08-09T10:58:53.726Z</time>
      </trkpt>
      <trkpt lat="50.501603" lon="8.424000">
        <ele>169.503256</ele>
        <time>2026-08-09T10:59:00.397Z</time>
      </trkpt>
      <trkpt lat="50.501528" lon="8.424020">
        <ele>169.489686</ele>
        <time>2026-08-09T10:59:01.862Z</time>
      </trkpt>
      <trkpt lat="50.500830" lon="8.424473">
        <ele>169.354979</ele>
        <time>2026-08-09T10:59:16.613Z</time>
      </trkpt>
      <trkpt lat="50.500750" lon="8.424788">
        <ele>169.378567</ele>
        <time>2026-08-09T10:59:20.442Z</time>
      </trkpt>
      <trkpt lat="50.500608" lon="8.425100">
        <ele>169.560962</ele>
        <time>2026-08-09T10:59:24.916Z</time>
      </trkpt>
      <trkpt lat="50.500615" lon="8.425240">
        <ele>169.627728</ele>
        <time>2026-08-09T10:59:26.662Z</time>
      </trkpt>
      <trkpt lat="50.500599" lon="8.425258">
        <ele>169.642433</ele>
        <time>2026-08-09T10:59:27.030Z</time>
      </trkpt>
      <trkpt lat="50.500514" lon="8.424978">
        <ele>169.789938</ele>
        <time>2026-08-09T10:59:31.224Z</time>
      </trkpt>
      <trkpt lat="50.500444" lon="8.424799">
        <ele>169.889837</ele>
        <time>2026-08-09T10:59:33.955Z</time>
      </trkpt>
      <trkpt lat="50.499851" lon="8.425525">
        <ele>170.451617</ele>
        <time>2026-08-09T10:59:50.324Z</time>
      </trkpt>
      <trkpt lat="50.499584" lon="8.425784">
        <ele>170.697626</ele>
        <time>2026-08-09T10:59:57.485Z</time>
      </trkpt>
      <trkpt lat="50.499355" lon="8.426014">
        <ele>171.076844</ele>
        <time>2026-08-09T11:00:04.244Z</time>
      </trkpt>
      <trkpt lat="50.499122" lon="8.426284">
        <ele>171.480781</ele>
        <time>2026-08-09T11:00:11.526Z</time>
      </trkpt>
      <trkpt lat="50.499016" lon="8.426560">
        <ele>171.766970</ele>
        <time>2026-08-09T11:00:16.685Z</time>
      </trkpt>
      <trkpt lat="50.498877" lon="8.426478">
        <ele>171.974152</ele>
        <time>2026-08-09T11:00:20.384Z</time>
      </trkpt>
      <trkpt lat="50.498806" lon="8.426393">
        <ele>172.098691</ele>
        <time>2026-08-09T11:00:22.577Z</time>
      </trkpt>
      <trkpt lat="50.498596" lon="8.425974">
        <ele>172.572206</ele>
        <time>2026-08-09T11:00:31.038Z</time>
      </trkpt>
      <trkpt lat="50.497163" lon="8.426251">
        <ele>173.762619</ele>
        <time>2026-08-09T11:01:03.486Z</time>
      </trkpt>
      <trkpt lat="50.496803" lon="8.426290">
        <ele>173.970539</ele>
        <time>2026-08-09T11:01:09.513Z</time>
      </trkpt>
      <trkpt lat="50.496359" lon="8.426340">
        <ele>174.250145</ele>
        <time>2026-08-09T11:01:16.526Z</time>
      </trkpt>
      <trkpt lat="50.495788" lon="8.426409">
        <ele>175.556820</ele>
        <time>2026-08-09T11:01:26.445Z</time>
      </trkpt>
      <trkpt lat="50.495752" lon="8.426409">
        <ele>175.638960</ele>
        <time>2026-08-09T11:01:27.200Z</time>
      </trkpt>
      <trkpt lat="50.495181" lon="8.426417">
        <ele>176.941844</ele>
        <time>2026-08-09T11:01:45.104Z</time>
      </trkpt>
      <trkpt lat="50.494674" lon="8.426243">
        <ele>178.125898</ele>
        <time>2026-08-09T11:02:04.040Z</time>
      </trkpt>
      <trkpt lat="50.494630" lon="8.426134">
        <ele>178.313274</ele>
        <time>2026-08-09T11:02:07.367Z</time>
      </trkpt>
      <trkpt lat="50.494654" lon="8.426060">
        <ele>178.443794</ele>
        <time>2026-08-09T11:02:09.230Z</time>
      </trkpt>
      <trkpt lat="50.494409" lon="8.426011">
        <ele>179.057986</ele>
        <time>2026-08-09T11:02:19.156Z</time>
      </trkpt>
      <trkpt lat="50.493950" lon="8.426171">
        <ele>180.227181</ele>
        <time>2026-08-09T11:02:37.756Z</time>
      </trkpt>
      <trkpt lat="50.492281" lon="8.427843">
        <ele>183.895522</ele>
        <time>2026-08-09T11:03:24.916Z</time>
      </trkpt>
      <trkpt lat="50.491706" lon="8.428436">
        <ele>184.694661</ele>
        <time>2026-08-09T11:03:41.903Z</time>
      </trkpt>
      <trkpt lat="50.490403" lon="8.429382">
        <ele>185.915365</ele>
        <time>2026-08-09T11:04:18.778Z</time>
      </trkpt>
      <trkpt lat="50.490015" lon="8.429716">
        <ele>186.273733</ele>
        <time>2026-08-09T11:04:27.514Z</time>
      </trkpt>
      <trkpt lat="50.489500" lon="8.430005">
        <ele>185.564673</ele>
        <time>2026-08-09T11:04:36.728Z</time>
      </trkpt>
      <trkpt lat="50.488636" lon="8.430405">
        <ele>184.043760</ele>
        <time>2026-08-09T11:04:50.219Z</time>
      </trkpt>
      <trkpt lat="50.488062" lon="8.430958">
        <ele>183.401999</ele>
        <time>2026-08-09T11:05:00.587Z</time>
      </trkpt>
      <trkpt lat="50.487906" lon="8.430989">
        <ele>183.465828</ele>
        <time>2026-08-09T11:05:03.273Z</time>
      </trkpt>
      <trkpt lat="50.487500" lon="8.430875">
        <ele>183.633243</ele>
        <time>2026-08-09T11:05:11.055Z</time>
      </trkpt>
      <trkpt lat="50.486620" lon="8.430881">
        <ele>183.990462</ele>
        <time>2026-08-09T11:05:34.329Z</time>
      </trkpt>
      <trkpt lat="50.485751" lon="8.431094">
        <ele>184.586912</ele>
        <time>2026-08-09T11:05:58.198Z</time>
      </trkpt>
      <trkpt lat="50.485217" lon="8.431060">
        <ele>184.970710</ele>
        <time>2026-08-09T11:06:08.995Z</time>
      </trkpt>
      <trkpt lat="50.485207" lon="8.431295">
        <ele>185.078330</ele>
        <time>2026-08-09T11:06:11.417Z</time>
      </trkpt>
      <trkpt lat="50.485142" lon="8.431490">
        <ele>185.178918</ele>
        <time>2026-08-09T11:06:13.685Z</time>
      </trkpt>
      <trkpt lat="50.485052" lon="8.431628">
        <ele>185.269215</ele>
        <time>2026-08-09T11:06:15.718Z</time>
      </trkpt>
      <trkpt lat="50.484296" lon="8.432182">
        <ele>185.275766</ele>
        <time>2026-08-09T11:06:29.351Z</time>
      </trkpt>
      <trkpt lat="50.483681" lon="8.432435">
        <ele>185.231777</ele>
        <time>2026-08-09T11:06:42.099Z</time>
      </trkpt>
      <trkpt lat="50.483115" lon="8.432826">
        <ele>185.196955</ele>
        <time>2026-08-09T11:06:52.185Z</time>
      </trkpt>
      <trkpt lat="50.482901" lon="8.433023">
        <ele>185.189290</ele>
        <time>2026-08-09T11:06:55.766Z</time>
      </trkpt>
      <trkpt lat="50.482726" lon="8.433255">
        <ele>185.182213</ele>
        <time>2026-08-09T11:06:59.028Z</time>
      </trkpt>
      <trkpt lat="50.482593" lon="8.433514">
        <ele>185.175668</ele>
        <time>2026-08-09T11:07:02.066Z</time>
      </trkpt>
      <trkpt lat="50.482645" lon="8.433667">
        <ele>185.172257</ele>
        <time>2026-08-09T11:07:03.683Z</time>
      </trkpt>
      <trkpt lat="50.482680" lon="8.433887">
        <ele>185.167797</ele>
        <time>2026-08-09T11:07:05.960Z</time>
      </trkpt>
      <trkpt lat="50.482707" lon="8.434159">
        <ele>185.162383</ele>
        <time>2026-08-09T11:07:08.981Z</time>
      </trkpt>
      <trkpt lat="50.482733" lon="8.434310">
        <ele>185.159306</ele>
        <time>2026-08-09T11:07:10.894Z</time>
      </trkpt>
      <trkpt lat="50.482782" lon="8.434928">
        <ele>185.176082</ele>
        <time>2026-08-09T11:07:20.553Z</time>
      </trkpt>
      <trkpt lat="50.482702" lon="8.434953">
        <ele>185.273824</ele>
        <time>2026-08-09T11:07:22.641Z</time>
      </trkpt>
      <trkpt lat="50.482597" lon="8.435038">
        <ele>185.415359</ele>
        <time>2026-08-09T11:07:25.940Z</time>
      </trkpt>
      <trkpt lat="50.482509" lon="8.435240">
        <ele>185.602024</ele>
        <time>2026-08-09T11:07:30.390Z</time>
      </trkpt>
      <trkpt lat="50.482444" lon="8.435517">
        <ele>185.827142</ele>
        <time>2026-08-09T11:07:35.635Z</time>
      </trkpt>
      <trkpt lat="50.482446" lon="8.435591">
        <ele>185.883618</ele>
        <time>2026-08-09T11:07:36.993Z</time>
      </trkpt>
      <trkpt lat="50.482459" lon="8.436090">
        <ele>186.264427</ele>
        <time>2026-08-09T11:07:44.966Z</time>
      </trkpt>
      <trkpt lat="50.482384" lon="8.436182">
        <ele>186.378437</ele>
        <time>2026-08-09T11:07:47.110Z</time>
      </trkpt>
      <trkpt lat="50.482048" lon="8.436328">
        <ele>186.796178</ele>
        <time>2026-08-09T11:07:55.348Z</time>
      </trkpt>
      <trkpt lat="50.481642" lon="8.436392">
        <ele>187.285135</ele>
        <time>2026-08-09T11:08:03.256Z</time>
      </trkpt>
      <trkpt lat="50.481493" lon="8.436446">
        <ele>187.307420</ele>
        <time>2026-08-09T11:08:05.726Z</time>
      </trkpt>
      <trkpt lat="50.481304" lon="8.436608">
        <ele>187.314121</ele>
        <time>2026-08-09T11:08:08.822Z</time>
      </trkpt>
      <trkpt lat="50.481084" lon="8.436923">
        <ele>187.323386</ele>
        <time>2026-08-09T11:08:13.072Z</time>
      </trkpt>
      <trkpt lat="50.481012" lon="8.437028">
        <ele>187.326443</ele>
        <time>2026-08-09T11:08:14.445Z</time>
      </trkpt>
      <trkpt lat="50.480735" lon="8.437413">
        <ele>187.337955</ele>
        <time>2026-08-09T11:08:20.602Z</time>
      </trkpt>
      <trkpt lat="50.480601" lon="8.437486">
        <ele>187.342369</ele>
        <time>2026-08-09T11:08:23.745Z</time>
      </trkpt>
      <trkpt lat="50.480543" lon="8.437384">
        <ele>187.345079</ele>
        <time>2026-08-09T11:08:25.668Z</time>
      </trkpt>
      <trkpt lat="50.480498" lon="8.437382">
        <ele>187.346480</ele>
        <time>2026-08-09T11:08:26.714Z</time>
      </trkpt>
      <trkpt lat="50.480435" lon="8.437475">
        <ele>187.349171</ele>
        <time>2026-08-09T11:08:28.726Z</time>
      </trkpt>
      <trkpt lat="50.480456" lon="8.437607">
        <ele>187.351866</ele>
        <time>2026-08-09T11:08:30.749Z</time>
      </trkpt>
      <trkpt lat="50.480310" lon="8.437785">
        <ele>187.357618</ele>
        <time>2026-08-09T11:08:34.771Z</time>
      </trkpt>
      <trkpt lat="50.480145" lon="8.437830">
        <ele>187.446025</ele>
        <time>2026-08-09T11:08:38.255Z</time>
      </trkpt>
      <trkpt lat="50.479800" lon="8.437871">
        <ele>187.697993</ele>
        <time>2026-08-09T11:08:44.815Z</time>
      </trkpt>
      <trkpt lat="50.479320" lon="8.437851">
        <ele>188.047682</ele>
        <time>2026-08-09T11:08:53.964Z</time>
      </trkpt>
      <trkpt lat="50.478886" lon="8.437900">
        <ele>188.364563</ele>
        <time>2026-08-09T11:09:02.434Z</time>
      </trkpt>
      <trkpt lat="50.478642" lon="8.437981">
        <ele>188.546181</ele>
        <time>2026-08-09T11:09:07.703Z</time>
      </trkpt>
      <trkpt lat="50.478313" lon="8.438176">
        <ele>188.841950</ele>
        <time>2026-08-09T11:09:15.402Z</time>
      </trkpt>
      <trkpt lat="50.478208" lon="8.438356">
        <ele>188.988825</ele>
        <time>2026-08-09T11:09:18.955Z</time>
      </trkpt>
      <trkpt lat="50.478144" lon="8.438574">
        <ele>189.133233</ele>
        <time>2026-08-09T11:09:22.530Z</time>
      </trkpt>
      <trkpt lat="50.478046" lon="8.439190">
        <ele>189.515161</ele>
        <time>2026-08-09T11:09:31.922Z</time>
      </trkpt>
      <trkpt lat="50.478028" lon="8.440236">
        <ele>190.144562</ele>
        <time>2026-08-09T11:09:45.813Z</time>
      </trkpt>
      <trkpt lat="50.477916" lon="8.440752">
        <ele>190.523319</ele>
        <time>2026-08-09T11:09:52.442Z</time>
      </trkpt>
      <trkpt lat="50.477754" lon="8.441263">
        <ele>191.035487</ele>
        <time>2026-08-09T11:09:59.523Z</time>
      </trkpt>
      <trkpt lat="50.477700" lon="8.441540">
        <ele>191.295390</ele>
        <time>2026-08-09T11:10:03.452Z</time>
      </trkpt>
      <trkpt lat="50.477583" lon="8.442008">
        <ele>191.746483</ele>
        <time>2026-08-09T11:10:10.871Z</time>
      </trkpt>
      <trkpt lat="50.477399" lon="8.442405">
        <ele>192.187092</ele>
        <time>2026-08-09T11:10:19.013Z</time>
      </trkpt>
      <trkpt lat="50.477465" lon="8.442739">
        <ele>192.500848</ele>
        <time>2026-08-09T11:10:25.549Z</time>
      </trkpt>
      <trkpt lat="50.477524" lon="8.443204">
        <ele>192.909159</ele>
        <time>2026-08-09T11:10:33.881Z</time>
      </trkpt>
      <trkpt lat="50.477508" lon="8.443509">
        <ele>192.965985</ele>
        <time>2026-08-09T11:10:38.844Z</time>
      </trkpt>
      <trkpt lat="50.477461" lon="8.443476">
        <ele>192.981005</ele>
        <time>2026-08-09T11:10:40.701Z</time>
      </trkpt>
      <trkpt lat="50.477443" lon="8.443578">
        <ele>193.000659</ele>
        <time>2026-08-09T11:10:42.422Z</time>
      </trkpt>
      <trkpt lat="50.477334" lon="8.443954">
        <ele>193.077379</ele>
        <time>2026-08-09T11:10:48.154Z</time>
      </trkpt>
      <trkpt lat="50.477232" lon="8.444200">
        <ele>193.131897</ele>
        <time>2026-08-09T11:10:52.058Z</time>
      </trkpt>
      <trkpt lat="50.477063" lon="8.444429">
        <ele>193.197010</ele>
        <time>2026-08-09T11:10:56.071Z</time>
      </trkpt>
      <trkpt lat="50.476848" lon="8.444646">
        <ele>193.271568</ele>
        <time>2026-08-09T11:11:00.477Z</time>
      </trkpt>
      <trkpt lat="50.476671" lon="8.444745">
        <ele>193.326387</ele>
        <time>2026-08-09T11:11:03.275Z</time>
      </trkpt>
      <trkpt lat="50.476128" lon="8.445262">
        <ele>193.521348</ele>
        <time>2026-08-09T11:11:12.646Z</time>
      </trkpt>
      <trkpt lat="50.475722" lon="8.445869">
        <ele>193.704195</ele>
        <time>2026-08-09T11:11:21.393Z</time>
      </trkpt>
      <trkpt lat="50.475521" lon="8.446465">
        <ele>193.844252</ele>
        <time>2026-08-09T11:11:28.443Z</time>
      </trkpt>
      <trkpt lat="50.475332" lon="8.446318">
        <ele>193.913059</ele>
        <time>2026-08-09T11:11:33.122Z</time>
      </trkpt>
      <trkpt lat="50.475176" lon="8.446114">
        <ele>193.979278</ele>
        <time>2026-08-09T11:11:38.499Z</time>
      </trkpt>
      <trkpt lat="50.475109" lon="8.445945">
        <ele>194.096093</ele>
        <time>2026-08-09T11:11:42.322Z</time>
      </trkpt>
      <trkpt lat="50.475096" lon="8.445540">
        <ele>195.671778</ele>
        <time>2026-08-09T11:11:51.379Z</time>
      </trkpt>
      <trkpt lat="50.475068" lon="8.445429">
        <ele>196.135729</ele>
        <time>2026-08-09T11:11:54.414Z</time>
      </trkpt>
      <trkpt lat="50.474866" lon="8.445306">
        <ele>197.458413</ele>
        <time>2026-08-09T11:12:03.574Z</time>
      </trkpt>
      <trkpt lat="50.474692" lon="8.445303">
        <ele>198.520839</ele>
        <time>2026-08-09T11:12:11.692Z</time>
      </trkpt>
      <trkpt lat="50.474399" lon="8.445390">
        <ele>200.341420</ele>
        <time>2026-08-09T11:12:27.352Z</time>
      </trkpt>
      <trkpt lat="50.473847" lon="8.445620">
        <ele>203.828156</ele>
        <time>2026-08-09T11:13:01.212Z</time>
      </trkpt>
      <trkpt lat="50.473612" lon="8.445674">
        <ele>205.128772</ele>
        <time>2026-08-09T11:13:15.242Z</time>
      </trkpt>
      <trkpt lat="50.473384" lon="8.445656">
        <ele>205.779163</ele>
        <time>2026-08-09T11:13:27.637Z</time>
      </trkpt>
      <trkpt lat="50.473093" lon="8.445553">
        <ele>206.628997</ele>
        <time>2026-08-09T11:13:41.657Z</time>
      </trkpt>
      <trkpt lat="50.472603" lon="8.445303">
        <ele>208.096759</ele>
        <time>2026-08-09T11:13:59.394Z</time>
      </trkpt>
      <trkpt lat="50.472018" lon="8.445165">
        <ele>209.782103</ele>
        <time>2026-08-09T11:14:10.736Z</time>
      </trkpt>
      <trkpt lat="50.471360" lon="8.445193">
        <ele>208.444742</ele>
        <time>2026-08-09T11:14:20.949Z</time>
      </trkpt>
      <trkpt lat="50.470313" lon="8.445408">
        <ele>205.157125</ele>
        <time>2026-08-09T11:14:36.110Z</time>
      </trkpt>
      <trkpt lat="50.469837" lon="8.445557">
        <ele>204.350333</ele>
        <time>2026-08-09T11:14:43.343Z</time>
      </trkpt>
      <trkpt lat="50.469572" lon="8.445675">
        <ele>204.182140</ele>
        <time>2026-08-09T11:14:47.870Z</time>
      </trkpt>
      <trkpt lat="50.469359" lon="8.445829">
        <ele>204.038962</ele>
        <time>2026-08-09T11:14:52.016Z</time>
      </trkpt>
      <trkpt lat="50.469129" lon="8.446053">
        <ele>203.873718</ele>
        <time>2026-08-09T11:14:57.272Z</time>
      </trkpt>
      <trkpt lat="50.468877" lon="8.446437">
        <ele>203.659347</ele>
        <time>2026-08-09T11:15:05.466Z</time>
      </trkpt>
      <trkpt lat="50.468474" lon="8.447179">
        <ele>203.484123</ele>
        <time>2026-08-09T11:15:22.110Z</time>
      </trkpt>
      <trkpt lat="50.468378" lon="8.447211">
        <ele>203.509267</ele>
        <time>2026-08-09T11:15:24.650Z</time>
      </trkpt>
      <trkpt lat="50.468250" lon="8.447113">
        <ele>203.545749</ele>
        <time>2026-08-09T11:15:28.372Z</time>
      </trkpt>
      <trkpt lat="50.468168" lon="8.447092">
        <ele>203.567036</ele>
        <time>2026-08-09T11:15:30.474Z</time>
      </trkpt>
      <trkpt lat="50.467946" lon="8.447163">
        <ele>203.625082</ele>
        <time>2026-08-09T11:15:35.738Z</time>
      </trkpt>
      <trkpt lat="50.467799" lon="8.447265">
        <ele>203.666256</ele>
        <time>2026-08-09T11:15:39.268Z</time>
      </trkpt>
      <trkpt lat="50.467432" lon="8.447603">
        <ele>203.775253</ele>
        <time>2026-08-09T11:15:47.543Z</time>
      </trkpt>
      <trkpt lat="50.466734" lon="8.448055">
        <ele>203.434114</ele>
        <time>2026-08-09T11:16:00.836Z</time>
      </trkpt>
      <trkpt lat="50.465416" lon="8.448633">
        <ele>201.553242</ele>
        <time>2026-08-09T11:16:23.661Z</time>
      </trkpt>
      <trkpt lat="50.465014" lon="8.448902">
        <ele>201.061787</ele>
        <time>2026-08-09T11:16:31.082Z</time>
      </trkpt>
      <trkpt lat="50.464246" lon="8.449284">
        <ele>200.217341</ele>
        <time>2026-08-09T11:16:44.889Z</time>
      </trkpt>
      <trkpt lat="50.463808" lon="8.449520">
        <ele>199.731952</ele>
        <time>2026-08-09T11:16:53.211Z</time>
      </trkpt>
      <trkpt lat="50.463598" lon="8.449588">
        <ele>199.540585</ele>
        <time>2026-08-09T11:16:57.112Z</time>
      </trkpt>
      <trkpt lat="50.463165" lon="8.449827">
        <ele>199.870380</ele>
        <time>2026-08-09T11:17:05.703Z</time>
      </trkpt>
      <trkpt lat="50.462773" lon="8.450245">
        <ele>200.210831</ele>
        <time>2026-08-09T11:17:15.190Z</time>
      </trkpt>
      <trkpt lat="50.462427" lon="8.450546">
        <ele>200.495041</ele>
        <time>2026-08-09T11:17:25.136Z</time>
      </trkpt>
      <trkpt lat="50.462393" lon="8.450581">
        <ele>200.524251</ele>
        <time>2026-08-09T11:17:26.174Z</time>
      </trkpt>
      <trkpt lat="50.461805" lon="8.451171">
        <ele>201.558928</ele>
        <time>2026-08-09T11:17:46.222Z</time>
      </trkpt>
      <trkpt lat="50.461700" lon="8.451316">
        <ele>201.919295</ele>
        <time>2026-08-09T11:17:50.675Z</time>
      </trkpt>
      <trkpt lat="50.461705" lon="8.451360">
        <ele>201.992637</ele>
        <time>2026-08-09T11:17:51.700Z</time>
      </trkpt>
      <trkpt lat="50.461591" lon="8.451427">
        <ele>202.306382</ele>
        <time>2026-08-09T11:17:55.380Z</time>
      </trkpt>
      <trkpt lat="50.461284" lon="8.451708">
        <ele>203.222257</ele>
        <time>2026-08-09T11:18:06.373Z</time>
      </trkpt>
      <trkpt lat="50.461217" lon="8.451733">
        <ele>203.399765</ele>
        <time>2026-08-09T11:18:08.447Z</time>
      </trkpt>
      <trkpt lat="50.461083" lon="8.452012">
        <ele>203.973266</ele>
        <time>2026-08-09T11:18:15.299Z</time>
      </trkpt>
      <trkpt lat="50.460851" lon="8.452374">
        <ele>204.816167</ele>
        <time>2026-08-09T11:18:25.279Z</time>
      </trkpt>
      <trkpt lat="50.460801" lon="8.452443">
        <ele>204.987720</ele>
        <time>2026-08-09T11:18:27.188Z</time>
      </trkpt>
      <trkpt lat="50.460069" lon="8.453327">
        <ele>206.258653</ele>
        <time>2026-08-09T11:18:51.238Z</time>
      </trkpt>
      <trkpt lat="50.459861" lon="8.453727">
        <ele>206.614560</ele>
        <time>2026-08-09T11:18:57.725Z</time>
      </trkpt>
      <trkpt lat="50.459704" lon="8.454022">
        <ele>206.879525</ele>
        <time>2026-08-09T11:19:02.038Z</time>
      </trkpt>
      <trkpt lat="50.459281" lon="8.454396">
        <ele>207.403894</ele>
        <time>2026-08-09T11:19:10.790Z</time>
      </trkpt>
      <trkpt lat="50.458776" lon="8.454785">
        <ele>207.729778</ele>
        <time>2026-08-09T11:19:21.052Z</time>
      </trkpt>
      <trkpt lat="50.456917" lon="8.457046">
        <ele>209.043076</ele>
        <time>2026-08-09T11:20:09.463Z</time>
      </trkpt>
      <trkpt lat="50.456629" lon="8.457308">
        <ele>209.221326</ele>
        <time>2026-08-09T11:20:15.020Z</time>
      </trkpt>
      <trkpt lat="50.456307" lon="8.457693">
        <ele>209.474686</ele>
        <time>2026-08-09T11:20:21.983Z</time>
      </trkpt>
      <trkpt lat="50.456122" lon="8.457725">
        <ele>209.696264</ele>
        <time>2026-08-09T11:20:25.249Z</time>
      </trkpt>
      <trkpt lat="50.456084" lon="8.457929">
        <ele>209.857373</ele>
        <time>2026-08-09T11:20:27.874Z</time>
      </trkpt>
      <trkpt lat="50.455911" lon="8.458300">
        <ele>210.205938</ele>
        <time>2026-08-09T11:20:34.084Z</time>
      </trkpt>
      <trkpt lat="50.455509" lon="8.458950">
        <ele>210.892807</ele>
        <time>2026-08-09T11:20:48.441Z</time>
      </trkpt>
      <trkpt lat="50.455228" lon="8.459390">
        <ele>211.365190</ele>
        <time>2026-08-09T11:20:58.568Z</time>
      </trkpt>
      <trkpt lat="50.455127" lon="8.459516">
        <ele>211.518748</ele>
        <time>2026-08-09T11:21:01.479Z</time>
      </trkpt>
      <trkpt lat="50.454912" lon="8.459695">
        <ele>211.621284</ele>
        <time>2026-08-09T11:21:07.007Z</time>
      </trkpt>
      <trkpt lat="50.454711" lon="8.459785">
        <ele>211.690299</ele>
        <time>2026-08-09T11:21:12.136Z</time>
      </trkpt>
      <trkpt lat="50.454282" lon="8.459805">
        <ele>211.832018</ele>
        <time>2026-08-09T11:21:22.907Z</time>
      </trkpt>
      <trkpt lat="50.454130" lon="8.459884">
        <ele>211.884886</ele>
        <time>2026-08-09T11:21:26.027Z</time>
      </trkpt>
      <trkpt lat="50.454037" lon="8.459959">
        <ele>211.919406</ele>
        <time>2026-08-09T11:21:27.764Z</time>
      </trkpt>
      <trkpt lat="50.453785" lon="8.460164">
        <ele>212.013117</ele>
        <time>2026-08-09T11:21:32.179Z</time>
      </trkpt>
      <trkpt lat="50.453510" lon="8.460281">
        <ele>212.107195</ele>
        <time>2026-08-09T11:21:36.258Z</time>
      </trkpt>
      <trkpt lat="50.453421" lon="8.460288">
        <ele>212.136620</ele>
        <time>2026-08-09T11:21:37.526Z</time>
      </trkpt>
      <trkpt lat="50.452793" lon="8.460130">
        <ele>211.173675</ele>
        <time>2026-08-09T11:21:46.426Z</time>
      </trkpt>
      <trkpt lat="50.452652" lon="8.460138">
        <ele>210.951420</ele>
        <time>2026-08-09T11:21:48.272Z</time>
      </trkpt>
      <trkpt lat="50.452437" lon="8.460149">
        <ele>210.612562</ele>
        <time>2026-08-09T11:21:51.025Z</time>
      </trkpt>
      <trkpt lat="50.451856" lon="8.460404">
        <ele>209.662278</ele>
        <time>2026-08-09T11:21:59.058Z</time>
      </trkpt>
      <trkpt lat="50.451805" lon="8.460543">
        <ele>209.501370</ele>
        <time>2026-08-09T11:22:00.853Z</time>
      </trkpt>
      <trkpt lat="50.451815" lon="8.460736">
        <ele>209.313057</ele>
        <time>2026-08-09T11:22:03.120Z</time>
      </trkpt>
      <trkpt lat="50.451935" lon="8.461103">
        <ele>209.740041</ele>
        <time>2026-08-09T11:22:08.568Z</time>
      </trkpt>
      <trkpt lat="50.451962" lon="8.461269">
        <ele>209.917361</ele>
        <time>2026-08-09T11:22:11.242Z</time>
      </trkpt>
      <trkpt lat="50.451962" lon="8.461578">
        <ele>210.237162</ele>
        <time>2026-08-09T11:22:16.246Z</time>
      </trkpt>
      <trkpt lat="50.451736" lon="8.462513">
        <ele>211.272227</ele>
        <time>2026-08-09T11:22:35.647Z</time>
      </trkpt>
      <trkpt lat="50.450909" lon="8.464712">
        <ele>214.325026</ele>
        <time>2026-08-09T11:23:27.011Z</time>
      </trkpt>
      <trkpt lat="50.450833" lon="8.464873">
        <ele>214.582968</ele>
        <time>2026-08-09T11:23:30.665Z</time>
      </trkpt>
      <trkpt lat="50.450731" lon="8.465014">
        <ele>214.857627</ele>
        <time>2026-08-09T11:23:34.439Z</time>
      </trkpt>
      <trkpt lat="50.450568" lon="8.465111">
        <ele>215.209954</ele>
        <time>2026-08-09T11:23:39.152Z</time>
      </trkpt>
      <trkpt lat="50.450147" lon="8.465140">
        <ele>215.848231</ele>
        <time>2026-08-09T11:23:49.746Z</time>
      </trkpt>
      <trkpt lat="50.449520" lon="8.465146">
        <ele>215.710348</ele>
        <time>2026-08-09T11:24:03.105Z</time>
      </trkpt>
      <trkpt lat="50.449251" lon="8.465186">
        <ele>215.650929</ele>
        <time>2026-08-09T11:24:08.225Z</time>
      </trkpt>
      <trkpt lat="50.448979" lon="8.465267">
        <ele>215.590049</ele>
        <time>2026-08-09T11:24:13.153Z</time>
      </trkpt>
      <trkpt lat="50.448728" lon="8.465406">
        <ele>215.531521</ele>
        <time>2026-08-09T11:24:17.770Z</time>
      </trkpt>
      <trkpt lat="50.448576" lon="8.465618">
        <ele>215.486816</ele>
        <time>2026-08-09T11:24:21.220Z</time>
      </trkpt>
      <trkpt lat="50.448479" lon="8.465900">
        <ele>215.485363</ele>
        <time>2026-08-09T11:24:24.681Z</time>
      </trkpt>
      <trkpt lat="50.448291" lon="8.466977">
        <ele>215.543124</ele>
        <time>2026-08-09T11:24:37.791Z</time>
      </trkpt>
      <trkpt lat="50.448236" lon="8.467272">
        <ele>215.559023</ele>
        <time>2026-08-09T11:24:41.870Z</time>
      </trkpt>
      <trkpt lat="50.448159" lon="8.467704">
        <ele>215.582226</ele>
        <time>2026-08-09T11:24:48.221Z</time>
      </trkpt>
      <trkpt lat="50.448100" lon="8.467961">
        <ele>215.596357</ele>
        <time>2026-08-09T11:24:52.361Z</time>
      </trkpt>
      <trkpt lat="50.447919" lon="8.468336">
        <ele>215.636467</ele>
        <time>2026-08-09T11:24:59.897Z</time>
      </trkpt>
      <trkpt lat="50.447620" lon="8.468711">
        <ele>216.184633</ele>
        <time>2026-08-09T11:25:10.348Z</time>
      </trkpt>
      <trkpt lat="50.446866" lon="8.469472">
        <ele>217.468617</ele>
        <time>2026-08-09T11:25:34.766Z</time>
      </trkpt>
      <trkpt lat="50.446680" lon="8.469722">
        <ele>217.819342</ele>
        <time>2026-08-09T11:25:41.014Z</time>
      </trkpt>
      <trkpt lat="50.446578" lon="8.469917">
        <ele>218.049548</ele>
        <time>2026-08-09T11:25:45.071Z</time>
      </trkpt>
      <trkpt lat="50.446453" lon="8.470228">
        <ele>218.323258</ele>
        <time>2026-08-09T11:25:51.025Z</time>
      </trkpt>
      <trkpt lat="50.446430" lon="8.470380">
        <ele>218.419107</ele>
        <time>2026-08-09T11:25:53.629Z</time>
      </trkpt>
      <trkpt lat="50.446317" lon="8.470669">
        <ele>218.627166</ele>
        <time>2026-08-09T11:25:58.989Z</time>
      </trkpt>
      <trkpt lat="50.445982" lon="8.471109">
        <ele>219.047920</ele>
        <time>2026-08-09T11:26:09.561Z</time>
      </trkpt>
      <trkpt lat="50.445903" lon="8.471257">
        <ele>219.166399</ele>
        <time>2026-08-09T11:26:12.537Z</time>
      </trkpt>
      <trkpt lat="50.445866" lon="8.471384">
        <ele>219.252082</ele>
        <time>2026-08-09T11:26:14.708Z</time>
      </trkpt>
      <trkpt lat="50.445827" lon="8.471614">
        <ele>219.398107</ele>
        <time>2026-08-09T11:26:18.297Z</time>
      </trkpt>
      <trkpt lat="50.445756" lon="8.472384">
        <ele>219.875438</ele>
        <time>2026-08-09T11:26:29.119Z</time>
      </trkpt>
      <trkpt lat="50.445645" lon="8.473399">
        <ele>220.748544</ele>
        <time>2026-08-09T11:26:45.576Z</time>
      </trkpt>
      <trkpt lat="50.445663" lon="8.473684">
        <ele>220.997594</ele>
        <time>2026-08-09T11:26:50.654Z</time>
      </trkpt>
      <trkpt lat="50.445369" lon="8.473933">
        <ele>221.453735</ele>
        <time>2026-08-09T11:26:59.265Z</time>
      </trkpt>
      <trkpt lat="50.445202" lon="8.474032">
        <ele>221.697490</ele>
        <time>2026-08-09T11:27:03.834Z</time>
      </trkpt>
      <trkpt lat="50.444895" lon="8.474097">
        <ele>222.120506</ele>
        <time>2026-08-09T11:27:11.534Z</time>
      </trkpt>
      <trkpt lat="50.444557" lon="8.474339">
        <ele>222.345532</ele>
        <time>2026-08-09T11:27:20.067Z</time>
      </trkpt>
      <trkpt lat="50.444119" lon="8.474612">
        <ele>222.239808</ele>
        <time>2026-08-09T11:27:29.165Z</time>
      </trkpt>
      <trkpt lat="50.443602" lon="8.474799">
        <ele>222.120781</ele>
        <time>2026-08-09T11:27:37.134Z</time>
      </trkpt>
      <trkpt lat="50.442797" lon="8.474993">
        <ele>222.119964</ele>
        <time>2026-08-09T11:27:48.832Z</time>
      </trkpt>
      <trkpt lat="50.442352" lon="8.475261">
        <ele>222.457437</ele>
        <time>2026-08-09T11:27:57.503Z</time>
      </trkpt>
      <trkpt lat="50.441996" lon="8.475475">
        <ele>222.727351</ele>
        <time>2026-08-09T11:28:05.736Z</time>
      </trkpt>
      <trkpt lat="50.441806" lon="8.475471">
        <ele>222.861896</ele>
        <time>2026-08-09T11:28:09.999Z</time>
      </trkpt>
      <trkpt lat="50.441813" lon="8.475583">
        <ele>222.912645</ele>
        <time>2026-08-09T11:28:11.940Z</time>
      </trkpt>
      <trkpt lat="50.441830" lon="8.475739">
        <ele>222.984014</ele>
        <time>2026-08-09T11:28:14.595Z</time>
      </trkpt>
      <trkpt lat="50.441869" lon="8.475849">
        <ele>223.040787</ele>
        <time>2026-08-09T11:28:16.916Z</time>
      </trkpt>
      <trkpt lat="50.441129" lon="8.476934">
        <ele>224.712430</ele>
        <time>2026-08-09T11:28:45.980Z</time>
      </trkpt>
      <trkpt lat="50.440565" lon="8.478372">
        <ele>226.921614</ele>
        <time>2026-08-09T11:29:13.974Z</time>
      </trkpt>
      <trkpt lat="50.440281" lon="8.478890">
        <ele>227.747866</ele>
        <time>2026-08-09T11:29:27.046Z</time>
      </trkpt>
      <trkpt lat="50.439992" lon="8.479328">
        <ele>228.508231</ele>
        <time>2026-08-09T11:29:38.711Z</time>
      </trkpt>
      <trkpt lat="50.439775" lon="8.479590">
        <ele>229.026423</ele>
        <time>2026-08-09T11:29:46.395Z</time>
      </trkpt>
      <trkpt lat="50.437997" lon="8.481012">
        <ele>230.991801</ele>
        <time>2026-08-09T11:30:28.925Z</time>
      </trkpt>
      <trkpt lat="50.437835" lon="8.481194">
        <ele>231.089907</ele>
        <time>2026-08-09T11:30:32.083Z</time>
      </trkpt>
      <trkpt lat="50.437671" lon="8.481428">
        <ele>231.199046</ele>
        <time>2026-08-09T11:30:35.572Z</time>
      </trkpt>
      <trkpt lat="50.437621" lon="8.481517">
        <ele>231.236272</ele>
        <time>2026-08-09T11:30:36.754Z</time>
      </trkpt>
      <trkpt lat="50.437328" lon="8.482038">
        <ele>231.078189</ele>
        <time>2026-08-09T11:30:43.600Z</time>
      </trkpt>
      <trkpt lat="50.436131" lon="8.483886">
        <ele>230.484381</ele>
        <time>2026-08-09T11:31:10.956Z</time>
      </trkpt>
      <trkpt lat="50.436083" lon="8.484021">
        <ele>230.458122</ele>
        <time>2026-08-09T11:31:12.480Z</time>
      </trkpt>
      <trkpt lat="50.436022" lon="8.484115">
        <ele>230.435330</ele>
        <time>2026-08-09T11:31:15.484Z</time>
      </trkpt>
      <trkpt lat="50.435943" lon="8.484235">
        <ele>230.406019</ele>
        <time>2026-08-09T11:31:17.179Z</time>
      </trkpt>
      <trkpt lat="50.435390" lon="8.485462">
        <ele>230.150731</ele>
        <time>2026-08-09T11:31:32.391Z</time>
      </trkpt>
      <trkpt lat="50.435365" lon="8.485443">
        <ele>230.143325</ele>
        <time>2026-08-09T11:31:32.972Z</time>
      </trkpt>
      <trkpt lat="50.434880" lon="8.485092">
        <ele>230.435897</ele>
        <time>2026-08-09T11:31:42.864Z</time>
      </trkpt>
      <trkpt lat="50.434722" lon="8.484979">
        <ele>230.619340</ele>
        <time>2026-08-09T11:31:46.376Z</time>
      </trkpt>
      <trkpt lat="50.434483" lon="8.484795">
        <ele>230.900587</ele>
        <time>2026-08-09T11:31:52.101Z</time>
      </trkpt>
      <trkpt lat="50.433827" lon="8.487461">
        <ele>233.772492</ele>
        <time>2026-08-09T11:32:35.896Z</time>
      </trkpt>
      <trkpt lat="50.433554" lon="8.488677">
        <ele>235.625785</ele>
        <time>2026-08-09T11:33:00.742Z</time>
      </trkpt>
      <trkpt lat="50.433478" lon="8.488789">
        <ele>235.861013</ele>
        <time>2026-08-09T11:33:04.032Z</time>
      </trkpt>
      <trkpt lat="50.433144" lon="8.488790">
        <ele>236.308219</ele>
        <time>2026-08-09T11:33:14.063Z</time>
      </trkpt>
      <trkpt lat="50.433062" lon="8.488870">
        <ele>236.408282</ele>
        <time>2026-08-09T11:33:16.802Z</time>
      </trkpt>
      <trkpt lat="50.432912" lon="8.489820">
        <ele>237.054451</ele>
        <time>2026-08-09T11:33:31.717Z</time>
      </trkpt>
      <trkpt lat="50.432892" lon="8.491592">
        <ele>237.932586</ele>
        <time>2026-08-09T11:33:50.248Z</time>
      </trkpt>
      <trkpt lat="50.432679" lon="8.493514">
        <ele>238.017187</ele>
        <time>2026-08-09T11:34:11.943Z</time>
      </trkpt>
      <trkpt lat="50.432549" lon="8.494677">
        <ele>238.073301</ele>
        <time>2026-08-09T11:34:26.117Z</time>
      </trkpt>
      <trkpt lat="50.432812" lon="8.494893">
        <ele>238.096436</ele>
        <time>2026-08-09T11:34:31.400Z</time>
      </trkpt>
      <trkpt lat="50.432928" lon="8.494988">
        <ele>238.106634</ele>
        <time>2026-08-09T11:34:33.703Z</time>
      </trkpt>
      <trkpt lat="50.433236" lon="8.495242">
        <ele>238.133752</ele>
        <time>2026-08-09T11:34:39.633Z</time>
      </trkpt>
      <trkpt lat="50.433062" lon="8.495719">
        <ele>238.161043</ele>
        <time>2026-08-09T11:34:45.400Z</time>
      </trkpt>
      <trkpt lat="50.432992" lon="8.495912">
        <ele>238.172070</ele>
        <time>2026-08-09T11:34:47.718Z</time>
      </trkpt>
      <trkpt lat="50.433015" lon="8.495998">
        <ele>238.174710</ele>
        <time>2026-08-09T11:34:49.072Z</time>
      </trkpt>
      <trkpt lat="50.432987" lon="8.496202">
        <ele>238.174710</ele>
        <time>2026-08-09T11:34:52.128Z</time>
      </trkpt>
      <trkpt lat="50.433015" lon="8.495998">
        <ele>238.174710</ele>
        <time>2026-08-09T11:34:55.214Z</time>
      </trkpt>
      <trkpt lat="50.432992" lon="8.495912">
        <ele>238.174710</ele>
        <time>2026-08-09T11:34:56.599Z</time>
      </trkpt>
      <trkpt lat="50.433062" lon="8.495719">
        <ele>238.174710</ele>
        <time>2026-08-09T11:34:59.037Z</time>
      </trkpt>
      <trkpt lat="50.432992" lon="8.495912">
        <ele>238.174710</ele>
        <time>2026-08-09T11:35:01.466Z</time>
      </trkpt>
      <trkpt lat="50.433015" lon="8.495998">
        <ele>238.174710</ele>
        <time>2026-08-09T11:35:02.849Z</time>
      </trkpt>
      <trkpt lat="50.432987" lon="8.496202">
        <ele>238.174710</ele>
        <time>2026-08-09T11:35:05.955Z</time>
      </trkpt>
      <trkpt lat="50.433034" lon="8.496315">
        <ele>238.174710</ele>
        <time>2026-08-09T11:35:07.534Z</time>
      </trkpt>
      <trkpt lat="50.433140" lon="8.496759">
        <ele>238.174710</ele>
        <time>2026-08-09T11:35:13.090Z</time>
      </trkpt>
    </trkseg>
  </trk>
</gpx>