<?xml version='1.0' encoding='UTF-8'?>
<gpx version="1.1" creator="https://www.komoot.de" xmlns="http://www.topografix.com/GPX/1/1" xmlns:xsi="http://www.w3.org/2001/XMLSchema-instance" xsi:schemaLocation="http://www.topografix.com/GPX/1/1 http://www.topografix.com/GPX/1/1/gpx.xsd">
  <metadata>
    <name>⭐️ 🏡 Über Greifenstein</name>
    <author>
      <link href="https://www.komoot.de">
        <text>komoot</text>
        <type>text/html</type>
      </link>
    </author>
  </metadata>
  <wpt lat="50.433517" lon="8.415179">
    <name>Heiligenwald Forest Path</name>
    <sym>Flag, Blue</sym>
  </wpt>
  <wpt lat="50.487065" lon="8.378839">
    <name>Forest Trail Through the Quarry (Philippstein–Möttauer Weiher)</name>
    <sym>Flag, Blue</sym>
  </wpt>
  <wpt lat="50.602834" lon="8.305016">
    <name>View of Holzhausen</name>
    <sym>Flag, Blue</sym>
  </wpt>
  <wpt lat="50.624798" lon="8.292555">
    <name>Westerwald Mountain Hut</name>
    <sym>Fishing Hot Spot Facility</sym>
  </wpt>
  <wpt lat="50.633930" lon="8.207898">
    <name>Bench with a View of the Westerwald</name>
    <sym>Flag, Blue</sym>
  </wpt>
  <wpt lat="50.639652" lon="8.160516">
    <name>View over the rolling hills</name>
    <sym>Flag, Blue</sym>
  </wpt>
  <wpt lat="50.663056" lon="8.160442">
    <name>Bench With a View of the Westerwald</name>
    <sym>Flag, Blue</sym>
  </wpt>
  <wpt lat="50.676720" lon="8.177692">
    <name>Breitscheid Airfield</name>
    <sym>Flag, Blue</sym>
  </wpt>
  <trk>
    <name>⭐️ 🏡 Über Greifenstein</name>
    <type>mtb_easy</type>
    <trkseg>
      <trkpt lat="50.433233" lon="8.497151">
        <ele>238.255061</ele>
        <time>2026-08-09T08:22:24.821Z</time>
      </trkpt>
      <trkpt lat="50.433034" lon="8.496315">
        <ele>238.255061</ele>
        <time>2026-08-09T08:22:32.879Z</time>
      </trkpt>
      <trkpt lat="50.432987" lon="8.496202">
        <ele>238.255061</ele>
        <time>2026-08-09T08:22:34.096Z</time>
      </trkpt>
      <trkpt lat="50.433015" lon="8.495998">
        <ele>238.255061</ele>
        <time>2026-08-09T08:22:36.574Z</time>
      </trkpt>
      <trkpt lat="50.432992" lon="8.495912">
        <ele>238.255061</ele>
        <time>2026-08-09T08:22:37.708Z</time>
      </trkpt>
      <trkpt lat="50.433236" lon="8.495242">
        <ele>238.195883</ele>
        <time>2026-08-09T08:22:44.670Z</time>
      </trkpt>
      <trkpt lat="50.432928" lon="8.494988">
        <ele>238.148991</ele>
        <time>2026-08-09T08:22:49.371Z</time>
      </trkpt>
      <trkpt lat="50.432812" lon="8.494893">
        <ele>238.131357</ele>
        <time>2026-08-09T08:22:51.131Z</time>
      </trkpt>
      <trkpt lat="50.432549" lon="8.494677">
        <ele>238.091352</ele>
        <time>2026-08-09T08:22:55.077Z</time>
      </trkpt>
      <trkpt lat="50.432679" lon="8.493514">
        <ele>238.008751</ele>
        <time>2026-08-09T08:23:04.756Z</time>
      </trkpt>
      <trkpt lat="50.432892" lon="8.491592">
        <ele>237.980021</ele>
        <time>2026-08-09T08:23:21.541Z</time>
      </trkpt>
      <trkpt lat="50.432907" lon="8.490259">
        <ele>237.421768</ele>
        <time>2026-08-09T08:23:34.592Z</time>
      </trkpt>
      <trkpt lat="50.432912" lon="8.489820">
        <ele>237.088799</ele>
        <time>2026-08-09T08:23:38.187Z</time>
      </trkpt>
      <trkpt lat="50.433062" lon="8.488870">
        <ele>236.346564</ele>
        <time>2026-08-09T08:23:45.240Z</time>
      </trkpt>
      <trkpt lat="50.433144" lon="8.488790">
        <ele>236.231625</ele>
        <time>2026-08-09T08:23:46.252Z</time>
      </trkpt>
      <trkpt lat="50.433478" lon="8.488789">
        <ele>235.833984</ele>
        <time>2026-08-09T08:23:49.677Z</time>
      </trkpt>
      <trkpt lat="50.433554" lon="8.488677">
        <ele>235.663717</ele>
        <time>2026-08-09T08:23:50.723Z</time>
      </trkpt>
      <trkpt lat="50.433827" lon="8.487461">
        <ele>234.309232</ele>
        <time>2026-08-09T08:23:59.127Z</time>
      </trkpt>
      <trkpt lat="50.434483" lon="8.484795">
        <ele>233.937816</ele>
        <time>2026-08-09T08:24:22.543Z</time>
      </trkpt>
      <trkpt lat="50.434223" lon="8.484552">
        <ele>234.282363</ele>
        <time>2026-08-09T08:24:28.746Z</time>
      </trkpt>
      <trkpt lat="50.434489" lon="8.483855">
        <ele>234.871687</ele>
        <time>2026-08-09T08:24:41.226Z</time>
      </trkpt>
      <trkpt lat="50.434904" lon="8.481932">
        <ele>238.027961</ele>
        <time>2026-08-09T08:25:15.877Z</time>
      </trkpt>
      <trkpt lat="50.435135" lon="8.481424">
        <ele>239.012558</ele>
        <time>2026-08-09T08:25:23.664Z</time>
      </trkpt>
      <trkpt lat="50.435222" lon="8.481231">
        <ele>239.357259</ele>
        <time>2026-08-09T08:25:25.864Z</time>
      </trkpt>
      <trkpt lat="50.435543" lon="8.480623">
        <ele>238.822619</ele>
        <time>2026-08-09T08:25:32.721Z</time>
      </trkpt>
      <trkpt lat="50.436083" lon="8.480125">
        <ele>238.156961</ele>
        <time>2026-08-09T08:25:40.334Z</time>
      </trkpt>
      <trkpt lat="50.437208" lon="8.478360">
        <ele>238.388046</ele>
        <time>2026-08-09T08:26:01.798Z</time>
      </trkpt>
      <trkpt lat="50.437752" lon="8.477039">
        <ele>239.347079</ele>
        <time>2026-08-09T08:26:29.083Z</time>
      </trkpt>
      <trkpt lat="50.438071" lon="8.476695">
        <ele>239.594876</ele>
        <time>2026-08-09T08:26:39.245Z</time>
      </trkpt>
      <trkpt lat="50.438306" lon="8.476524">
        <ele>239.760724</ele>
        <time>2026-08-09T08:26:44.792Z</time>
      </trkpt>
      <trkpt lat="50.439040" lon="8.476099">
        <ele>240.261654</ele>
        <time>2026-08-09T08:26:55.742Z</time>
      </trkpt>
      <trkpt lat="50.439190" lon="8.476012">
        <ele>240.364044</ele>
        <time>2026-08-09T08:26:57.733Z</time>
      </trkpt>
      <trkpt lat="50.440066" lon="8.475396">
        <ele>239.118786</ele>
        <time>2026-08-09T08:27:10.222Z</time>
      </trkpt>
      <trkpt lat="50.440207" lon="8.475265">
        <ele>238.878114</ele>
        <time>2026-08-09T08:27:12.481Z</time>
      </trkpt>
      <trkpt lat="50.440570" lon="8.474928">
        <ele>238.258636</ele>
        <time>2026-08-09T08:27:18.294Z</time>
      </trkpt>
      <trkpt lat="50.441220" lon="8.474170">
        <ele>236.843402</ele>
        <time>2026-08-09T08:27:28.067Z</time>
      </trkpt>
      <trkpt lat="50.441424" lon="8.473879">
        <ele>236.308383</ele>
        <time>2026-08-09T08:27:31.174Z</time>
      </trkpt>
      <trkpt lat="50.441818" lon="8.473159">
        <ele>235.134807</ele>
        <time>2026-08-09T08:27:38.315Z</time>
      </trkpt>
      <trkpt lat="50.442115" lon="8.472676">
        <ele>234.304782</ele>
        <time>2026-08-09T08:27:47.883Z</time>
      </trkpt>
      <trkpt lat="50.442254" lon="8.472535">
        <ele>234.553891</ele>
        <time>2026-08-09T08:27:51.849Z</time>
      </trkpt>
      <trkpt lat="50.443535" lon="8.470270">
        <ele>237.262397</ele>
        <time>2026-08-09T08:28:59.568Z</time>
      </trkpt>
      <trkpt lat="50.444047" lon="8.469296">
        <ele>236.593185</ele>
        <time>2026-08-09T08:29:20.613Z</time>
      </trkpt>
      <trkpt lat="50.444327" lon="8.468901">
        <ele>236.280003</ele>
        <time>2026-08-09T08:29:28.710Z</time>
      </trkpt>
      <trkpt lat="50.444837" lon="8.467990">
        <ele>233.724644</ele>
        <time>2026-08-09T08:29:43.854Z</time>
      </trkpt>
      <trkpt lat="50.445239" lon="8.467494">
        <ele>231.066278</ele>
        <time>2026-08-09T08:29:53.287Z</time>
      </trkpt>
      <trkpt lat="50.446108" lon="8.466259">
        <ele>226.173080</ele>
        <time>2026-08-09T08:30:15.409Z</time>
      </trkpt>
      <trkpt lat="50.446929" lon="8.464740">
        <ele>224.300639</ele>
        <time>2026-08-09T08:30:44.385Z</time>
      </trkpt>
      <trkpt lat="50.446993" lon="8.464686">
        <ele>224.193416</ele>
        <time>2026-08-09T08:30:46.505Z</time>
      </trkpt>
      <trkpt lat="50.446946" lon="8.464597">
        <ele>224.084755</ele>
        <time>2026-08-09T08:30:48.222Z</time>
      </trkpt>
      <trkpt lat="50.446846" lon="8.464577">
        <ele>224.229782</ele>
        <time>2026-08-09T08:30:50.574Z</time>
      </trkpt>
      <trkpt lat="50.446552" lon="8.464713">
        <ele>226.043704</ele>
        <time>2026-08-09T08:30:59.249Z</time>
      </trkpt>
      <trkpt lat="50.446251" lon="8.464653">
        <ele>227.839427</ele>
        <time>2026-08-09T08:31:09.722Z</time>
      </trkpt>
      <trkpt lat="50.445963" lon="8.464543">
        <ele>229.593609</ele>
        <time>2026-08-09T08:31:21.559Z</time>
      </trkpt>
      <trkpt lat="50.445885" lon="8.464508">
        <ele>230.073718</ele>
        <time>2026-08-09T08:31:25.056Z</time>
      </trkpt>
      <trkpt lat="50.445372" lon="8.464312">
        <ele>233.198413</ele>
        <time>2026-08-09T08:31:48.342Z</time>
      </trkpt>
      <trkpt lat="50.444777" lon="8.464028">
        <ele>236.922296</ele>
        <time>2026-08-09T08:32:17.786Z</time>
      </trkpt>
      <trkpt lat="50.443667" lon="8.464028">
        <ele>243.618928</ele>
        <time>2026-08-09T08:32:58.640Z</time>
      </trkpt>
      <trkpt lat="50.442899" lon="8.464462">
        <ele>247.452510</ele>
        <time>2026-08-09T08:33:21.056Z</time>
      </trkpt>
      <trkpt lat="50.442219" lon="8.465042">
        <ele>250.452902</ele>
        <time>2026-08-09T08:33:43.351Z</time>
      </trkpt>
      <trkpt lat="50.441765" lon="8.465625">
        <ele>252.617883</ele>
        <time>2026-08-09T08:34:01.621Z</time>
      </trkpt>
      <trkpt lat="50.441486" lon="8.465917">
        <ele>253.377560</ele>
        <time>2026-08-09T08:34:11.514Z</time>
      </trkpt>
      <trkpt lat="50.441262" lon="8.466037">
        <ele>253.913799</ele>
        <time>2026-08-09T08:34:18.061Z</time>
      </trkpt>
      <trkpt lat="50.440732" lon="8.466243">
        <ele>255.150857</ele>
        <time>2026-08-09T08:34:30.793Z</time>
      </trkpt>
      <trkpt lat="50.440185" lon="8.466286">
        <ele>256.391741</ele>
        <time>2026-08-09T08:34:40.434Z</time>
      </trkpt>
      <trkpt lat="50.439824" lon="8.466217">
        <ele>257.052482</ele>
        <time>2026-08-09T08:34:46.237Z</time>
      </trkpt>
      <trkpt lat="50.439457" lon="8.466363">
        <ele>257.703127</ele>
        <time>2026-08-09T08:34:53.288Z</time>
      </trkpt>
      <trkpt lat="50.439174" lon="8.466521">
        <ele>258.219314</ele>
        <time>2026-08-09T08:34:59.776Z</time>
      </trkpt>
      <trkpt lat="50.438818" lon="8.466534">
        <ele>258.831291</ele>
        <time>2026-08-09T08:35:08.096Z</time>
      </trkpt>
      <trkpt lat="50.438358" lon="8.466258">
        <ele>259.700116</ele>
        <time>2026-08-09T08:35:20.717Z</time>
      </trkpt>
      <trkpt lat="50.437627" lon="8.465732">
        <ele>261.748969</ele>
        <time>2026-08-09T08:35:40.975Z</time>
      </trkpt>
      <trkpt lat="50.437566" lon="8.465709">
        <ele>261.908814</ele>
        <time>2026-08-09T08:35:42.460Z</time>
      </trkpt>
      <trkpt lat="50.437476" lon="8.465762">
        <ele>262.153731</ele>
        <time>2026-08-09T08:35:44.734Z</time>
      </trkpt>
      <trkpt lat="50.437150" lon="8.465828">
        <ele>262.991246</ele>
        <time>2026-08-09T08:35:52.200Z</time>
      </trkpt>
      <trkpt lat="50.436998" lon="8.465890">
        <ele>263.391394</ele>
        <time>2026-08-09T08:35:55.821Z</time>
      </trkpt>
      <trkpt lat="50.436728" lon="8.466222">
        <ele>264.300979</ele>
        <time>2026-08-09T08:36:04.004Z</time>
      </trkpt>
      <trkpt lat="50.436462" lon="8.466407">
        <ele>265.557711</ele>
        <time>2026-08-09T08:36:11.205Z</time>
      </trkpt>
      <trkpt lat="50.436039" lon="8.466545">
        <ele>267.423976</ele>
        <time>2026-08-09T08:36:22.944Z</time>
      </trkpt>
      <trkpt lat="50.435091" lon="8.467001">
        <ele>271.706939</ele>
        <time>2026-08-09T08:36:55.789Z</time>
      </trkpt>
      <trkpt lat="50.434880" lon="8.467027">
        <ele>273.090549</ele>
        <time>2026-08-09T08:37:03.632Z</time>
      </trkpt>
      <trkpt lat="50.433968" lon="8.466962">
        <ele>279.936241</ele>
        <time>2026-08-09T08:37:41.924Z</time>
      </trkpt>
      <trkpt lat="50.433264" lon="8.466617">
        <ele>285.466410</ele>
        <time>2026-08-09T08:38:15.789Z</time>
      </trkpt>
      <trkpt lat="50.432920" lon="8.466494">
        <ele>288.347943</ele>
        <time>2026-08-09T08:38:32.254Z</time>
      </trkpt>
      <trkpt lat="50.432380" lon="8.466401">
        <ele>292.785367</ele>
        <time>2026-08-09T08:38:57.335Z</time>
      </trkpt>
      <trkpt lat="50.432022" lon="8.466264">
        <ele>295.795300</ele>
        <time>2026-08-09T08:39:14.296Z</time>
      </trkpt>
      <trkpt lat="50.431414" lon="8.466137">
        <ele>300.786385</ele>
        <time>2026-08-09T08:39:40.851Z</time>
      </trkpt>
      <trkpt lat="50.431218" lon="8.465906">
        <ele>302.728893</ele>
        <time>2026-08-09T08:39:50.740Z</time>
      </trkpt>
      <trkpt lat="50.431027" lon="8.465760">
        <ele>304.412632</ele>
        <time>2026-08-09T08:39:59.177Z</time>
      </trkpt>
      <trkpt lat="50.430879" lon="8.465734">
        <ele>305.592964</ele>
        <time>2026-08-09T08:40:04.940Z</time>
      </trkpt>
      <trkpt lat="50.430710" lon="8.465812">
        <ele>306.989104</ele>
        <time>2026-08-09T08:40:11.799Z</time>
      </trkpt>
      <trkpt lat="50.430568" lon="8.465820">
        <ele>308.115283</ele>
        <time>2026-08-09T08:40:17.370Z</time>
      </trkpt>
      <trkpt lat="50.430496" lon="8.465786">
        <ele>308.711195</ele>
        <time>2026-08-09T08:40:20.404Z</time>
      </trkpt>
      <trkpt lat="50.430442" lon="8.465726">
        <ele>309.235544</ele>
        <time>2026-08-09T08:40:23.206Z</time>
      </trkpt>
      <trkpt lat="50.430417" lon="8.465619">
        <ele>309.810958</ele>
        <time>2026-08-09T08:40:26.294Z</time>
      </trkpt>
      <trkpt lat="50.430370" lon="8.465236">
        <ele>311.780207</ele>
        <time>2026-08-09T08:40:37.494Z</time>
      </trkpt>
      <trkpt lat="50.430247" lon="8.465081">
        <ele>313.030318</ele>
        <time>2026-08-09T08:40:45.014Z</time>
      </trkpt>
      <trkpt lat="50.430086" lon="8.464988">
        <ele>314.390008</ele>
        <time>2026-08-09T08:40:53.523Z</time>
      </trkpt>
      <trkpt lat="50.429797" lon="8.464936">
        <ele>317.170369</ele>
        <time>2026-08-09T08:41:09.328Z</time>
      </trkpt>
      <trkpt lat="50.428643" lon="8.465134">
        <ele>328.289546</ele>
        <time>2026-08-09T08:42:17.791Z</time>
      </trkpt>
      <trkpt lat="50.428473" lon="8.465091">
        <ele>329.938859</ele>
        <time>2026-08-09T08:42:25.170Z</time>
      </trkpt>
      <trkpt lat="50.428419" lon="8.465048">
        <ele>330.518829</ele>
        <time>2026-08-09T08:42:27.497Z</time>
      </trkpt>
      <trkpt lat="50.428375" lon="8.464962">
        <ele>331.191868</ele>
        <time>2026-08-09T08:42:30.042Z</time>
      </trkpt>
      <trkpt lat="50.428375" lon="8.464782">
        <ele>331.695243</ele>
        <time>2026-08-09T08:42:33.844Z</time>
      </trkpt>
      <trkpt lat="50.428413" lon="8.464627">
        <ele>331.772448</ele>
        <time>2026-08-09T08:42:36.910Z</time>
      </trkpt>
      <trkpt lat="50.429099" lon="8.463646">
        <ele>332.449608</ele>
        <time>2026-08-09T08:42:51.423Z</time>
      </trkpt>
      <trkpt lat="50.429285" lon="8.463297">
        <ele>332.661130</ele>
        <time>2026-08-09T08:42:54.765Z</time>
      </trkpt>
      <trkpt lat="50.429316" lon="8.463146">
        <ele>332.734878</ele>
        <time>2026-08-09T08:42:55.991Z</time>
      </trkpt>
      <trkpt lat="50.429313" lon="8.463011">
        <ele>332.797671</ele>
        <time>2026-08-09T08:42:57.050Z</time>
      </trkpt>
      <trkpt lat="50.429260" lon="8.462809">
        <ele>332.899224</ele>
        <time>2026-08-09T08:42:58.814Z</time>
      </trkpt>
      <trkpt lat="50.429053" lon="8.462450">
        <ele>333.611050</ele>
        <time>2026-08-09T08:43:03.109Z</time>
      </trkpt>
      <trkpt lat="50.428863" lon="8.462197">
        <ele>334.327124</ele>
        <time>2026-08-09T08:43:07.824Z</time>
      </trkpt>
      <trkpt lat="50.428632" lon="8.461718">
        <ele>335.427078</ele>
        <time>2026-08-09T08:43:17.093Z</time>
      </trkpt>
      <trkpt lat="50.428527" lon="8.461562">
        <ele>335.842588</ele>
        <time>2026-08-09T08:43:21.127Z</time>
      </trkpt>
      <trkpt lat="50.428419" lon="8.461464">
        <ele>336.201116</ele>
        <time>2026-08-09T08:43:24.833Z</time>
      </trkpt>
      <trkpt lat="50.428283" lon="8.461380">
        <ele>336.621158</ele>
        <time>2026-08-09T08:43:29.503Z</time>
      </trkpt>
      <trkpt lat="50.428128" lon="8.461338">
        <ele>337.073227</ele>
        <time>2026-08-09T08:43:34.850Z</time>
      </trkpt>
      <trkpt lat="50.427478" lon="8.461456">
        <ele>339.896259</ele>
        <time>2026-08-09T08:43:57.977Z</time>
      </trkpt>
      <trkpt lat="50.427101" lon="8.461321">
        <ele>342.276076</ele>
        <time>2026-08-09T08:44:13.000Z</time>
      </trkpt>
      <trkpt lat="50.426895" lon="8.461097">
        <ele>343.818363</ele>
        <time>2026-08-09T08:44:22.775Z</time>
      </trkpt>
      <trkpt lat="50.426854" lon="8.460954">
        <ele>344.433194</ele>
        <time>2026-08-09T08:44:26.681Z</time>
      </trkpt>
      <trkpt lat="50.426861" lon="8.460779">
        <ele>345.120675</ele>
        <time>2026-08-09T08:44:31.006Z</time>
      </trkpt>
      <trkpt lat="50.426920" lon="8.460676">
        <ele>345.663751</ele>
        <time>2026-08-09T08:44:34.307Z</time>
      </trkpt>
      <trkpt lat="50.426956" lon="8.460477">
        <ele>346.474826</ele>
        <time>2026-08-09T08:44:39.309Z</time>
      </trkpt>
      <trkpt lat="50.426863" lon="8.460158">
        <ele>347.850283</ele>
        <time>2026-08-09T08:44:47.736Z</time>
      </trkpt>
      <trkpt lat="50.426624" lon="8.459815">
        <ele>349.867791</ele>
        <time>2026-08-09T08:44:59.441Z</time>
      </trkpt>
      <trkpt lat="50.426518" lon="8.459529">
        <ele>351.214316</ele>
        <time>2026-08-09T08:45:07.280Z</time>
      </trkpt>
      <trkpt lat="50.426506" lon="8.459392">
        <ele>351.777089</ele>
        <time>2026-08-09T08:45:10.695Z</time>
      </trkpt>
      <trkpt lat="50.426593" lon="8.458999">
        <ele>353.470227</ele>
        <time>2026-08-09T08:45:21.690Z</time>
      </trkpt>
      <trkpt lat="50.426589" lon="8.458793">
        <ele>354.308941</ele>
        <time>2026-08-09T08:45:27.315Z</time>
      </trkpt>
      <trkpt lat="50.426428" lon="8.457971">
        <ele>357.808636</ele>
        <time>2026-08-09T08:45:50.132Z</time>
      </trkpt>
      <trkpt lat="50.426397" lon="8.457759">
        <ele>358.693816</ele>
        <time>2026-08-09T08:45:55.541Z</time>
      </trkpt>
      <trkpt lat="50.426275" lon="8.456902">
        <ele>361.531958</ele>
        <time>2026-08-09T08:46:15.060Z</time>
      </trkpt>
      <trkpt lat="50.426180" lon="8.456510">
        <ele>362.444320</ele>
        <time>2026-08-09T08:46:22.862Z</time>
      </trkpt>
      <trkpt lat="50.426077" lon="8.455784">
        <ele>364.062329</ele>
        <time>2026-08-09T08:46:34.620Z</time>
      </trkpt>
      <trkpt lat="50.426018" lon="8.455559">
        <ele>364.591630</ele>
        <time>2026-08-09T08:46:38.119Z</time>
      </trkpt>
      <trkpt lat="50.425863" lon="8.455237">
        <ele>365.469575</ele>
        <time>2026-08-09T08:46:43.731Z</time>
      </trkpt>
      <trkpt lat="50.425605" lon="8.454592">
        <ele>367.363948</ele>
        <time>2026-08-09T08:46:54.751Z</time>
      </trkpt>
      <trkpt lat="50.425461" lon="8.454317">
        <ele>368.757160</ele>
        <time>2026-08-09T08:47:01.049Z</time>
      </trkpt>
      <trkpt lat="50.425061" lon="8.453658">
        <ele>372.319613</ele>
        <time>2026-08-09T08:47:23.083Z</time>
      </trkpt>
      <trkpt lat="50.424792" lon="8.453360">
        <ele>374.342321</ele>
        <time>2026-08-09T08:47:37.528Z</time>
      </trkpt>
      <trkpt lat="50.424697" lon="8.453306">
        <ele>374.963035</ele>
        <time>2026-08-09T08:47:42.194Z</time>
      </trkpt>
      <trkpt lat="50.424608" lon="8.453147">
        <ele>375.791420</ele>
        <time>2026-08-09T08:47:48.403Z</time>
      </trkpt>
      <trkpt lat="50.424496" lon="8.452854">
        <ele>377.128779</ele>
        <time>2026-08-09T08:47:58.315Z</time>
      </trkpt>
      <trkpt lat="50.424496" lon="8.452497">
        <ele>378.235456</ele>
        <time>2026-08-09T08:48:08.501Z</time>
      </trkpt>
      <trkpt lat="50.424525" lon="8.452056">
        <ele>379.191605</ele>
        <time>2026-08-09T08:48:20.668Z</time>
      </trkpt>
      <trkpt lat="50.424466" lon="8.450862">
        <ele>381.774415</ele>
        <time>2026-08-09T08:48:45.140Z</time>
      </trkpt>
      <trkpt lat="50.424415" lon="8.450392">
        <ele>382.802654</ele>
        <time>2026-08-09T08:48:51.185Z</time>
      </trkpt>
      <trkpt lat="50.424201" lon="8.446979">
        <ele>380.569550</ele>
        <time>2026-08-09T08:49:19.692Z</time>
      </trkpt>
      <trkpt lat="50.425043" lon="8.446654">
        <ele>378.060335</ele>
        <time>2026-08-09T08:49:29.619Z</time>
      </trkpt>
      <trkpt lat="50.425673" lon="8.446003">
        <ele>375.877615</ele>
        <time>2026-08-09T08:49:38.239Z</time>
      </trkpt>
      <trkpt lat="50.426480" lon="8.445196">
        <ele>374.292898</ele>
        <time>2026-08-09T08:49:49.988Z</time>
      </trkpt>
      <trkpt lat="50.426749" lon="8.444822">
        <ele>373.770898</ele>
        <time>2026-08-09T08:49:54.663Z</time>
      </trkpt>
      <trkpt lat="50.427484" lon="8.444117">
        <ele>372.957198</ele>
        <time>2026-08-09T08:50:07.179Z</time>
      </trkpt>
      <trkpt lat="50.427537" lon="8.443974">
        <ele>372.993262</ele>
        <time>2026-08-09T08:50:08.916Z</time>
      </trkpt>
      <trkpt lat="50.427593" lon="8.443627">
        <ele>373.071294</ele>
        <time>2026-08-09T08:50:12.585Z</time>
      </trkpt>
      <trkpt lat="50.427614" lon="8.443331">
        <ele>373.136218</ele>
        <time>2026-08-09T08:50:15.570Z</time>
      </trkpt>
      <trkpt lat="50.427719" lon="8.443067">
        <ele>373.204063</ele>
        <time>2026-08-09T08:50:18.633Z</time>
      </trkpt>
      <trkpt lat="50.428036" lon="8.442577">
        <ele>373.356299</ele>
        <time>2026-08-09T08:50:25.897Z</time>
      </trkpt>
      <trkpt lat="50.428254" lon="8.442316">
        <ele>373.450116</ele>
        <time>2026-08-09T08:50:30.973Z</time>
      </trkpt>
      <trkpt lat="50.428397" lon="8.442143">
        <ele>373.602981</ele>
        <time>2026-08-09T08:50:34.561Z</time>
      </trkpt>
      <trkpt lat="50.428572" lon="8.441798">
        <ele>374.085824</ele>
        <time>2026-08-09T08:50:40.187Z</time>
      </trkpt>
      <trkpt lat="50.428717" lon="8.441220">
        <ele>374.765949</ele>
        <time>2026-08-09T08:50:48.863Z</time>
      </trkpt>
      <trkpt lat="50.428937" lon="8.440499">
        <ele>375.641217</ele>
        <time>2026-08-09T08:51:01.858Z</time>
      </trkpt>
      <trkpt lat="50.429268" lon="8.439834">
        <ele>376.565180</ele>
        <time>2026-08-09T08:51:14.364Z</time>
      </trkpt>
      <trkpt lat="50.429558" lon="8.439069">
        <ele>375.590497</ele>
        <time>2026-08-09T08:51:23.540Z</time>
      </trkpt>
      <trkpt lat="50.429248" lon="8.438585">
        <ele>374.815009</ele>
        <time>2026-08-09T08:51:33.426Z</time>
      </trkpt>
      <trkpt lat="50.428939" lon="8.437943">
        <ele>373.905854</ele>
        <time>2026-08-09T08:51:43.953Z</time>
      </trkpt>
      <trkpt lat="50.428600" lon="8.437072">
        <ele>371.841505</ele>
        <time>2026-08-09T08:51:56.564Z</time>
      </trkpt>
      <trkpt lat="50.428392" lon="8.436697">
        <ele>370.477071</ele>
        <time>2026-08-09T08:52:02.810Z</time>
      </trkpt>
      <trkpt lat="50.428276" lon="8.436213">
        <ele>369.058041</ele>
        <time>2026-08-09T08:52:09.348Z</time>
      </trkpt>
      <trkpt lat="50.427973" lon="8.435481">
        <ele>366.662554</ele>
        <time>2026-08-09T08:52:20.350Z</time>
      </trkpt>
      <trkpt lat="50.427899" lon="8.435111">
        <ele>365.598889</ele>
        <time>2026-08-09T08:52:25.225Z</time>
      </trkpt>
      <trkpt lat="50.427770" lon="8.433257">
        <ele>360.541511</ele>
        <time>2026-08-09T08:52:48.675Z</time>
      </trkpt>
      <trkpt lat="50.427732" lon="8.432701">
        <ele>359.025155</ele>
        <time>2026-08-09T08:52:55.651Z</time>
      </trkpt>
      <trkpt lat="50.427654" lon="8.431546">
        <ele>356.298024</ele>
        <time>2026-08-09T08:53:04.180Z</time>
      </trkpt>
      <trkpt lat="50.427514" lon="8.430894">
        <ele>354.805661</ele>
        <time>2026-08-09T08:53:09.392Z</time>
      </trkpt>
      <trkpt lat="50.426919" lon="8.429009">
        <ele>349.981366</ele>
        <time>2026-08-09T08:53:25.769Z</time>
      </trkpt>
      <trkpt lat="50.426692" lon="8.427790">
        <ele>346.782215</ele>
        <time>2026-08-09T08:53:34.896Z</time>
      </trkpt>
      <trkpt lat="50.426039" lon="8.427258">
        <ele>343.859170</ele>
        <time>2026-08-09T08:53:43.279Z</time>
      </trkpt>
      <trkpt lat="50.426427" lon="8.426066">
        <ele>340.433546</ele>
        <time>2026-08-09T08:53:53.227Z</time>
      </trkpt>
      <trkpt lat="50.426699" lon="8.425211">
        <ele>337.987841</ele>
        <time>2026-08-09T08:54:00.263Z</time>
      </trkpt>
      <trkpt lat="50.426881" lon="8.424648">
        <ele>336.863706</ele>
        <time>2026-08-09T08:54:04.793Z</time>
      </trkpt>
      <trkpt lat="50.426777" lon="8.424258">
        <ele>336.242978</ele>
        <time>2026-08-09T08:54:10.473Z</time>
      </trkpt>
      <trkpt lat="50.426623" lon="8.423678">
        <ele>335.320433</ele>
        <time>2026-08-09T08:54:19.179Z</time>
      </trkpt>
      <trkpt lat="50.426980" lon="8.423285">
        <ele>334.315532</ele>
        <time>2026-08-09T08:54:24.739Z</time>
      </trkpt>
      <trkpt lat="50.427483" lon="8.422731">
        <ele>333.754410</ele>
        <time>2026-08-09T08:54:35.461Z</time>
      </trkpt>
      <trkpt lat="50.428119" lon="8.422252">
        <ele>335.020713</ele>
        <time>2026-08-09T08:54:53.545Z</time>
      </trkpt>
      <trkpt lat="50.428511" lon="8.421989">
        <ele>335.785978</ele>
        <time>2026-08-09T08:55:04.218Z</time>
      </trkpt>
      <trkpt lat="50.429226" lon="8.421502">
        <ele>337.003309</ele>
        <time>2026-08-09T08:55:28.554Z</time>
      </trkpt>
      <trkpt lat="50.429345" lon="8.421395">
        <ele>337.171830</ele>
        <time>2026-08-09T08:55:31.141Z</time>
      </trkpt>
      <trkpt lat="50.429542" lon="8.421222">
        <ele>337.449215</ele>
        <time>2026-08-09T08:55:35.261Z</time>
      </trkpt>
      <trkpt lat="50.430314" lon="8.420294">
        <ele>338.644062</ele>
        <time>2026-08-09T08:55:52.928Z</time>
      </trkpt>
      <trkpt lat="50.431336" lon="8.419198">
        <ele>341.517527</ele>
        <time>2026-08-09T08:56:21.100Z</time>
      </trkpt>
      <trkpt lat="50.431862" lon="8.418472">
        <ele>343.243068</ele>
        <time>2026-08-09T08:56:40.383Z</time>
      </trkpt>
      <trkpt lat="50.432177" lon="8.417956">
        <ele>343.985857</ele>
        <time>2026-08-09T08:56:53.433Z</time>
      </trkpt>
      <trkpt lat="50.432769" lon="8.416694">
        <ele>345.609299</ele>
        <time>2026-08-09T08:57:17.156Z</time>
      </trkpt>
      <trkpt lat="50.433517" lon="8.415179">
        <ele>340.789171</ele>
        <time>2026-08-09T08:57:32.174Z</time>
      </trkpt>
      <trkpt lat="50.433580" lon="8.415050">
        <ele>340.150347</ele>
        <time>2026-08-09T08:57:33.242Z</time>
      </trkpt>
      <trkpt lat="50.434880" lon="8.412520">
        <ele>320.713533</ele>
        <time>2026-08-09T08:57:52.803Z</time>
      </trkpt>
      <trkpt lat="50.435469" lon="8.411290">
        <ele>311.636711</ele>
        <time>2026-08-09T08:58:01.856Z</time>
      </trkpt>
      <trkpt lat="50.435647" lon="8.410786">
        <ele>309.292743</ele>
        <time>2026-08-09T08:58:05.399Z</time>
      </trkpt>
      <trkpt lat="50.435752" lon="8.410449">
        <ele>307.766853</ele>
        <time>2026-08-09T08:58:07.816Z</time>
      </trkpt>
      <trkpt lat="50.435618" lon="8.410054">
        <ele>305.946602</ele>
        <time>2026-08-09T08:58:10.898Z</time>
      </trkpt>
      <trkpt lat="50.435564" lon="8.409761">
        <ele>304.705991</ele>
        <time>2026-08-09T08:58:13.225Z</time>
      </trkpt>
      <trkpt lat="50.435562" lon="8.409498">
        <ele>303.636209</ele>
        <time>2026-08-09T08:58:15.527Z</time>
      </trkpt>
      <trkpt lat="50.435684" lon="8.409111">
        <ele>303.491877</ele>
        <time>2026-08-09T08:58:21.141Z</time>
      </trkpt>
      <trkpt lat="50.435832" lon="8.408285">
        <ele>305.536752</ele>
        <time>2026-08-09T08:58:38.262Z</time>
      </trkpt>
      <trkpt lat="50.435859" lon="8.407474">
        <ele>307.472110</ele>
        <time>2026-08-09T08:58:56.243Z</time>
      </trkpt>
      <trkpt lat="50.435969" lon="8.407125">
        <ele>308.400083</ele>
        <time>2026-08-09T08:59:04.644Z</time>
      </trkpt>
      <trkpt lat="50.436199" lon="8.406695">
        <ele>309.691488</ele>
        <time>2026-08-09T08:59:16.013Z</time>
      </trkpt>
      <trkpt lat="50.436671" lon="8.406045">
        <ele>311.062208</ele>
        <time>2026-08-09T08:59:33.347Z</time>
      </trkpt>
      <trkpt lat="50.437661" lon="8.405262">
        <ele>313.482351</ele>
        <time>2026-08-09T08:59:56.632Z</time>
      </trkpt>
      <trkpt lat="50.438133" lon="8.404711">
        <ele>313.250169</ele>
        <time>2026-08-09T09:00:05.223Z</time>
      </trkpt>
      <trkpt lat="50.438397" lon="8.404764">
        <ele>313.105255</ele>
        <time>2026-08-09T09:00:08.834Z</time>
      </trkpt>
      <trkpt lat="50.438564" lon="8.404866">
        <ele>313.007688</ele>
        <time>2026-08-09T09:00:11.204Z</time>
      </trkpt>
      <trkpt lat="50.438809" lon="8.405134">
        <ele>312.845107</ele>
        <time>2026-08-09T09:00:15.026Z</time>
      </trkpt>
      <trkpt lat="50.439034" lon="8.405399">
        <ele>312.691961</ele>
        <time>2026-08-09T09:00:18.613Z</time>
      </trkpt>
      <trkpt lat="50.439557" lon="8.406346">
        <ele>313.358691</ele>
        <time>2026-08-09T09:00:30.434Z</time>
      </trkpt>
      <trkpt lat="50.439712" lon="8.406561">
        <ele>313.638314</ele>
        <time>2026-08-09T09:00:34.679Z</time>
      </trkpt>
      <trkpt lat="50.439931" lon="8.406582">
        <ele>313.934953</ele>
        <time>2026-08-09T09:00:39.697Z</time>
      </trkpt>
      <trkpt lat="50.440489" lon="8.406180">
        <ele>314.764989</ele>
        <time>2026-08-09T09:00:55.272Z</time>
      </trkpt>
      <trkpt lat="50.440628" lon="8.406024">
        <ele>314.995987</ele>
        <time>2026-08-09T09:00:59.832Z</time>
      </trkpt>
      <trkpt lat="50.440829" lon="8.405534">
        <ele>314.835991</ele>
        <time>2026-08-09T09:01:08.750Z</time>
      </trkpt>
      <trkpt lat="50.440954" lon="8.405423">
        <ele>314.769269</ele>
        <time>2026-08-09T09:01:11.623Z</time>
      </trkpt>
      <trkpt lat="50.441132" lon="8.405456">
        <ele>314.685992</ele>
        <time>2026-08-09T09:01:14.887Z</time>
      </trkpt>
      <trkpt lat="50.441446" lon="8.405432">
        <ele>314.539929</ele>
        <time>2026-08-09T09:01:19.713Z</time>
      </trkpt>
      <trkpt lat="50.443243" lon="8.404895">
        <ele>309.978240</ele>
        <time>2026-08-09T09:01:41.236Z</time>
      </trkpt>
      <trkpt lat="50.444077" lon="8.404852">
        <ele>306.421006</ele>
        <time>2026-08-09T09:01:50.003Z</time>
      </trkpt>
      <trkpt lat="50.445361" lon="8.403651">
        <ele>296.641590</ele>
        <time>2026-08-09T09:02:05.131Z</time>
      </trkpt>
      <trkpt lat="50.445883" lon="8.403039">
        <ele>292.963391</ele>
        <time>2026-08-09T09:02:11.787Z</time>
      </trkpt>
      <trkpt lat="50.446358" lon="8.402320">
        <ele>289.574896</ele>
        <time>2026-08-09T09:02:18.735Z</time>
      </trkpt>
      <trkpt lat="50.446589" lon="8.401598">
        <ele>286.932196</ele>
        <time>2026-08-09T09:02:24.433Z</time>
      </trkpt>
      <trkpt lat="50.446605" lon="8.401241">
        <ele>285.769723</ele>
        <time>2026-08-09T09:02:27.126Z</time>
      </trkpt>
      <trkpt lat="50.446732" lon="8.400857">
        <ele>284.472103</ele>
        <time>2026-08-09T09:02:30.324Z</time>
      </trkpt>
      <trkpt lat="50.447035" lon="8.400123">
        <ele>281.848889</ele>
        <time>2026-08-09T09:02:36.681Z</time>
      </trkpt>
      <trkpt lat="50.447359" lon="8.399472">
        <ele>279.371106</ele>
        <time>2026-08-09T09:02:42.555Z</time>
      </trkpt>
      <trkpt lat="50.447528" lon="8.399215">
        <ele>278.263227</ele>
        <time>2026-08-09T09:02:45.113Z</time>
      </trkpt>
      <trkpt lat="50.447808" lon="8.399041">
        <ele>276.862790</ele>
        <time>2026-08-09T09:02:48.377Z</time>
      </trkpt>
      <trkpt lat="50.448027" lon="8.398802">
        <ele>275.647728</ele>
        <time>2026-08-09T09:02:51.285Z</time>
      </trkpt>
      <trkpt lat="50.448576" lon="8.398205">
        <ele>272.605292</ele>
        <time>2026-08-09T09:02:58.682Z</time>
      </trkpt>
      <trkpt lat="50.449047" lon="8.397824">
        <ele>270.191416</ele>
        <time>2026-08-09T09:03:04.775Z</time>
      </trkpt>
      <trkpt lat="50.449389" lon="8.397652">
        <ele>268.959557</ele>
        <time>2026-08-09T09:03:08.386Z</time>
      </trkpt>
      <trkpt lat="50.449840" lon="8.397717">
        <ele>268.203888</ele>
        <time>2026-08-09T09:03:13.177Z</time>
      </trkpt>
      <trkpt lat="50.450104" lon="8.397860">
        <ele>267.737931</ele>
        <time>2026-08-09T09:03:16.238Z</time>
      </trkpt>
      <trkpt lat="50.450240" lon="8.397958">
        <ele>267.488265</ele>
        <time>2026-08-09T09:03:17.896Z</time>
      </trkpt>
      <trkpt lat="50.450783" lon="8.398167">
        <ele>266.555440</ele>
        <time>2026-08-09T09:03:24.558Z</time>
      </trkpt>
      <trkpt lat="50.451324" lon="8.398002">
        <ele>266.047965</ele>
        <time>2026-08-09T09:03:31.940Z</time>
      </trkpt>
      <trkpt lat="50.451671" lon="8.397695">
        <ele>265.875781</ele>
        <time>2026-08-09T09:03:37.891Z</time>
      </trkpt>
      <trkpt lat="50.451923" lon="8.397066">
        <ele>265.671210</ele>
        <time>2026-08-09T09:03:44.048Z</time>
      </trkpt>
      <trkpt lat="50.451943" lon="8.397015">
        <ele>265.654722</ele>
        <time>2026-08-09T09:03:44.508Z</time>
      </trkpt>
      <trkpt lat="50.452019" lon="8.396826">
        <ele>265.593188</ele>
        <time>2026-08-09T09:03:46.266Z</time>
      </trkpt>
      <trkpt lat="50.452178" lon="8.396529">
        <ele>265.486374</ele>
        <time>2026-08-09T09:03:49.325Z</time>
      </trkpt>
      <trkpt lat="50.452595" lon="8.396047">
        <ele>264.867669</ele>
        <time>2026-08-09T09:03:55.492Z</time>
      </trkpt>
      <trkpt lat="50.452755" lon="8.396569">
        <ele>264.293747</ele>
        <time>2026-08-09T09:03:59.657Z</time>
      </trkpt>
      <trkpt lat="50.452793" lon="8.396690">
        <ele>264.160091</ele>
        <time>2026-08-09T09:04:00.578Z</time>
      </trkpt>
      <trkpt lat="50.452851" lon="8.396881">
        <ele>263.950459</ele>
        <time>2026-08-09T09:04:02.021Z</time>
      </trkpt>
      <trkpt lat="50.453092" lon="8.396270">
        <ele>263.238439</ele>
        <time>2026-08-09T09:04:07.836Z</time>
      </trkpt>
      <trkpt lat="50.453442" lon="8.395368">
        <ele>262.575805</ele>
        <time>2026-08-09T09:04:16.907Z</time>
      </trkpt>
      <trkpt lat="50.453508" lon="8.394821">
        <ele>262.523527</ele>
        <time>2026-08-09T09:04:25.131Z</time>
      </trkpt>
      <trkpt lat="50.453694" lon="8.394510">
        <ele>262.483462</ele>
        <time>2026-08-09T09:04:31.876Z</time>
      </trkpt>
      <trkpt lat="50.454034" lon="8.394295">
        <ele>262.429408</ele>
        <time>2026-08-09T09:04:42.076Z</time>
      </trkpt>
      <trkpt lat="50.454397" lon="8.394305">
        <ele>262.375865</ele>
        <time>2026-08-09T09:04:52.569Z</time>
      </trkpt>
      <trkpt lat="50.454882" lon="8.394338">
        <ele>262.302274</ele>
        <time>2026-08-09T09:05:06.625Z</time>
      </trkpt>
      <trkpt lat="50.455776" lon="8.393405">
        <ele>262.137174</ele>
        <time>2026-08-09T09:05:34.100Z</time>
      </trkpt>
      <trkpt lat="50.456607" lon="8.392363">
        <ele>261.328945</ele>
        <time>2026-08-09T09:05:58.082Z</time>
      </trkpt>
      <trkpt lat="50.456797" lon="8.392125">
        <ele>261.051671</ele>
        <time>2026-08-09T09:06:03.580Z</time>
      </trkpt>
      <trkpt lat="50.456908" lon="8.391986">
        <ele>260.889703</ele>
        <time>2026-08-09T09:06:06.824Z</time>
      </trkpt>
      <trkpt lat="50.457036" lon="8.391826">
        <ele>260.703061</ele>
        <time>2026-08-09T09:06:10.599Z</time>
      </trkpt>
      <trkpt lat="50.457652" lon="8.391226">
        <ele>260.028110</ele>
        <time>2026-08-09T09:06:27.841Z</time>
      </trkpt>
      <trkpt lat="50.458103" lon="8.390939">
        <ele>260.051655</ele>
        <time>2026-08-09T09:06:39.870Z</time>
      </trkpt>
      <trkpt lat="50.458968" lon="8.390578">
        <ele>260.094963</ele>
        <time>2026-08-09T09:07:02.346Z</time>
      </trkpt>
      <trkpt lat="50.459199" lon="8.390446">
        <ele>260.106857</ele>
        <time>2026-08-09T09:07:08.950Z</time>
      </trkpt>
      <trkpt lat="50.459316" lon="8.390322">
        <ele>260.318588</ele>
        <time>2026-08-09T09:07:11.628Z</time>
      </trkpt>
      <trkpt lat="50.459332" lon="8.390224">
        <ele>260.456704</ele>
        <time>2026-08-09T09:07:12.835Z</time>
      </trkpt>
      <trkpt lat="50.459296" lon="8.390071">
        <ele>260.679386</ele>
        <time>2026-08-09T09:07:15.001Z</time>
      </trkpt>
      <trkpt lat="50.459510" lon="8.389636">
        <ele>261.429883</ele>
        <time>2026-08-09T09:07:23.697Z</time>
      </trkpt>
      <trkpt lat="50.459532" lon="8.389333">
        <ele>261.846211</ele>
        <time>2026-08-09T09:07:29.324Z</time>
      </trkpt>
      <trkpt lat="50.459320" lon="8.388446">
        <ele>263.139644</ele>
        <time>2026-08-09T09:07:45.881Z</time>
      </trkpt>
      <trkpt lat="50.459158" lon="8.388183">
        <ele>263.639235</ele>
        <time>2026-08-09T09:07:51.987Z</time>
      </trkpt>
      <trkpt lat="50.459423" lon="8.387924">
        <ele>263.903696</ele>
        <time>2026-08-09T09:07:59.468Z</time>
      </trkpt>
      <trkpt lat="50.459522" lon="8.387891">
        <ele>263.864257</ele>
        <time>2026-08-09T09:08:01.587Z</time>
      </trkpt>
      <trkpt lat="50.461137" lon="8.387363">
        <ele>263.281822</ele>
        <time>2026-08-09T09:08:24.188Z</time>
      </trkpt>
      <trkpt lat="50.461344" lon="8.387229">
        <ele>263.315420</ele>
        <time>2026-08-09T09:08:27.498Z</time>
      </trkpt>
      <trkpt lat="50.461595" lon="8.386974">
        <ele>263.360277</ele>
        <time>2026-08-09T09:08:32.444Z</time>
      </trkpt>
      <trkpt lat="50.461747" lon="8.386723">
        <ele>263.393371</ele>
        <time>2026-08-09T09:08:36.633Z</time>
      </trkpt>
      <trkpt lat="50.461894" lon="8.386279">
        <ele>263.441180</ele>
        <time>2026-08-09T09:08:42.984Z</time>
      </trkpt>
      <trkpt lat="50.462421" lon="8.385592">
        <ele>263.422256</ele>
        <time>2026-08-09T09:08:56.353Z</time>
      </trkpt>
      <trkpt lat="50.462968" lon="8.384982">
        <ele>262.163212</ele>
        <time>2026-08-09T09:09:05.290Z</time>
      </trkpt>
      <trkpt lat="50.463489" lon="8.384794">
        <ele>261.159892</ele>
        <time>2026-08-09T09:09:11.753Z</time>
      </trkpt>
      <trkpt lat="50.464245" lon="8.384682">
        <ele>260.073174</ele>
        <time>2026-08-09T09:09:21.074Z</time>
      </trkpt>
      <trkpt lat="50.464655" lon="8.384703">
        <ele>259.917292</ele>
        <time>2026-08-09T09:09:26.716Z</time>
      </trkpt>
      <trkpt lat="50.464970" lon="8.384497">
        <ele>259.787635</ele>
        <time>2026-08-09T09:09:31.930Z</time>
      </trkpt>
      <trkpt lat="50.465209" lon="8.383857">
        <ele>259.608153</ele>
        <time>2026-08-09T09:09:41.411Z</time>
      </trkpt>
      <trkpt lat="50.465519" lon="8.383468">
        <ele>259.351139</ele>
        <time>2026-08-09T09:09:51.208Z</time>
      </trkpt>
      <trkpt lat="50.465840" lon="8.383047">
        <ele>258.266448</ele>
        <time>2026-08-09T09:09:57.464Z</time>
      </trkpt>
      <trkpt lat="50.466403" lon="8.382540">
        <ele>256.583121</ele>
        <time>2026-08-09T09:10:04.761Z</time>
      </trkpt>
      <trkpt lat="50.466697" lon="8.383612">
        <ele>254.762821</ele>
        <time>2026-08-09T09:10:12.149Z</time>
      </trkpt>
      <trkpt lat="50.466775" lon="8.383563">
        <ele>254.696166</ele>
        <time>2026-08-09T09:10:13.185Z</time>
      </trkpt>
      <trkpt lat="50.466862" lon="8.383600">
        <ele>254.624650</ele>
        <time>2026-08-09T09:10:15.145Z</time>
      </trkpt>
      <trkpt lat="50.467001" lon="8.383415">
        <ele>254.480101</ele>
        <time>2026-08-09T09:10:19.096Z</time>
      </trkpt>
      <trkpt lat="50.467347" lon="8.382803">
        <ele>254.066687</ele>
        <time>2026-08-09T09:10:31.410Z</time>
      </trkpt>
      <trkpt lat="50.467616" lon="8.382546">
        <ele>253.816877</ele>
        <time>2026-08-09T09:10:42.504Z</time>
      </trkpt>
      <trkpt lat="50.467766" lon="8.382353">
        <ele>253.663036</ele>
        <time>2026-08-09T09:10:49.549Z</time>
      </trkpt>
      <trkpt lat="50.467944" lon="8.382401">
        <ele>253.519734</ele>
        <time>2026-08-09T09:10:55.367Z</time>
      </trkpt>
      <trkpt lat="50.468343" lon="8.382363">
        <ele>253.085465</ele>
        <time>2026-08-09T09:11:06.553Z</time>
      </trkpt>
      <trkpt lat="50.469016" lon="8.382015">
        <ele>252.158106</ele>
        <time>2026-08-09T09:11:23.833Z</time>
      </trkpt>
      <trkpt lat="50.470819" lon="8.379831">
        <ele>247.808795</ele>
        <time>2026-08-09T09:12:16.291Z</time>
      </trkpt>
      <trkpt lat="50.470941" lon="8.379227">
        <ele>246.894110</ele>
        <time>2026-08-09T09:12:25.604Z</time>
      </trkpt>
      <trkpt lat="50.473584" lon="8.375208">
        <ele>238.921766</ele>
        <time>2026-08-09T09:13:51.723Z</time>
      </trkpt>
      <trkpt lat="50.474719" lon="8.374474">
        <ele>234.536938</ele>
        <time>2026-08-09T09:14:18.051Z</time>
      </trkpt>
      <trkpt lat="50.474786" lon="8.374370">
        <ele>234.200479</ele>
        <time>2026-08-09T09:14:20.050Z</time>
      </trkpt>
      <trkpt lat="50.474968" lon="8.374244">
        <ele>233.489965</ele>
        <time>2026-08-09T09:14:24.280Z</time>
      </trkpt>
      <trkpt lat="50.475016" lon="8.374235">
        <ele>233.317267</ele>
        <time>2026-08-09T09:14:24.746Z</time>
      </trkpt>
      <trkpt lat="50.475833" lon="8.374396">
        <ele>230.974879</ele>
        <time>2026-08-09T09:14:32.823Z</time>
      </trkpt>
      <trkpt lat="50.476055" lon="8.374372">
        <ele>230.372397</ele>
        <time>2026-08-09T09:14:35.018Z</time>
      </trkpt>
      <trkpt lat="50.476315" lon="8.374323">
        <ele>229.663408</ele>
        <time>2026-08-09T09:14:37.640Z</time>
      </trkpt>
      <trkpt lat="50.476696" lon="8.374032">
        <ele>228.516457</ele>
        <time>2026-08-09T09:14:42.172Z</time>
      </trkpt>
      <trkpt lat="50.476878" lon="8.373961">
        <ele>228.008737</ele>
        <time>2026-08-09T09:14:44.440Z</time>
      </trkpt>
      <trkpt lat="50.477153" lon="8.373928">
        <ele>228.312488</ele>
        <time>2026-08-09T09:14:48.494Z</time>
      </trkpt>
      <trkpt lat="50.477601" lon="8.373977">
        <ele>228.874056</ele>
        <time>2026-08-09T09:14:57.204Z</time>
      </trkpt>
      <trkpt lat="50.478054" lon="8.373945">
        <ele>229.441092</ele>
        <time>2026-08-09T09:15:07.090Z</time>
      </trkpt>
      <trkpt lat="50.478141" lon="8.374032">
        <ele>229.570044</ele>
        <time>2026-08-09T09:15:10.838Z</time>
      </trkpt>
      <trkpt lat="50.478601" lon="8.373961">
        <ele>230.148030</ele>
        <time>2026-08-09T09:15:27.545Z</time>
      </trkpt>
      <trkpt lat="50.479012" lon="8.373854">
        <ele>230.532546</ele>
        <time>2026-08-09T09:15:41.952Z</time>
      </trkpt>
      <trkpt lat="50.479151" lon="8.373912">
        <ele>230.656523</ele>
        <time>2026-08-09T09:15:46.524Z</time>
      </trkpt>
      <trkpt lat="50.479305" lon="8.373899">
        <ele>230.789469</ele>
        <time>2026-08-09T09:15:51.104Z</time>
      </trkpt>
      <trkpt lat="50.479385" lon="8.373994">
        <ele>230.875909</ele>
        <time>2026-08-09T09:15:53.969Z</time>
      </trkpt>
      <trkpt lat="50.479656" lon="8.374192">
        <ele>231.133539</ele>
        <time>2026-08-09T09:16:02.507Z</time>
      </trkpt>
      <trkpt lat="50.479786" lon="8.374192">
        <ele>231.245604</ele>
        <time>2026-08-09T09:16:06.213Z</time>
      </trkpt>
      <trkpt lat="50.480523" lon="8.374026">
        <ele>231.711168</ele>
        <time>2026-08-09T09:16:27.074Z</time>
      </trkpt>
      <trkpt lat="50.480903" lon="8.373902">
        <ele>231.495421</ele>
        <time>2026-08-09T09:16:37.430Z</time>
      </trkpt>
      <trkpt lat="50.482238" lon="8.374970">
        <ele>230.484785</ele>
        <time>2026-08-09T09:17:15.402Z</time>
      </trkpt>
      <trkpt lat="50.483950" lon="8.375959">
        <ele>227.868394</ele>
        <time>2026-08-09T09:17:59.376Z</time>
      </trkpt>
      <trkpt lat="50.484621" lon="8.376620">
        <ele>226.527911</ele>
        <time>2026-08-09T09:18:17.798Z</time>
      </trkpt>
      <trkpt lat="50.485296" lon="8.377035">
        <ele>225.301022</ele>
        <time>2026-08-09T09:18:35.103Z</time>
      </trkpt>
      <trkpt lat="50.485729" lon="8.377417">
        <ele>224.664629</ele>
        <time>2026-08-09T09:18:47.594Z</time>
      </trkpt>
      <trkpt lat="50.486170" lon="8.377971">
        <ele>223.964070</ele>
        <time>2026-08-09T09:19:02.344Z</time>
      </trkpt>
      <trkpt lat="50.486588" lon="8.378394">
        <ele>223.347161</ele>
        <time>2026-08-09T09:19:15.589Z</time>
      </trkpt>
      <trkpt lat="50.487085" lon="8.378775">
        <ele>221.526396</ele>
        <time>2026-08-09T09:19:28.242Z</time>
      </trkpt>
      <trkpt lat="50.487582" lon="8.379155">
        <ele>218.499207</ele>
        <time>2026-08-09T09:19:39.202Z</time>
      </trkpt>
      <trkpt lat="50.487647" lon="8.379188">
        <ele>218.125075</ele>
        <time>2026-08-09T09:19:40.469Z</time>
      </trkpt>
      <trkpt lat="50.487714" lon="8.379079">
        <ele>217.596914</ele>
        <time>2026-08-09T09:19:41.463Z</time>
      </trkpt>
      <trkpt lat="50.488337" lon="8.378759">
        <ele>214.007018</ele>
        <time>2026-08-09T09:19:48.402Z</time>
      </trkpt>
      <trkpt lat="50.488524" lon="8.378612">
        <ele>212.955226</ele>
        <time>2026-08-09T09:19:50.636Z</time>
      </trkpt>
      <trkpt lat="50.488583" lon="8.378514">
        <ele>212.641927</ele>
        <time>2026-08-09T09:19:51.556Z</time>
      </trkpt>
      <trkpt lat="50.488844" lon="8.378612">
        <ele>211.662529</ele>
        <time>2026-08-09T09:19:53.972Z</time>
      </trkpt>
      <trkpt lat="50.489176" lon="8.378816">
        <ele>210.361499</ele>
        <time>2026-08-09T09:19:57.375Z</time>
      </trkpt>
      <trkpt lat="50.489384" lon="8.378858">
        <ele>209.596106</ele>
        <time>2026-08-09T09:19:59.516Z</time>
      </trkpt>
      <trkpt lat="50.489563" lon="8.378841">
        <ele>208.941603</ele>
        <time>2026-08-09T09:20:01.497Z</time>
      </trkpt>
      <trkpt lat="50.489853" lon="8.378858">
        <ele>207.882431</ele>
        <time>2026-08-09T09:20:04.806Z</time>
      </trkpt>
      <trkpt lat="50.490032" lon="8.378960">
        <ele>207.187513</ele>
        <time>2026-08-09T09:20:06.941Z</time>
      </trkpt>
      <trkpt lat="50.490133" lon="8.379027">
        <ele>206.787400</ele>
        <time>2026-08-09T09:20:08.118Z</time>
      </trkpt>
      <trkpt lat="50.490393" lon="8.379226">
        <ele>206.104743</ele>
        <time>2026-08-09T09:20:11.104Z</time>
      </trkpt>
      <trkpt lat="50.490711" lon="8.379589">
        <ele>205.303045</ele>
        <time>2026-08-09T09:20:15.132Z</time>
      </trkpt>
      <trkpt lat="50.491028" lon="8.380120">
        <ele>204.358041</ele>
        <time>2026-08-09T09:20:20.041Z</time>
      </trkpt>
      <trkpt lat="50.491202" lon="8.380409">
        <ele>203.841661</ele>
        <time>2026-08-09T09:20:22.817Z</time>
      </trkpt>
      <trkpt lat="50.491488" lon="8.380888">
        <ele>202.989145</ele>
        <time>2026-08-09T09:20:27.584Z</time>
      </trkpt>
      <trkpt lat="50.491746" lon="8.381284">
        <ele>202.697236</ele>
        <time>2026-08-09T09:20:31.787Z</time>
      </trkpt>
      <trkpt lat="50.491845" lon="8.381393">
        <ele>202.617803</ele>
        <time>2026-08-09T09:20:33.196Z</time>
      </trkpt>
      <trkpt lat="50.492078" lon="8.381494">
        <ele>202.458965</ele>
        <time>2026-08-09T09:20:36.061Z</time>
      </trkpt>
      <trkpt lat="50.492276" lon="8.381506">
        <ele>202.328748</ele>
        <time>2026-08-09T09:20:38.495Z</time>
      </trkpt>
      <trkpt lat="50.492648" lon="8.381404">
        <ele>202.080587</ele>
        <time>2026-08-09T09:20:42.948Z</time>
      </trkpt>
      <trkpt lat="50.492775" lon="8.381370">
        <ele>201.995923</ele>
        <time>2026-08-09T09:20:44.444Z</time>
      </trkpt>
      <trkpt lat="50.492981" lon="8.381283">
        <ele>201.855744</ele>
        <time>2026-08-09T09:20:47.041Z</time>
      </trkpt>
      <trkpt lat="50.493255" lon="8.381126">
        <ele>202.014385</ele>
        <time>2026-08-09T09:20:51.110Z</time>
      </trkpt>
      <trkpt lat="50.493755" lon="8.380507">
        <ele>203.959469</ele>
        <time>2026-08-09T09:21:04.958Z</time>
      </trkpt>
      <trkpt lat="50.494008" lon="8.380798">
        <ele>204.917558</ele>
        <time>2026-08-09T09:21:16.021Z</time>
      </trkpt>
      <trkpt lat="50.494348" lon="8.381362">
        <ele>206.428211</ele>
        <time>2026-08-09T09:21:32.289Z</time>
      </trkpt>
      <trkpt lat="50.494653" lon="8.381938">
        <ele>207.071472</ele>
        <time>2026-08-09T09:21:46.716Z</time>
      </trkpt>
      <trkpt lat="50.495077" lon="8.382666">
        <ele>206.632374</ele>
        <time>2026-08-09T09:21:59.811Z</time>
      </trkpt>
      <trkpt lat="50.495181" lon="8.382781">
        <ele>206.543454</ele>
        <time>2026-08-09T09:22:01.589Z</time>
      </trkpt>
      <trkpt lat="50.495326" lon="8.382869">
        <ele>206.434758</ele>
        <time>2026-08-09T09:22:03.558Z</time>
      </trkpt>
      <trkpt lat="50.495451" lon="8.382900">
        <ele>206.346262</ele>
        <time>2026-08-09T09:22:05.045Z</time>
      </trkpt>
      <trkpt lat="50.495926" lon="8.382886">
        <ele>206.014028</ele>
        <time>2026-08-09T09:22:10.375Z</time>
      </trkpt>
      <trkpt lat="50.496782" lon="8.382572">
        <ele>203.225605</ele>
        <time>2026-08-09T09:22:20.500Z</time>
      </trkpt>
      <trkpt lat="50.497561" lon="8.382516">
        <ele>200.585345</ele>
        <time>2026-08-09T09:22:29.925Z</time>
      </trkpt>
      <trkpt lat="50.497785" lon="8.382466">
        <ele>199.838221</ele>
        <time>2026-08-09T09:22:32.744Z</time>
      </trkpt>
      <trkpt lat="50.498736" lon="8.381977">
        <ele>197.591615</ele>
        <time>2026-08-09T09:22:45.596Z</time>
      </trkpt>
      <trkpt lat="50.499050" lon="8.381881">
        <ele>196.873380</ele>
        <time>2026-08-09T09:22:49.669Z</time>
      </trkpt>
      <trkpt lat="50.499364" lon="8.382030">
        <ele>196.136936</ele>
        <time>2026-08-09T09:22:53.770Z</time>
      </trkpt>
      <trkpt lat="50.499415" lon="8.382054">
        <ele>196.017405</ele>
        <time>2026-08-09T09:22:54.438Z</time>
      </trkpt>
      <trkpt lat="50.500554" lon="8.382737">
        <ele>194.365258</ele>
        <time>2026-08-09T09:23:09.944Z</time>
      </trkpt>
      <trkpt lat="50.500628" lon="8.382433">
        <ele>194.097667</ele>
        <time>2026-08-09T09:23:13.881Z</time>
      </trkpt>
      <trkpt lat="50.502145" lon="8.383454">
        <ele>194.121238</ele>
        <time>2026-08-09T09:23:44.237Z</time>
      </trkpt>
      <trkpt lat="50.502527" lon="8.383796">
        <ele>194.344847</ele>
        <time>2026-08-09T09:23:52.579Z</time>
      </trkpt>
      <trkpt lat="50.503766" lon="8.385173">
        <ele>193.743696</ele>
        <time>2026-08-09T09:24:16.142Z</time>
      </trkpt>
      <trkpt lat="50.504094" lon="8.385504">
        <ele>193.547169</ele>
        <time>2026-08-09T09:24:21.385Z</time>
      </trkpt>
      <trkpt lat="50.504554" lon="8.385907">
        <ele>192.733974</ele>
        <time>2026-08-09T09:24:28.117Z</time>
      </trkpt>
      <trkpt lat="50.506501" lon="8.387270">
        <ele>190.394716</ele>
        <time>2026-08-09T09:24:56.380Z</time>
      </trkpt>
      <trkpt lat="50.507040" lon="8.387648">
        <ele>190.294622</ele>
        <time>2026-08-09T09:25:09.540Z</time>
      </trkpt>
      <trkpt lat="50.507545" lon="8.387992">
        <ele>189.926137</ele>
        <time>2026-08-09T09:25:19.972Z</time>
      </trkpt>
      <trkpt lat="50.507759" lon="8.388071">
        <ele>189.479259</ele>
        <time>2026-08-09T09:25:23.301Z</time>
      </trkpt>
      <trkpt lat="50.508080" lon="8.388102">
        <ele>188.825456</ele>
        <time>2026-08-09T09:25:27.657Z</time>
      </trkpt>
      <trkpt lat="50.508278" lon="8.388072">
        <ele>188.421070</ele>
        <time>2026-08-09T09:25:30.188Z</time>
      </trkpt>
      <trkpt lat="50.508618" lon="8.387898">
        <ele>187.694185</ele>
        <time>2026-08-09T09:25:34.508Z</time>
      </trkpt>
      <trkpt lat="50.509093" lon="8.387538">
        <ele>186.622225</ele>
        <time>2026-08-09T09:25:40.574Z</time>
      </trkpt>
      <trkpt lat="50.509561" lon="8.387204">
        <ele>185.753925</ele>
        <time>2026-08-09T09:25:46.664Z</time>
      </trkpt>
      <trkpt lat="50.510074" lon="8.386893">
        <ele>184.835019</ele>
        <time>2026-08-09T09:25:53.781Z</time>
      </trkpt>
      <trkpt lat="50.510613" lon="8.386629">
        <ele>183.891483</ele>
        <time>2026-08-09T09:26:02.396Z</time>
      </trkpt>
      <trkpt lat="50.510585" lon="8.386552">
        <ele>183.797208</ele>
        <time>2026-08-09T09:26:03.242Z</time>
      </trkpt>
      <trkpt lat="50.510721" lon="8.386431">
        <ele>183.565186</ele>
        <time>2026-08-09T09:26:05.285Z</time>
      </trkpt>
      <trkpt lat="50.510825" lon="8.386325">
        <ele>183.576554</ele>
        <time>2026-08-09T09:26:06.941Z</time>
      </trkpt>
      <trkpt lat="50.511077" lon="8.385988">
        <ele>183.606896</ele>
        <time>2026-08-09T09:26:11.614Z</time>
      </trkpt>
      <trkpt lat="50.511299" lon="8.385672">
        <ele>183.634362</ele>
        <time>2026-08-09T09:26:16.317Z</time>
      </trkpt>
      <trkpt lat="50.511740" lon="8.384943">
        <ele>183.693050</ele>
        <time>2026-08-09T09:26:26.976Z</time>
      </trkpt>
      <trkpt lat="50.511942" lon="8.384550">
        <ele>183.722525</ele>
        <time>2026-08-09T09:26:31.071Z</time>
      </trkpt>
      <trkpt lat="50.512136" lon="8.384017">
        <ele>183.161020</ele>
        <time>2026-08-09T09:26:35.765Z</time>
      </trkpt>
      <trkpt lat="50.512133" lon="8.383881">
        <ele>183.009315</ele>
        <time>2026-08-09T09:26:36.736Z</time>
      </trkpt>
      <trkpt lat="50.512311" lon="8.383701">
        <ele>182.638316</ele>
        <time>2026-08-09T09:26:39.249Z</time>
      </trkpt>
      <trkpt lat="50.512330" lon="8.383562">
        <ele>182.479818</ele>
        <time>2026-08-09T09:26:41.261Z</time>
      </trkpt>
      <trkpt lat="50.513473" lon="8.382606">
        <ele>180.169331</ele>
        <time>2026-08-09T09:26:57.648Z</time>
      </trkpt>
      <trkpt lat="50.514030" lon="8.382204">
        <ele>178.974539</ele>
        <time>2026-08-09T09:27:05.072Z</time>
      </trkpt>
      <trkpt lat="50.514703" lon="8.381718">
        <ele>177.530780</ele>
        <time>2026-08-09T09:27:14.508Z</time>
      </trkpt>
      <trkpt lat="50.515042" lon="8.381478">
        <ele>177.385935</ele>
        <time>2026-08-09T09:27:19.040Z</time>
      </trkpt>
      <trkpt lat="50.515249" lon="8.381380">
        <ele>177.893974</ele>
        <time>2026-08-09T09:27:22.003Z</time>
      </trkpt>
      <trkpt lat="50.516104" lon="8.381157">
        <ele>179.930770</ele>
        <time>2026-08-09T09:27:39.981Z</time>
      </trkpt>
      <trkpt lat="50.516145" lon="8.381169">
        <ele>180.028780</ele>
        <time>2026-08-09T09:27:41.158Z</time>
      </trkpt>
      <trkpt lat="50.516216" lon="8.381279">
        <ele>180.263006</ele>
        <time>2026-08-09T09:27:44.000Z</time>
      </trkpt>
      <trkpt lat="50.516566" lon="8.381447">
        <ele>181.123005</ele>
        <time>2026-08-09T09:27:55.245Z</time>
      </trkpt>
      <trkpt lat="50.516709" lon="8.381572">
        <ele>181.902284</ele>
        <time>2026-08-09T09:28:00.968Z</time>
      </trkpt>
      <trkpt lat="50.516834" lon="8.381730">
        <ele>182.982612</ele>
        <time>2026-08-09T09:28:06.727Z</time>
      </trkpt>
      <trkpt lat="50.516942" lon="8.381976">
        <ele>184.263100</ele>
        <time>2026-08-09T09:28:13.479Z</time>
      </trkpt>
      <trkpt lat="50.517000" lon="8.382170">
        <ele>185.181356</ele>
        <time>2026-08-09T09:28:18.440Z</time>
      </trkpt>
      <trkpt lat="50.517052" lon="8.382530">
        <ele>186.762671</ele>
        <time>2026-08-09T09:28:27.537Z</time>
      </trkpt>
      <trkpt lat="50.517115" lon="8.383198">
        <ele>189.655289</ele>
        <time>2026-08-09T09:28:44.980Z</time>
      </trkpt>
      <trkpt lat="50.517165" lon="8.383178">
        <ele>190.002839</ele>
        <time>2026-08-09T09:28:47.034Z</time>
      </trkpt>
      <trkpt lat="50.517233" lon="8.383081">
        <ele>190.621282</ele>
        <time>2026-08-09T09:28:50.837Z</time>
      </trkpt>
      <trkpt lat="50.517391" lon="8.383287">
        <ele>192.003843</ele>
        <time>2026-08-09T09:28:59.311Z</time>
      </trkpt>
      <trkpt lat="50.517429" lon="8.383336">
        <ele>192.334874</ele>
        <time>2026-08-09T09:29:01.331Z</time>
      </trkpt>
      <trkpt lat="50.517603" lon="8.383715">
        <ele>194.172353</ele>
        <time>2026-08-09T09:29:13.415Z</time>
      </trkpt>
      <trkpt lat="50.517657" lon="8.383782">
        <ele>194.553086</ele>
        <time>2026-08-09T09:29:16.338Z</time>
      </trkpt>
      <trkpt lat="50.517718" lon="8.383792">
        <ele>194.892576</ele>
        <time>2026-08-09T09:29:18.715Z</time>
      </trkpt>
      <trkpt lat="50.517792" lon="8.383818">
        <ele>195.312294</ele>
        <time>2026-08-09T09:29:21.750Z</time>
      </trkpt>
      <trkpt lat="50.517860" lon="8.383894">
        <ele>195.774067</ele>
        <time>2026-08-09T09:29:24.977Z</time>
      </trkpt>
      <trkpt lat="50.517913" lon="8.383977">
        <ele>196.188083</ele>
        <time>2026-08-09T09:29:27.921Z</time>
      </trkpt>
      <trkpt lat="50.517951" lon="8.384132">
        <ele>196.772772</ele>
        <time>2026-08-09T09:29:31.820Z</time>
      </trkpt>
      <trkpt lat="50.518003" lon="8.384490">
        <ele>198.065254</ele>
        <time>2026-08-09T09:29:40.990Z</time>
      </trkpt>
      <trkpt lat="50.518020" lon="8.384810">
        <ele>199.195455</ele>
        <time>2026-08-09T09:29:48.543Z</time>
      </trkpt>
      <trkpt lat="50.518028" lon="8.385979">
        <ele>203.310120</ele>
        <time>2026-08-09T09:30:09.945Z</time>
      </trkpt>
      <trkpt lat="50.518066" lon="8.386100">
        <ele>203.451345</ele>
        <time>2026-08-09T09:30:11.985Z</time>
      </trkpt>
      <trkpt lat="50.518125" lon="8.386119">
        <ele>203.517435</ele>
        <time>2026-08-09T09:30:13.369Z</time>
      </trkpt>
      <trkpt lat="50.518131" lon="8.386083">
        <ele>203.543403</ele>
        <time>2026-08-09T09:30:13.887Z</time>
      </trkpt>
      <trkpt lat="50.518271" lon="8.385227">
        <ele>204.160134</ele>
        <time>2026-08-09T09:30:24.773Z</time>
      </trkpt>
      <trkpt lat="50.518331" lon="8.384527">
        <ele>204.652987</ele>
        <time>2026-08-09T09:30:30.499Z</time>
      </trkpt>
      <trkpt lat="50.518391" lon="8.384296">
        <ele>204.827100</ele>
        <time>2026-08-09T09:30:32.415Z</time>
      </trkpt>
      <trkpt lat="50.518621" lon="8.383748">
        <ele>205.285267</ele>
        <time>2026-08-09T09:30:38.888Z</time>
      </trkpt>
      <trkpt lat="50.518894" lon="8.383265">
        <ele>205.909850</ele>
        <time>2026-08-09T09:30:48.339Z</time>
      </trkpt>
      <trkpt lat="50.519049" lon="8.383046">
        <ele>206.239404</ele>
        <time>2026-08-09T09:30:53.508Z</time>
      </trkpt>
      <trkpt lat="50.519207" lon="8.382877">
        <ele>206.541621</ele>
        <time>2026-08-09T09:30:58.457Z</time>
      </trkpt>
      <trkpt lat="50.519647" lon="8.382545">
        <ele>207.313491</ele>
        <time>2026-08-09T09:31:11.021Z</time>
      </trkpt>
      <trkpt lat="50.519877" lon="8.382369">
        <ele>207.718042</ele>
        <time>2026-08-09T09:31:17.711Z</time>
      </trkpt>
      <trkpt lat="50.520109" lon="8.382110">
        <ele>208.168025</ele>
        <time>2026-08-09T09:31:22.820Z</time>
      </trkpt>
      <trkpt lat="50.520129" lon="8.382090">
        <ele>208.146015</ele>
        <time>2026-08-09T09:31:23.121Z</time>
      </trkpt>
      <trkpt lat="50.520518" lon="8.381881">
        <ele>206.651244</ele>
        <time>2026-08-09T09:31:27.201Z</time>
      </trkpt>
      <trkpt lat="50.520829" lon="8.381721">
        <ele>205.461396</ele>
        <time>2026-08-09T09:31:30.218Z</time>
      </trkpt>
      <trkpt lat="50.520927" lon="8.381659">
        <ele>205.077292</ele>
        <time>2026-08-09T09:31:31.216Z</time>
      </trkpt>
      <trkpt lat="50.521014" lon="8.381438">
        <ele>204.476343</ele>
        <time>2026-08-09T09:31:32.741Z</time>
      </trkpt>
      <trkpt lat="50.521069" lon="8.381180">
        <ele>203.847228</ele>
        <time>2026-08-09T09:31:34.334Z</time>
      </trkpt>
      <trkpt lat="50.521129" lon="8.381040">
        <ele>203.456890</ele>
        <time>2026-08-09T09:31:35.348Z</time>
      </trkpt>
      <trkpt lat="50.521180" lon="8.380979">
        <ele>203.223908</ele>
        <time>2026-08-09T09:31:35.933Z</time>
      </trkpt>
      <trkpt lat="50.521305" lon="8.380977">
        <ele>202.769348</ele>
        <time>2026-08-09T09:31:37.117Z</time>
      </trkpt>
      <trkpt lat="50.522073" lon="8.381069">
        <ele>202.715405</ele>
        <time>2026-08-09T09:31:44.464Z</time>
      </trkpt>
      <trkpt lat="50.522407" lon="8.381109">
        <ele>203.490648</ele>
        <time>2026-08-09T09:31:51.912Z</time>
      </trkpt>
      <trkpt lat="50.523021" lon="8.380972">
        <ele>204.925909</ele>
        <time>2026-08-09T09:32:12.970Z</time>
      </trkpt>
      <trkpt lat="50.523050" lon="8.380986">
        <ele>204.996117</ele>
        <time>2026-08-09T09:32:14.120Z</time>
      </trkpt>
      <trkpt lat="50.523099" lon="8.381025">
        <ele>205.123214</ele>
        <time>2026-08-09T09:32:16.291Z</time>
      </trkpt>
      <trkpt lat="50.523176" lon="8.381432">
        <ele>205.748031</ele>
        <time>2026-08-09T09:32:26.281Z</time>
      </trkpt>
      <trkpt lat="50.523334" lon="8.381794">
        <ele>206.997793</ele>
        <time>2026-08-09T09:32:36.358Z</time>
      </trkpt>
      <trkpt lat="50.523808" lon="8.382317">
        <ele>209.722320</ele>
        <time>2026-08-09T09:32:58.951Z</time>
      </trkpt>
      <trkpt lat="50.524257" lon="8.382633">
        <ele>212.036994</ele>
        <time>2026-08-09T09:33:15.538Z</time>
      </trkpt>
      <trkpt lat="50.524502" lon="8.382902">
        <ele>213.442958</ele>
        <time>2026-08-09T09:33:23.229Z</time>
      </trkpt>
      <trkpt lat="50.524776" lon="8.383348">
        <ele>213.912825</ele>
        <time>2026-08-09T09:33:31.785Z</time>
      </trkpt>
      <trkpt lat="50.525007" lon="8.383782">
        <ele>213.316740</ele>
        <time>2026-08-09T09:33:38.364Z</time>
      </trkpt>
      <trkpt lat="50.525093" lon="8.383845">
        <ele>213.159588</ele>
        <time>2026-08-09T09:33:39.803Z</time>
      </trkpt>
      <trkpt lat="50.525182" lon="8.383849">
        <ele>213.012099</ele>
        <time>2026-08-09T09:33:41.094Z</time>
      </trkpt>
      <trkpt lat="50.525265" lon="8.383845">
        <ele>212.874545</ele>
        <time>2026-08-09T09:33:42.273Z</time>
      </trkpt>
      <trkpt lat="50.525425" lon="8.383754">
        <ele>212.592711</ele>
        <time>2026-08-09T09:33:44.564Z</time>
      </trkpt>
      <trkpt lat="50.525559" lon="8.383572">
        <ele>212.299442</ele>
        <time>2026-08-09T09:33:46.765Z</time>
      </trkpt>
      <trkpt lat="50.525629" lon="8.383388">
        <ele>212.073627</ele>
        <time>2026-08-09T09:33:48.364Z</time>
      </trkpt>
      <trkpt lat="50.525480" lon="8.382915">
        <ele>211.517715</ele>
        <time>2026-08-09T09:33:52.179Z</time>
      </trkpt>
      <trkpt lat="50.525184" lon="8.381970">
        <ele>207.548711</ele>
        <time>2026-08-09T09:33:59.187Z</time>
      </trkpt>
      <trkpt lat="50.525046" lon="8.381726">
        <ele>206.094536</ele>
        <time>2026-08-09T09:34:01.274Z</time>
      </trkpt>
      <trkpt lat="50.524618" lon="8.381312">
        <ele>202.575371</ele>
        <time>2026-08-09T09:34:05.506Z</time>
      </trkpt>
      <trkpt lat="50.524536" lon="8.381211">
        <ele>201.845913</ele>
        <time>2026-08-09T09:34:06.395Z</time>
      </trkpt>
      <trkpt lat="50.524471" lon="8.381069">
        <ele>201.066774</ele>
        <time>2026-08-09T09:34:07.365Z</time>
      </trkpt>
      <trkpt lat="50.524427" lon="8.380917">
        <ele>200.323093</ele>
        <time>2026-08-09T09:34:08.299Z</time>
      </trkpt>
      <trkpt lat="50.524366" lon="8.380519">
        <ele>198.702741</ele>
        <time>2026-08-09T09:34:10.697Z</time>
      </trkpt>
      <trkpt lat="50.524350" lon="8.380048">
        <ele>198.770218</ele>
        <time>2026-08-09T09:34:13.808Z</time>
      </trkpt>
      <trkpt lat="50.524357" lon="8.380004">
        <ele>198.776707</ele>
        <time>2026-08-09T09:34:14.173Z</time>
      </trkpt>
      <trkpt lat="50.524405" lon="8.379742">
        <ele>198.815714</ele>
        <time>2026-08-09T09:34:16.527Z</time>
      </trkpt>
      <trkpt lat="50.524463" lon="8.379635">
        <ele>198.835831</ele>
        <time>2026-08-09T09:34:18.145Z</time>
      </trkpt>
      <trkpt lat="50.524620" lon="8.379476">
        <ele>198.877849</ele>
        <time>2026-08-09T09:34:21.906Z</time>
      </trkpt>
      <trkpt lat="50.524702" lon="8.379443">
        <ele>198.896896</ele>
        <time>2026-08-09T09:34:23.707Z</time>
      </trkpt>
      <trkpt lat="50.524724" lon="8.379434">
        <ele>198.902011</ele>
        <time>2026-08-09T09:34:24.208Z</time>
      </trkpt>
      <trkpt lat="50.524980" lon="8.379495">
        <ele>198.960275</ele>
        <time>2026-08-09T09:34:29.908Z</time>
      </trkpt>
      <trkpt lat="50.525477" lon="8.379718">
        <ele>199.076575</ele>
        <time>2026-08-09T09:34:43.355Z</time>
      </trkpt>
      <trkpt lat="50.525629" lon="8.379708">
        <ele>199.021286</ele>
        <time>2026-08-09T09:34:47.232Z</time>
      </trkpt>
      <trkpt lat="50.525853" lon="8.379343">
        <ele>198.419344</ele>
        <time>2026-08-09T09:34:52.979Z</time>
      </trkpt>
      <trkpt lat="50.526463" lon="8.378724">
        <ele>197.064519</ele>
        <time>2026-08-09T09:35:00.233Z</time>
      </trkpt>
      <trkpt lat="50.526660" lon="8.378498">
        <ele>196.609451</ele>
        <time>2026-08-09T09:35:02.470Z</time>
      </trkpt>
      <trkpt lat="50.526903" lon="8.377913">
        <ele>195.780325</ele>
        <time>2026-08-09T09:35:06.878Z</time>
      </trkpt>
      <trkpt lat="50.526958" lon="8.377816">
        <ele>195.880878</ele>
        <time>2026-08-09T09:35:07.734Z</time>
      </trkpt>
      <trkpt lat="50.527049" lon="8.377752">
        <ele>196.096038</ele>
        <time>2026-08-09T09:35:08.825Z</time>
      </trkpt>
      <trkpt lat="50.527192" lon="8.377721">
        <ele>196.407619</ele>
        <time>2026-08-09T09:35:10.510Z</time>
      </trkpt>
      <trkpt lat="50.527275" lon="8.377741">
        <ele>196.588863</ele>
        <time>2026-08-09T09:35:11.573Z</time>
      </trkpt>
      <trkpt lat="50.527372" lon="8.377784">
        <ele>196.806391</ele>
        <time>2026-08-09T09:35:13.025Z</time>
      </trkpt>
      <trkpt lat="50.527483" lon="8.377937">
        <ele>197.124949</ele>
        <time>2026-08-09T09:35:15.814Z</time>
      </trkpt>
      <trkpt lat="50.527564" lon="8.377992">
        <ele>197.315379</ele>
        <time>2026-08-09T09:35:17.855Z</time>
      </trkpt>
      <trkpt lat="50.527765" lon="8.378033">
        <ele>197.752867</ele>
        <time>2026-08-09T09:35:23.388Z</time>
      </trkpt>
      <trkpt lat="50.527831" lon="8.378008">
        <ele>197.899399</ele>
        <time>2026-08-09T09:35:25.452Z</time>
      </trkpt>
      <trkpt lat="50.528004" lon="8.377968">
        <ele>198.276829</ele>
        <time>2026-08-09T09:35:30.750Z</time>
      </trkpt>
      <trkpt lat="50.528103" lon="8.378013">
        <ele>198.499261</ele>
        <time>2026-08-09T09:35:33.865Z</time>
      </trkpt>
      <trkpt lat="50.528475" lon="8.378163">
        <ele>199.328176</ele>
        <time>2026-08-09T09:35:45.889Z</time>
      </trkpt>
      <trkpt lat="50.528851" lon="8.378425">
        <ele>200.368610</ele>
        <time>2026-08-09T09:35:58.001Z</time>
      </trkpt>
      <trkpt lat="50.528787" lon="8.377945">
        <ele>201.216057</ele>
        <time>2026-08-09T09:36:07.908Z</time>
      </trkpt>
      <trkpt lat="50.528740" lon="8.377269">
        <ele>202.391095</ele>
        <time>2026-08-09T09:36:19.596Z</time>
      </trkpt>
      <trkpt lat="50.528805" lon="8.376767">
        <ele>203.276320</ele>
        <time>2026-08-09T09:36:26.537Z</time>
      </trkpt>
      <trkpt lat="50.528922" lon="8.376261">
        <ele>204.206688</ele>
        <time>2026-08-09T09:36:32.900Z</time>
      </trkpt>
      <trkpt lat="50.529160" lon="8.375505">
        <ele>204.697183</ele>
        <time>2026-08-09T09:36:43.707Z</time>
      </trkpt>
      <trkpt lat="50.529291" lon="8.375270">
        <ele>204.782543</ele>
        <time>2026-08-09T09:36:47.483Z</time>
      </trkpt>
      <trkpt lat="50.529477" lon="8.375018">
        <ele>204.888001</ele>
        <time>2026-08-09T09:36:51.954Z</time>
      </trkpt>
      <trkpt lat="50.529515" lon="8.374978">
        <ele>204.907644</ele>
        <time>2026-08-09T09:36:52.722Z</time>
      </trkpt>
      <trkpt lat="50.529683" lon="8.374803">
        <ele>204.994208</ele>
        <time>2026-08-09T09:36:55.938Z</time>
      </trkpt>
      <trkpt lat="50.530008" lon="8.374580">
        <ele>205.146536</ele>
        <time>2026-08-09T09:37:01.523Z</time>
      </trkpt>
      <trkpt lat="50.530186" lon="8.374492">
        <ele>205.226695</ele>
        <time>2026-08-09T09:37:04.461Z</time>
      </trkpt>
      <trkpt lat="50.530554" lon="8.374484">
        <ele>205.043609</ele>
        <time>2026-08-09T09:37:10.248Z</time>
      </trkpt>
      <trkpt lat="50.530659" lon="8.374519">
        <ele>204.926636</ele>
        <time>2026-08-09T09:37:11.884Z</time>
      </trkpt>
      <trkpt lat="50.530868" lon="8.374688">
        <ele>204.670532</ele>
        <time>2026-08-09T09:37:15.397Z</time>
      </trkpt>
      <trkpt lat="50.531014" lon="8.375042">
        <ele>204.378195</ele>
        <time>2026-08-09T09:37:19.228Z</time>
      </trkpt>
      <trkpt lat="50.531087" lon="8.375093">
        <ele>204.291145</ele>
        <time>2026-08-09T09:37:20.339Z</time>
      </trkpt>
      <trkpt lat="50.531218" lon="8.375044">
        <ele>204.144396</ele>
        <time>2026-08-09T09:37:22.176Z</time>
      </trkpt>
      <trkpt lat="50.531281" lon="8.374977">
        <ele>204.061519</ele>
        <time>2026-08-09T09:37:23.211Z</time>
      </trkpt>
      <trkpt lat="50.531490" lon="8.374294">
        <ele>203.536392</ele>
        <time>2026-08-09T09:37:29.491Z</time>
      </trkpt>
      <trkpt lat="50.531545" lon="8.373440">
        <ele>202.537926</ele>
        <time>2026-08-09T09:37:36.533Z</time>
      </trkpt>
      <trkpt lat="50.531773" lon="8.372694">
        <ele>201.365148</ele>
        <time>2026-08-09T09:37:43.541Z</time>
      </trkpt>
      <trkpt lat="50.532199" lon="8.371867">
        <ele>199.857007</ele>
        <time>2026-08-09T09:37:52.558Z</time>
      </trkpt>
      <trkpt lat="50.532452" lon="8.371724">
        <ele>199.149631</ele>
        <time>2026-08-09T09:37:55.852Z</time>
      </trkpt>
      <trkpt lat="50.532554" lon="8.371223">
        <ele>197.088271</ele>
        <time>2026-08-09T09:37:59.603Z</time>
      </trkpt>
      <trkpt lat="50.532634" lon="8.370258">
        <ele>193.274994</ele>
        <time>2026-08-09T09:38:06.127Z</time>
      </trkpt>
      <trkpt lat="50.532601" lon="8.369545">
        <ele>190.473782</ele>
        <time>2026-08-09T09:38:10.807Z</time>
      </trkpt>
      <trkpt lat="50.532606" lon="8.369436">
        <ele>190.045567</ele>
        <time>2026-08-09T09:38:11.513Z</time>
      </trkpt>
      <trkpt lat="50.532643" lon="8.369338">
        <ele>189.598933</ele>
        <time>2026-08-09T09:38:12.264Z</time>
      </trkpt>
      <trkpt lat="50.533280" lon="8.368858">
        <ele>186.915157</ele>
        <time>2026-08-09T09:38:19.748Z</time>
      </trkpt>
      <trkpt lat="50.533619" lon="8.368709">
        <ele>185.958879</ele>
        <time>2026-08-09T09:38:23.968Z</time>
      </trkpt>
      <trkpt lat="50.534326" lon="8.368534">
        <ele>184.014441</ele>
        <time>2026-08-09T09:38:34.329Z</time>
      </trkpt>
      <trkpt lat="50.534609" lon="8.368374">
        <ele>183.184288</ele>
        <time>2026-08-09T09:38:40.194Z</time>
      </trkpt>
      <trkpt lat="50.534649" lon="8.368351">
        <ele>183.058254</ele>
        <time>2026-08-09T09:38:41.163Z</time>
      </trkpt>
      <trkpt lat="50.535078" lon="8.368246">
        <ele>181.773395</ele>
        <time>2026-08-09T09:38:49.293Z</time>
      </trkpt>
      <trkpt lat="50.535417" lon="8.367846">
        <ele>180.519361</ele>
        <time>2026-08-09T09:38:54.777Z</time>
      </trkpt>
      <trkpt lat="50.535571" lon="8.367558">
        <ele>179.811422</ele>
        <time>2026-08-09T09:38:57.567Z</time>
      </trkpt>
      <trkpt lat="50.535597" lon="8.367188">
        <ele>179.111212</ele>
        <time>2026-08-09T09:39:00.191Z</time>
      </trkpt>
      <trkpt lat="50.535580" lon="8.366386">
        <ele>177.355341</ele>
        <time>2026-08-09T09:39:05.612Z</time>
      </trkpt>
      <trkpt lat="50.535593" lon="8.366219">
        <ele>176.853125</ele>
        <time>2026-08-09T09:39:06.725Z</time>
      </trkpt>
      <trkpt lat="50.535798" lon="8.365483">
        <ele>174.454498</ele>
        <time>2026-08-09T09:39:11.931Z</time>
      </trkpt>
      <trkpt lat="50.536198" lon="8.364614">
        <ele>171.251796</ele>
        <time>2026-08-09T09:39:19.491Z</time>
      </trkpt>
      <trkpt lat="50.536444" lon="8.364396">
        <ele>169.925848</ele>
        <time>2026-08-09T09:39:23.358Z</time>
      </trkpt>
      <trkpt lat="50.536800" lon="8.364304">
        <ele>170.265249</ele>
        <time>2026-08-09T09:39:30.466Z</time>
      </trkpt>
      <trkpt lat="50.537037" lon="8.364156">
        <ele>170.880840</ele>
        <time>2026-08-09T09:39:37.049Z</time>
      </trkpt>
      <trkpt lat="50.537243" lon="8.364073">
        <ele>171.394218</ele>
        <time>2026-08-09T09:39:43.314Z</time>
      </trkpt>
      <trkpt lat="50.537333" lon="8.364068">
        <ele>171.611633</ele>
        <time>2026-08-09T09:39:46.164Z</time>
      </trkpt>
      <trkpt lat="50.537380" lon="8.364106">
        <ele>171.739206</ele>
        <time>2026-08-09T09:39:47.860Z</time>
      </trkpt>
      <trkpt lat="50.537423" lon="8.364193">
        <ele>171.908314</ele>
        <time>2026-08-09T09:39:50.144Z</time>
      </trkpt>
      <trkpt lat="50.537435" lon="8.364216">
        <ele>171.953974</ele>
        <time>2026-08-09T09:39:50.745Z</time>
      </trkpt>
      <trkpt lat="50.537607" lon="8.364320">
        <ele>172.398828</ele>
        <time>2026-08-09T09:39:56.672Z</time>
      </trkpt>
      <trkpt lat="50.537887" lon="8.364669">
        <ele>173.261220</ele>
        <time>2026-08-09T09:40:07.267Z</time>
      </trkpt>
      <trkpt lat="50.538191" lon="8.365428">
        <ele>173.278990</ele>
        <time>2026-08-09T09:40:21.139Z</time>
      </trkpt>
      <trkpt lat="50.538432" lon="8.366200">
        <ele>172.110562</ele>
        <time>2026-08-09T09:40:30.068Z</time>
      </trkpt>
      <trkpt lat="50.538477" lon="8.366530">
        <ele>171.652062</ele>
        <time>2026-08-09T09:40:32.968Z</time>
      </trkpt>
      <trkpt lat="50.538493" lon="8.366879">
        <ele>171.176722</ele>
        <time>2026-08-09T09:40:35.578Z</time>
      </trkpt>
      <trkpt lat="50.538475" lon="8.367073">
        <ele>170.910384</ele>
        <time>2026-08-09T09:40:36.941Z</time>
      </trkpt>
      <trkpt lat="50.538181" lon="8.368125">
        <ele>167.278991</ele>
        <time>2026-08-09T09:40:44.570Z</time>
      </trkpt>
      <trkpt lat="50.538534" lon="8.368496">
        <ele>163.774841</ele>
        <time>2026-08-09T09:40:48.902Z</time>
      </trkpt>
      <trkpt lat="50.538746" lon="8.368536">
        <ele>162.012327</ele>
        <time>2026-08-09T09:40:51.063Z</time>
      </trkpt>
      <trkpt lat="50.538815" lon="8.368485">
        <ele>161.383045</ele>
        <time>2026-08-09T09:40:51.824Z</time>
      </trkpt>
      <trkpt lat="50.538901" lon="8.368342">
        <ele>160.350198</ele>
        <time>2026-08-09T09:40:53.082Z</time>
      </trkpt>
      <trkpt lat="50.539384" lon="8.366753">
        <ele>152.599731</ele>
        <time>2026-08-09T09:41:04.444Z</time>
      </trkpt>
      <trkpt lat="50.539578" lon="8.366407">
        <ele>151.055496</ele>
        <time>2026-08-09T09:41:07.571Z</time>
      </trkpt>
      <trkpt lat="50.539614" lon="8.366425">
        <ele>150.856577</ele>
        <time>2026-08-09T09:41:07.981Z</time>
      </trkpt>
      <trkpt lat="50.539708" lon="8.366039">
        <ele>149.473119</ele>
        <time>2026-08-09T09:41:10.405Z</time>
      </trkpt>
      <trkpt lat="50.539779" lon="8.365720">
        <ele>148.341913</ele>
        <time>2026-08-09T09:41:12.444Z</time>
      </trkpt>
      <trkpt lat="50.539911" lon="8.365318">
        <ele>146.827541</ele>
        <time>2026-08-09T09:41:15.371Z</time>
      </trkpt>
      <trkpt lat="50.539963" lon="8.365197">
        <ele>146.338686</ele>
        <time>2026-08-09T09:41:16.394Z</time>
      </trkpt>
      <trkpt lat="50.540175" lon="8.364876">
        <ele>145.943374</ele>
        <time>2026-08-09T09:41:19.995Z</time>
      </trkpt>
      <trkpt lat="50.540242" lon="8.364772">
        <ele>146.040832</ele>
        <time>2026-08-09T09:41:21.271Z</time>
      </trkpt>
      <trkpt lat="50.540299" lon="8.364683">
        <ele>146.123986</ele>
        <time>2026-08-09T09:41:22.636Z</time>
      </trkpt>
      <trkpt lat="50.540322" lon="8.364772">
        <ele>146.187215</ele>
        <time>2026-08-09T09:41:23.449Z</time>
      </trkpt>
      <trkpt lat="50.540633" lon="8.364256">
        <ele>146.655222</ele>
        <time>2026-08-09T09:41:35.327Z</time>
      </trkpt>
      <trkpt lat="50.541351" lon="8.362500">
        <ele>147.747321</ele>
        <time>2026-08-09T09:42:14.488Z</time>
      </trkpt>
      <trkpt lat="50.542989" lon="8.358314">
        <ele>147.756156</ele>
        <time>2026-08-09T09:43:18.156Z</time>
      </trkpt>
      <trkpt lat="50.543089" lon="8.358049">
        <ele>147.745772</ele>
        <time>2026-08-09T09:43:22.328Z</time>
      </trkpt>
      <trkpt lat="50.543459" lon="8.357070">
        <ele>147.799585</ele>
        <time>2026-08-09T09:43:38.840Z</time>
      </trkpt>
      <trkpt lat="50.543705" lon="8.356316">
        <ele>147.839627</ele>
        <time>2026-08-09T09:43:51.801Z</time>
      </trkpt>
      <trkpt lat="50.544024" lon="8.355447">
        <ele>147.290306</ele>
        <time>2026-08-09T09:44:04.617Z</time>
      </trkpt>
      <trkpt lat="50.544160" lon="8.355166">
        <ele>146.706830</ele>
        <time>2026-08-09T09:44:08.685Z</time>
      </trkpt>
      <trkpt lat="50.544258" lon="8.355108">
        <ele>146.434665</ele>
        <time>2026-08-09T09:44:10.499Z</time>
      </trkpt>
      <trkpt lat="50.544289" lon="8.354995">
        <ele>146.231351</ele>
        <time>2026-08-09T09:44:11.857Z</time>
      </trkpt>
      <trkpt lat="50.544303" lon="8.355002">
        <ele>146.193166</ele>
        <time>2026-08-09T09:44:12.008Z</time>
      </trkpt>
      <trkpt lat="50.545268" lon="8.355608">
        <ele>143.492356</ele>
        <time>2026-08-09T09:44:22.305Z</time>
      </trkpt>
      <trkpt lat="50.545579" lon="8.355803">
        <ele>142.817448</ele>
        <time>2026-08-09T09:44:25.603Z</time>
      </trkpt>
      <trkpt lat="50.545965" lon="8.356104">
        <ele>142.079434</ele>
        <time>2026-08-09T09:44:30.048Z</time>
      </trkpt>
      <trkpt lat="50.546237" lon="8.355337">
        <ele>141.123225</ele>
        <time>2026-08-09T09:44:36.394Z</time>
      </trkpt>
      <trkpt lat="50.546393" lon="8.355057">
        <ele>140.717840</ele>
        <time>2026-08-09T09:44:39.447Z</time>
      </trkpt>
      <trkpt lat="50.546512" lon="8.354942">
        <ele>140.478603</ele>
        <time>2026-08-09T09:44:41.270Z</time>
      </trkpt>
      <trkpt lat="50.547051" lon="8.354554">
        <ele>140.240397</ele>
        <time>2026-08-09T09:44:48.899Z</time>
      </trkpt>
      <trkpt lat="50.547179" lon="8.354538">
        <ele>140.283261</ele>
        <time>2026-08-09T09:44:50.616Z</time>
      </trkpt>
      <trkpt lat="50.547709" lon="8.354609">
        <ele>140.460829</ele>
        <time>2026-08-09T09:44:58.235Z</time>
      </trkpt>
      <trkpt lat="50.548018" lon="8.354698">
        <ele>140.565694</ele>
        <time>2026-08-09T09:45:03.020Z</time>
      </trkpt>
      <trkpt lat="50.548476" lon="8.354989">
        <ele>140.792708</ele>
        <time>2026-08-09T09:45:11.476Z</time>
      </trkpt>
      <trkpt lat="50.548701" lon="8.355172">
        <ele>141.195725</ele>
        <time>2026-08-09T09:45:16.289Z</time>
      </trkpt>
      <trkpt lat="50.548867" lon="8.355281">
        <ele>141.481942</ele>
        <time>2026-08-09T09:45:19.782Z</time>
      </trkpt>
      <trkpt lat="50.548933" lon="8.355254">
        <ele>141.590454</ele>
        <time>2026-08-09T09:45:21.109Z</time>
      </trkpt>
      <trkpt lat="50.549251" lon="8.355754">
        <ele>142.305741</ele>
        <time>2026-08-09T09:45:30.482Z</time>
      </trkpt>
      <trkpt lat="50.549401" lon="8.356100">
        <ele>142.729250</ele>
        <time>2026-08-09T09:45:36.078Z</time>
      </trkpt>
      <trkpt lat="50.549505" lon="8.356482">
        <ele>143.149449</ele>
        <time>2026-08-09T09:45:41.490Z</time>
      </trkpt>
      <trkpt lat="50.549589" lon="8.356907">
        <ele>143.621056</ele>
        <time>2026-08-09T09:45:47.209Z</time>
      </trkpt>
      <trkpt lat="50.549898" lon="8.356703">
        <ele>144.648017</ele>
        <time>2026-08-09T09:45:54.081Z</time>
      </trkpt>
      <trkpt lat="50.549950" lon="8.356674">
        <ele>144.817095</ele>
        <time>2026-08-09T09:45:55.170Z</time>
      </trkpt>
      <trkpt lat="50.550545" lon="8.356435">
        <ele>146.699086</ele>
        <time>2026-08-09T09:46:08.002Z</time>
      </trkpt>
      <trkpt lat="50.550582" lon="8.356724">
        <ele>147.273178</ele>
        <time>2026-08-09T09:46:13.713Z</time>
      </trkpt>
      <trkpt lat="50.551099" lon="8.356571">
        <ele>148.885429</ele>
        <time>2026-08-09T09:46:28.633Z</time>
      </trkpt>
      <trkpt lat="50.551239" lon="8.356692">
        <ele>149.878378</ele>
        <time>2026-08-09T09:46:33.772Z</time>
      </trkpt>
      <trkpt lat="50.551361" lon="8.357016">
        <ele>151.901154</ele>
        <time>2026-08-09T09:46:42.792Z</time>
      </trkpt>
      <trkpt lat="50.551515" lon="8.357115">
        <ele>153.307303</ele>
        <time>2026-08-09T09:46:49.676Z</time>
      </trkpt>
      <trkpt lat="50.551786" lon="8.357249">
        <ele>155.708427</ele>
        <time>2026-08-09T09:47:02.098Z</time>
      </trkpt>
      <trkpt lat="50.552002" lon="8.357268">
        <ele>157.537098</ele>
        <time>2026-08-09T09:47:12.333Z</time>
      </trkpt>
      <trkpt lat="50.552096" lon="8.357269">
        <ele>158.331687</ele>
        <time>2026-08-09T09:47:16.987Z</time>
      </trkpt>
      <trkpt lat="50.552336" lon="8.357233">
        <ele>160.369570</ele>
        <time>2026-08-09T09:47:29.203Z</time>
      </trkpt>
      <trkpt lat="50.552599" lon="8.357155">
        <ele>162.631803</ele>
        <time>2026-08-09T09:47:42.659Z</time>
      </trkpt>
      <trkpt lat="50.554091" lon="8.356628">
        <ele>176.982950</ele>
        <time>2026-08-09T09:48:59.890Z</time>
      </trkpt>
      <trkpt lat="50.554296" lon="8.356486">
        <ele>179.115799</ele>
        <time>2026-08-09T09:49:10.018Z</time>
      </trkpt>
      <trkpt lat="50.554557" lon="8.356208">
        <ele>181.975583</ele>
        <time>2026-08-09T09:49:23.504Z</time>
      </trkpt>
      <trkpt lat="50.554878" lon="8.355730">
        <ele>185.330146</ele>
        <time>2026-08-09T09:49:41.340Z</time>
      </trkpt>
      <trkpt lat="50.555235" lon="8.355451">
        <ele>188.355933</ele>
        <time>2026-08-09T09:49:56.679Z</time>
      </trkpt>
      <trkpt lat="50.555804" lon="8.355102">
        <ele>192.991774</ele>
        <time>2026-08-09T09:50:20.624Z</time>
      </trkpt>
      <trkpt lat="50.556192" lon="8.354926">
        <ele>196.263342</ele>
        <time>2026-08-09T09:50:37.689Z</time>
      </trkpt>
      <trkpt lat="50.556956" lon="8.354638">
        <ele>203.478861</ele>
        <time>2026-08-09T09:51:14.544Z</time>
      </trkpt>
      <trkpt lat="50.557433" lon="8.354497">
        <ele>207.936535</ele>
        <time>2026-08-09T09:51:38.974Z</time>
      </trkpt>
      <trkpt lat="50.557535" lon="8.354460">
        <ele>208.897927</ele>
        <time>2026-08-09T09:51:44.339Z</time>
      </trkpt>
      <trkpt lat="50.557690" lon="8.354323">
        <ele>210.530638</ele>
        <time>2026-08-09T09:51:53.418Z</time>
      </trkpt>
      <trkpt lat="50.558600" lon="8.353173">
        <ele>219.964919</ele>
        <time>2026-08-09T09:52:45.517Z</time>
      </trkpt>
      <trkpt lat="50.558649" lon="8.352897">
        <ele>221.414657</ele>
        <time>2026-08-09T09:52:52.051Z</time>
      </trkpt>
      <trkpt lat="50.558682" lon="8.352299">
        <ele>224.451236</ele>
        <time>2026-08-09T09:53:06.246Z</time>
      </trkpt>
      <trkpt lat="50.558720" lon="8.352078">
        <ele>225.609465</ele>
        <time>2026-08-09T09:53:11.883Z</time>
      </trkpt>
      <trkpt lat="50.558768" lon="8.351862">
        <ele>226.904902</ele>
        <time>2026-08-09T09:53:17.520Z</time>
      </trkpt>
      <trkpt lat="50.558845" lon="8.351678">
        <ele>228.200228</ele>
        <time>2026-08-09T09:53:23.002Z</time>
      </trkpt>
      <trkpt lat="50.558939" lon="8.351531">
        <ele>229.426414</ele>
        <time>2026-08-09T09:53:28.203Z</time>
      </trkpt>
      <trkpt lat="50.559031" lon="8.351410">
        <ele>230.535850</ele>
        <time>2026-08-09T09:53:32.975Z</time>
      </trkpt>
      <trkpt lat="50.559128" lon="8.351355">
        <ele>231.489949</ele>
        <time>2026-08-09T09:53:37.316Z</time>
      </trkpt>
      <trkpt lat="50.559410" lon="8.351340">
        <ele>234.101070</ele>
        <time>2026-08-09T09:53:50.589Z</time>
      </trkpt>
      <trkpt lat="50.560085" lon="8.351712">
        <ele>240.719292</ele>
        <time>2026-08-09T09:54:28.736Z</time>
      </trkpt>
      <trkpt lat="50.560376" lon="8.351895">
        <ele>243.464871</ele>
        <time>2026-08-09T09:54:46.403Z</time>
      </trkpt>
      <trkpt lat="50.560494" lon="8.351904">
        <ele>244.398619</ele>
        <time>2026-08-09T09:54:53.042Z</time>
      </trkpt>
      <trkpt lat="50.561683" lon="8.351582">
        <ele>253.934353</ele>
        <time>2026-08-09T09:55:50.283Z</time>
      </trkpt>
      <trkpt lat="50.562036" lon="8.351486">
        <ele>256.765740</ele>
        <time>2026-08-09T09:56:01.793Z</time>
      </trkpt>
      <trkpt lat="50.562739" lon="8.351335">
        <ele>257.934043</ele>
        <time>2026-08-09T09:56:18.167Z</time>
      </trkpt>
      <trkpt lat="50.563050" lon="8.351206">
        <ele>258.459241</ele>
        <time>2026-08-09T09:56:23.763Z</time>
      </trkpt>
      <trkpt lat="50.563274" lon="8.351055">
        <ele>258.857159</ele>
        <time>2026-08-09T09:56:27.559Z</time>
      </trkpt>
      <trkpt lat="50.563763" lon="8.350648">
        <ele>259.772119</ele>
        <time>2026-08-09T09:56:37.020Z</time>
      </trkpt>
      <trkpt lat="50.563974" lon="8.350527">
        <ele>260.233368</ele>
        <time>2026-08-09T09:56:41.531Z</time>
      </trkpt>
      <trkpt lat="50.564365" lon="8.350396">
        <ele>261.054462</ele>
        <time>2026-08-09T09:56:51.426Z</time>
      </trkpt>
      <trkpt lat="50.564622" lon="8.350248">
        <ele>261.616545</ele>
        <time>2026-08-09T09:56:59.007Z</time>
      </trkpt>
      <trkpt lat="50.565142" lon="8.349732">
        <ele>262.879086</ele>
        <time>2026-08-09T09:57:15.530Z</time>
      </trkpt>
      <trkpt lat="50.565403" lon="8.349548">
        <ele>263.394658</ele>
        <time>2026-08-09T09:57:22.567Z</time>
      </trkpt>
      <trkpt lat="50.566710" lon="8.349745">
        <ele>262.692363</ele>
        <time>2026-08-09T09:57:43.020Z</time>
      </trkpt>
      <trkpt lat="50.567044" lon="8.349954">
        <ele>262.500116</ele>
        <time>2026-08-09T09:57:47.516Z</time>
      </trkpt>
      <trkpt lat="50.567805" lon="8.350569">
        <ele>260.330413</ele>
        <time>2026-08-09T09:57:57.787Z</time>
      </trkpt>
      <trkpt lat="50.568710" lon="8.351577">
        <ele>257.196312</ele>
        <time>2026-08-09T09:58:11.382Z</time>
      </trkpt>
      <trkpt lat="50.569296" lon="8.352042">
        <ele>255.032471</ele>
        <time>2026-08-09T09:58:19.455Z</time>
      </trkpt>
      <trkpt lat="50.570500" lon="8.348850">
        <ele>248.957682</ele>
        <time>2026-08-09T09:58:47.030Z</time>
      </trkpt>
      <trkpt lat="50.570891" lon="8.347892">
        <ele>248.994058</ele>
        <time>2026-08-09T09:59:00.225Z</time>
      </trkpt>
      <trkpt lat="50.571950" lon="8.346638">
        <ele>255.745470</ele>
        <time>2026-08-09T09:59:49.838Z</time>
      </trkpt>
      <trkpt lat="50.572594" lon="8.345544">
        <ele>262.372107</ele>
        <time>2026-08-09T10:00:28.889Z</time>
      </trkpt>
      <trkpt lat="50.572749" lon="8.345358">
        <ele>263.880313</ele>
        <time>2026-08-09T10:00:36.747Z</time>
      </trkpt>
      <trkpt lat="50.572847" lon="8.345192">
        <ele>264.994269</ele>
        <time>2026-08-09T10:00:42.842Z</time>
      </trkpt>
      <trkpt lat="50.572972" lon="8.344778">
        <ele>267.247340</ele>
        <time>2026-08-09T10:00:55.735Z</time>
      </trkpt>
      <trkpt lat="50.573000" lon="8.344545">
        <ele>268.412861</ele>
        <time>2026-08-09T10:01:02.696Z</time>
      </trkpt>
      <trkpt lat="50.573101" lon="8.344328">
        <ele>269.735175</ele>
        <time>2026-08-09T10:01:10.834Z</time>
      </trkpt>
      <trkpt lat="50.573153" lon="8.344309">
        <ele>270.148298</ele>
        <time>2026-08-09T10:01:13.348Z</time>
      </trkpt>
      <trkpt lat="50.573475" lon="8.343979">
        <ele>273.739171</ele>
        <time>2026-08-09T10:01:32.796Z</time>
      </trkpt>
      <trkpt lat="50.573795" lon="8.343798">
        <ele>277.145277</ele>
        <time>2026-08-09T10:01:50.784Z</time>
      </trkpt>
      <trkpt lat="50.574439" lon="8.343704">
        <ele>283.624120</ele>
        <time>2026-08-09T10:02:27.459Z</time>
      </trkpt>
      <trkpt lat="50.574986" lon="8.343494">
        <ele>289.199310</ele>
        <time>2026-08-09T10:02:57.150Z</time>
      </trkpt>
      <trkpt lat="50.575617" lon="8.343120">
        <ele>293.986059</ele>
        <time>2026-08-09T10:03:26.767Z</time>
      </trkpt>
      <trkpt lat="50.575784" lon="8.343139">
        <ele>295.174795</ele>
        <time>2026-08-09T10:03:33.836Z</time>
      </trkpt>
      <trkpt lat="50.575941" lon="8.343292">
        <ele>296.485637</ele>
        <time>2026-08-09T10:03:41.422Z</time>
      </trkpt>
      <trkpt lat="50.576142" lon="8.343566">
        <ele>298.373118</ele>
        <time>2026-08-09T10:03:51.700Z</time>
      </trkpt>
      <trkpt lat="50.576331" lon="8.343931">
        <ele>300.496494</ele>
        <time>2026-08-09T10:04:02.719Z</time>
      </trkpt>
      <trkpt lat="50.576496" lon="8.344054">
        <ele>301.792575</ele>
        <time>2026-08-09T10:04:09.230Z</time>
      </trkpt>
      <trkpt lat="50.576876" lon="8.344314">
        <ele>304.244276</ele>
        <time>2026-08-09T10:04:23.177Z</time>
      </trkpt>
      <trkpt lat="50.577085" lon="8.344493">
        <ele>305.650291</ele>
        <time>2026-08-09T10:04:31.358Z</time>
      </trkpt>
      <trkpt lat="50.577853" lon="8.345426">
        <ele>311.382688</ele>
        <time>2026-08-09T10:05:06.837Z</time>
      </trkpt>
      <trkpt lat="50.578042" lon="8.345514">
        <ele>312.567902</ele>
        <time>2026-08-09T10:05:14.789Z</time>
      </trkpt>
      <trkpt lat="50.578102" lon="8.345512">
        <ele>312.990732</ele>
        <time>2026-08-09T10:05:17.221Z</time>
      </trkpt>
      <trkpt lat="50.578181" lon="8.343507">
        <ele>321.978619</ele>
        <time>2026-08-09T10:06:15.190Z</time>
      </trkpt>
      <trkpt lat="50.577960" lon="8.342809">
        <ele>325.360613</ele>
        <time>2026-08-09T10:06:33.863Z</time>
      </trkpt>
      <trkpt lat="50.577847" lon="8.342557">
        <ele>326.322164</ele>
        <time>2026-08-09T10:06:39.912Z</time>
      </trkpt>
      <trkpt lat="50.577046" lon="8.341423">
        <ele>331.609012</ele>
        <time>2026-08-09T10:07:10.661Z</time>
      </trkpt>
      <trkpt lat="50.576968" lon="8.341293">
        <ele>332.166476</ele>
        <time>2026-08-09T10:07:14.455Z</time>
      </trkpt>
      <trkpt lat="50.576891" lon="8.341035">
        <ele>333.055042</ele>
        <time>2026-08-09T10:07:20.858Z</time>
      </trkpt>
      <trkpt lat="50.576923" lon="8.340706">
        <ele>334.200397</ele>
        <time>2026-08-09T10:07:29.027Z</time>
      </trkpt>
      <trkpt lat="50.577493" lon="8.340092">
        <ele>340.017580</ele>
        <time>2026-08-09T10:08:01.304Z</time>
      </trkpt>
      <trkpt lat="50.578959" lon="8.338631">
        <ele>354.961776</ele>
        <time>2026-08-09T10:09:25.837Z</time>
      </trkpt>
      <trkpt lat="50.579544" lon="8.337815">
        <ele>361.937247</ele>
        <time>2026-08-09T10:10:00.895Z</time>
      </trkpt>
      <trkpt lat="50.580355" lon="8.336596">
        <ele>373.145904</ele>
        <time>2026-08-09T10:10:59.998Z</time>
      </trkpt>
      <trkpt lat="50.580906" lon="8.335848">
        <ele>380.787101</ele>
        <time>2026-08-09T10:11:43.011Z</time>
      </trkpt>
      <trkpt lat="50.581605" lon="8.335130">
        <ele>387.555060</ele>
        <time>2026-08-09T10:12:25.700Z</time>
      </trkpt>
      <trkpt lat="50.582663" lon="8.334233">
        <ele>395.602454</ele>
        <time>2026-08-09T10:13:10.390Z</time>
      </trkpt>
      <trkpt lat="50.582803" lon="8.334033">
        <ele>396.089015</ele>
        <time>2026-08-09T10:13:16.093Z</time>
      </trkpt>
      <trkpt lat="50.582913" lon="8.333816">
        <ele>396.093747</ele>
        <time>2026-08-09T10:13:20.626Z</time>
      </trkpt>
      <trkpt lat="50.583292" lon="8.332764">
        <ele>396.114357</ele>
        <time>2026-08-09T10:13:33.529Z</time>
      </trkpt>
      <trkpt lat="50.583344" lon="8.332583">
        <ele>396.117742</ele>
        <time>2026-08-09T10:13:35.245Z</time>
      </trkpt>
      <trkpt lat="50.583342" lon="8.332352">
        <ele>396.121679</ele>
        <time>2026-08-09T10:13:37.192Z</time>
      </trkpt>
      <trkpt lat="50.583443" lon="8.332114">
        <ele>396.126557</ele>
        <time>2026-08-09T10:13:39.531Z</time>
      </trkpt>
      <trkpt lat="50.583543" lon="8.331990">
        <ele>396.129973</ele>
        <time>2026-08-09T10:13:41.110Z</time>
      </trkpt>
      <trkpt lat="50.583747" lon="8.331984">
        <ele>395.925983</ele>
        <time>2026-08-09T10:13:43.582Z</time>
      </trkpt>
      <trkpt lat="50.583783" lon="8.331981">
        <ele>395.770978</ele>
        <time>2026-08-09T10:13:44.011Z</time>
      </trkpt>
      <trkpt lat="50.583821" lon="8.331921">
        <ele>395.539618</ele>
        <time>2026-08-09T10:13:44.610Z</time>
      </trkpt>
      <trkpt lat="50.583943" lon="8.331852">
        <ele>394.982259</ele>
        <time>2026-08-09T10:13:46.056Z</time>
      </trkpt>
      <trkpt lat="50.584087" lon="8.331805">
        <ele>394.349950</ele>
        <time>2026-08-09T10:13:47.661Z</time>
      </trkpt>
      <trkpt lat="50.584179" lon="8.331813">
        <ele>393.953777</ele>
        <time>2026-08-09T10:13:48.661Z</time>
      </trkpt>
      <trkpt lat="50.584472" lon="8.332035">
        <ele>392.555768</ele>
        <time>2026-08-09T10:13:52.210Z</time>
      </trkpt>
      <trkpt lat="50.584984" lon="8.332579">
        <ele>389.900221</ele>
        <time>2026-08-09T10:13:58.960Z</time>
      </trkpt>
      <trkpt lat="50.585181" lon="8.332634">
        <ele>389.039979</ele>
        <time>2026-08-09T10:14:01.082Z</time>
      </trkpt>
      <trkpt lat="50.585285" lon="8.332617">
        <ele>388.590411</ele>
        <time>2026-08-09T10:14:02.177Z</time>
      </trkpt>
      <trkpt lat="50.586311" lon="8.331771">
        <ele>382.894333</ele>
        <time>2026-08-09T10:14:14.305Z</time>
      </trkpt>
      <trkpt lat="50.587455" lon="8.331119">
        <ele>376.339918</ele>
        <time>2026-08-09T10:14:27.763Z</time>
      </trkpt>
      <trkpt lat="50.587624" lon="8.331058">
        <ele>375.306612</ele>
        <time>2026-08-09T10:14:29.633Z</time>
      </trkpt>
      <trkpt lat="50.588218" lon="8.331098">
        <ele>371.763290</ele>
        <time>2026-08-09T10:14:35.751Z</time>
      </trkpt>
      <trkpt lat="50.588688" lon="8.331192">
        <ele>368.939720</ele>
        <time>2026-08-09T10:14:40.457Z</time>
      </trkpt>
      <trkpt lat="50.589028" lon="8.331395">
        <ele>366.390996</ele>
        <time>2026-08-09T10:14:44.017Z</time>
      </trkpt>
      <trkpt lat="50.589453" lon="8.331782">
        <ele>362.911813</ele>
        <time>2026-08-09T10:14:48.859Z</time>
      </trkpt>
      <trkpt lat="50.589715" lon="8.331938">
        <ele>360.926722</ele>
        <time>2026-08-09T10:14:51.783Z</time>
      </trkpt>
      <trkpt lat="50.589938" lon="8.332024">
        <ele>359.299592</ele>
        <time>2026-08-09T10:14:54.217Z</time>
      </trkpt>
      <trkpt lat="50.590035" lon="8.331994">
        <ele>358.599005</ele>
        <time>2026-08-09T10:14:55.278Z</time>
      </trkpt>
      <trkpt lat="50.590237" lon="8.331798">
        <ele>356.917561</ele>
        <time>2026-08-09T10:14:57.855Z</time>
      </trkpt>
      <trkpt lat="50.590551" lon="8.331781">
        <ele>355.036433</ele>
        <time>2026-08-09T10:15:01.281Z</time>
      </trkpt>
      <trkpt lat="50.590944" lon="8.331811">
        <ele>352.960537</ele>
        <time>2026-08-09T10:15:05.616Z</time>
      </trkpt>
      <trkpt lat="50.591152" lon="8.331744">
        <ele>351.840421</ele>
        <time>2026-08-09T10:15:07.948Z</time>
      </trkpt>
      <trkpt lat="50.591495" lon="8.331522">
        <ele>349.883948</ele>
        <time>2026-08-09T10:15:12.025Z</time>
      </trkpt>
      <trkpt lat="50.592589" lon="8.330541">
        <ele>345.862741</ele>
        <time>2026-08-09T10:15:26.000Z</time>
      </trkpt>
      <trkpt lat="50.593477" lon="8.329960">
        <ele>344.804482</ele>
        <time>2026-08-09T10:15:41.815Z</time>
      </trkpt>
      <trkpt lat="50.593658" lon="8.329855">
        <ele>344.592200</ele>
        <time>2026-08-09T10:15:46.917Z</time>
      </trkpt>
      <trkpt lat="50.593907" lon="8.329554">
        <ele>345.593716</ele>
        <time>2026-08-09T10:15:55.679Z</time>
      </trkpt>
      <trkpt lat="50.594114" lon="8.329198">
        <ele>346.645167</ele>
        <time>2026-08-09T10:16:04.939Z</time>
      </trkpt>
      <trkpt lat="50.594147" lon="8.328985">
        <ele>347.122688</ele>
        <time>2026-08-09T10:16:09.317Z</time>
      </trkpt>
      <trkpt lat="50.594131" lon="8.328758">
        <ele>347.620122</ele>
        <time>2026-08-09T10:16:14.034Z</time>
      </trkpt>
      <trkpt lat="50.593981" lon="8.328226">
        <ele>348.887944</ele>
        <time>2026-08-09T10:16:25.267Z</time>
      </trkpt>
      <trkpt lat="50.593950" lon="8.327978">
        <ele>349.438451</ele>
        <time>2026-08-09T10:16:29.712Z</time>
      </trkpt>
      <trkpt lat="50.593948" lon="8.327735">
        <ele>349.967741</ele>
        <time>2026-08-09T10:16:33.915Z</time>
      </trkpt>
      <trkpt lat="50.593996" lon="8.327233">
        <ele>351.037119</ele>
        <time>2026-08-09T10:16:42.752Z</time>
      </trkpt>
      <trkpt lat="50.594085" lon="8.326824">
        <ele>351.874773</ele>
        <time>2026-08-09T10:16:50.309Z</time>
      </trkpt>
      <trkpt lat="50.594205" lon="8.326417">
        <ele>352.744188</ele>
        <time>2026-08-09T10:16:58.193Z</time>
      </trkpt>
      <trkpt lat="50.594342" lon="8.326134">
        <ele>353.433701</ele>
        <time>2026-08-09T10:17:04.392Z</time>
      </trkpt>
      <trkpt lat="50.594613" lon="8.325773">
        <ele>354.516842</ele>
        <time>2026-08-09T10:17:14.045Z</time>
      </trkpt>
      <trkpt lat="50.595571" lon="8.325178">
        <ele>357.226874</ele>
        <time>2026-08-09T10:17:40.682Z</time>
      </trkpt>
      <trkpt lat="50.595708" lon="8.325112">
        <ele>357.531368</ele>
        <time>2026-08-09T10:17:44.075Z</time>
      </trkpt>
      <trkpt lat="50.596376" lon="8.324933">
        <ele>358.971544</ele>
        <time>2026-08-09T10:17:59.638Z</time>
      </trkpt>
      <trkpt lat="50.596480" lon="8.324868">
        <ele>359.209348</ele>
        <time>2026-08-09T10:18:02.142Z</time>
      </trkpt>
      <trkpt lat="50.596658" lon="8.324653">
        <ele>359.686078</ele>
        <time>2026-08-09T10:18:07.085Z</time>
      </trkpt>
      <trkpt lat="50.597403" lon="8.323244">
        <ele>361.584101</ele>
        <time>2026-08-09T10:18:32.289Z</time>
      </trkpt>
      <trkpt lat="50.598333" lon="8.321444">
        <ele>363.032386</ele>
        <time>2026-08-09T10:19:03.405Z</time>
      </trkpt>
      <trkpt lat="50.598739" lon="8.320288">
        <ele>363.284379</ele>
        <time>2026-08-09T10:19:16.901Z</time>
      </trkpt>
      <trkpt lat="50.598961" lon="8.318955">
        <ele>363.527092</ele>
        <time>2026-08-09T10:19:28.794Z</time>
      </trkpt>
      <trkpt lat="50.599001" lon="8.317953">
        <ele>363.696408</ele>
        <time>2026-08-09T10:19:38.450Z</time>
      </trkpt>
      <trkpt lat="50.599089" lon="8.317502">
        <ele>363.775980</ele>
        <time>2026-08-09T10:19:44.369Z</time>
      </trkpt>
      <trkpt lat="50.599555" lon="8.316083">
        <ele>366.278763</ele>
        <time>2026-08-09T10:20:10.929Z</time>
      </trkpt>
      <trkpt lat="50.599676" lon="8.315830">
        <ele>366.946490</ele>
        <time>2026-08-09T10:20:17.112Z</time>
      </trkpt>
      <trkpt lat="50.599941" lon="8.315217">
        <ele>368.509823</ele>
        <time>2026-08-09T10:20:31.651Z</time>
      </trkpt>
      <trkpt lat="50.600133" lon="8.314837">
        <ele>369.533595</ele>
        <time>2026-08-09T10:20:41.185Z</time>
      </trkpt>
      <trkpt lat="50.600332" lon="8.314550">
        <ele>369.877420</ele>
        <time>2026-08-09T10:20:49.217Z</time>
      </trkpt>
      <trkpt lat="50.600835" lon="8.313500">
        <ele>370.121092</ele>
        <time>2026-08-09T10:21:09.149Z</time>
      </trkpt>
      <trkpt lat="50.600999" lon="8.313230">
        <ele>370.190316</ele>
        <time>2026-08-09T10:21:13.012Z</time>
      </trkpt>
      <trkpt lat="50.601359" lon="8.312862">
        <ele>370.315552</ele>
        <time>2026-08-09T10:21:18.521Z</time>
      </trkpt>
      <trkpt lat="50.601518" lon="8.312433">
        <ele>368.619404</ele>
        <time>2026-08-09T10:21:22.056Z</time>
      </trkpt>
      <trkpt lat="50.601574" lon="8.312093">
        <ele>366.693623</ele>
        <time>2026-08-09T10:21:24.416Z</time>
      </trkpt>
      <trkpt lat="50.601558" lon="8.311776">
        <ele>364.950192</ele>
        <time>2026-08-09T10:21:26.492Z</time>
      </trkpt>
      <trkpt lat="50.601589" lon="8.311516">
        <ele>363.499816</ele>
        <time>2026-08-09T10:21:28.189Z</time>
      </trkpt>
      <trkpt lat="50.601646" lon="8.311304">
        <ele>362.237551</ele>
        <time>2026-08-09T10:21:29.654Z</time>
      </trkpt>
      <trkpt lat="50.601826" lon="8.310821">
        <ele>359.166811</ele>
        <time>2026-08-09T10:21:33.187Z</time>
      </trkpt>
      <trkpt lat="50.601911" lon="8.310676">
        <ele>358.084676</ele>
        <time>2026-08-09T10:21:34.425Z</time>
      </trkpt>
      <trkpt lat="50.602330" lon="8.310159">
        <ele>353.060877</ele>
        <time>2026-08-09T10:21:39.629Z</time>
      </trkpt>
      <trkpt lat="50.602502" lon="8.309631">
        <ele>348.759359</ele>
        <time>2026-08-09T10:21:43.288Z</time>
      </trkpt>
      <trkpt lat="50.602523" lon="8.309300">
        <ele>346.348347</ele>
        <time>2026-08-09T10:21:45.323Z</time>
      </trkpt>
      <trkpt lat="50.602480" lon="8.308922">
        <ele>343.564982</ele>
        <time>2026-08-09T10:21:47.680Z</time>
      </trkpt>
      <trkpt lat="50.602637" lon="8.307775">
        <ele>335.060517</ele>
        <time>2026-08-09T10:21:54.975Z</time>
      </trkpt>
      <trkpt lat="50.602667" lon="8.307365">
        <ele>332.939358</ele>
        <time>2026-08-09T10:21:57.568Z</time>
      </trkpt>
      <trkpt lat="50.602677" lon="8.306877">
        <ele>330.797638</ele>
        <time>2026-08-09T10:22:00.662Z</time>
      </trkpt>
      <trkpt lat="50.602872" lon="8.305026">
        <ele>322.567188</ele>
        <time>2026-08-09T10:22:13.457Z</time>
      </trkpt>
      <trkpt lat="50.602883" lon="8.304924">
        <ele>322.113356</ele>
        <time>2026-08-09T10:22:14.201Z</time>
      </trkpt>
      <trkpt lat="50.602883" lon="8.304708">
        <ele>321.849783</ele>
        <time>2026-08-09T10:22:15.785Z</time>
      </trkpt>
      <trkpt lat="50.602967" lon="8.304506">
        <ele>321.861092</ele>
        <time>2026-08-09T10:22:17.332Z</time>
      </trkpt>
      <trkpt lat="50.603104" lon="8.303791">
        <ele>321.896068</ele>
        <time>2026-08-09T10:22:22.842Z</time>
      </trkpt>
      <trkpt lat="50.603215" lon="8.303112">
        <ele>321.928902</ele>
        <time>2026-08-09T10:22:30.614Z</time>
      </trkpt>
      <trkpt lat="50.603327" lon="8.302315">
        <ele>321.967129</ele>
        <time>2026-08-09T10:22:41.802Z</time>
      </trkpt>
      <trkpt lat="50.603365" lon="8.301323">
        <ele>323.846633</ele>
        <time>2026-08-09T10:22:59.281Z</time>
      </trkpt>
      <trkpt lat="50.603385" lon="8.300805">
        <ele>325.030972</ele>
        <time>2026-08-09T10:23:08.780Z</time>
      </trkpt>
      <trkpt lat="50.603448" lon="8.300216">
        <ele>326.394111</ele>
        <time>2026-08-09T10:23:18.780Z</time>
      </trkpt>
      <trkpt lat="50.603597" lon="8.299322">
        <ele>328.518513</ele>
        <time>2026-08-09T10:23:34.091Z</time>
      </trkpt>
      <trkpt lat="50.603777" lon="8.298630">
        <ele>330.645910</ele>
        <time>2026-08-09T10:23:47.047Z</time>
      </trkpt>
      <trkpt lat="50.604007" lon="8.297881">
        <ele>333.012814</ele>
        <time>2026-08-09T10:24:02.710Z</time>
      </trkpt>
      <trkpt lat="50.604073" lon="8.297666">
        <ele>333.692189</ele>
        <time>2026-08-09T10:24:07.488Z</time>
      </trkpt>
      <trkpt lat="50.604506" lon="8.295728">
        <ele>338.718539</ele>
        <time>2026-08-09T10:24:49.572Z</time>
      </trkpt>
      <trkpt lat="50.604615" lon="8.295018">
        <ele>340.235852</ele>
        <time>2026-08-09T10:25:02.045Z</time>
      </trkpt>
      <trkpt lat="50.604674" lon="8.294327">
        <ele>341.684095</ele>
        <time>2026-08-09T10:25:11.596Z</time>
      </trkpt>
      <trkpt lat="50.604678" lon="8.293600">
        <ele>342.626887</ele>
        <time>2026-08-09T10:25:18.518Z</time>
      </trkpt>
      <trkpt lat="50.604632" lon="8.292946">
        <ele>343.028466</ele>
        <time>2026-08-09T10:25:23.818Z</time>
      </trkpt>
      <trkpt lat="50.604555" lon="8.292279">
        <ele>343.442216</ele>
        <time>2026-08-09T10:25:30.397Z</time>
      </trkpt>
      <trkpt lat="50.604435" lon="8.291712">
        <ele>343.806989</ele>
        <time>2026-08-09T10:25:36.957Z</time>
      </trkpt>
      <trkpt lat="50.604784" lon="8.291672">
        <ele>344.178872</ele>
        <time>2026-08-09T10:25:44.012Z</time>
      </trkpt>
      <trkpt lat="50.605816" lon="8.291714">
        <ele>346.695448</ele>
        <time>2026-08-09T10:26:09.662Z</time>
      </trkpt>
      <trkpt lat="50.606159" lon="8.291680">
        <ele>347.533242</ele>
        <time>2026-08-09T10:26:18.364Z</time>
      </trkpt>
      <trkpt lat="50.606449" lon="8.291476">
        <ele>348.307435</ele>
        <time>2026-08-09T10:26:25.906Z</time>
      </trkpt>
      <trkpt lat="50.606750" lon="8.291077">
        <ele>348.031677</ele>
        <time>2026-08-09T10:26:32.910Z</time>
      </trkpt>
      <trkpt lat="50.606901" lon="8.290822">
        <ele>347.696191</ele>
        <time>2026-08-09T10:26:35.542Z</time>
      </trkpt>
      <trkpt lat="50.607126" lon="8.290209">
        <ele>347.015014</ele>
        <time>2026-08-09T10:26:40.152Z</time>
      </trkpt>
      <trkpt lat="50.607158" lon="8.290187">
        <ele>346.962096</ele>
        <time>2026-08-09T10:26:40.483Z</time>
      </trkpt>
      <trkpt lat="50.607201" lon="8.290207">
        <ele>346.894140</ele>
        <time>2026-08-09T10:26:40.919Z</time>
      </trkpt>
      <trkpt lat="50.607430" lon="8.290507">
        <ele>346.442751</ele>
        <time>2026-08-09T10:26:43.856Z</time>
      </trkpt>
      <trkpt lat="50.608032" lon="8.291200">
        <ele>346.693744</ele>
        <time>2026-08-09T10:26:51.612Z</time>
      </trkpt>
      <trkpt lat="50.608516" lon="8.291766">
        <ele>348.487148</ele>
        <time>2026-08-09T10:27:01.166Z</time>
      </trkpt>
      <trkpt lat="50.608587" lon="8.291855">
        <ele>348.757101</ele>
        <time>2026-08-09T10:27:03.695Z</time>
      </trkpt>
      <trkpt lat="50.608635" lon="8.291913">
        <ele>348.937083</ele>
        <time>2026-08-09T10:27:05.403Z</time>
      </trkpt>
      <trkpt lat="50.609073" lon="8.292449">
        <ele>350.587202</ele>
        <time>2026-08-09T10:27:27.095Z</time>
      </trkpt>
      <trkpt lat="50.609987" lon="8.293568">
        <ele>358.871113</ele>
        <time>2026-08-09T10:28:16.549Z</time>
      </trkpt>
      <trkpt lat="50.610882" lon="8.294850">
        <ele>368.984563</ele>
        <time>2026-08-09T10:29:07.902Z</time>
      </trkpt>
      <trkpt lat="50.611140" lon="8.295169">
        <ele>372.021693</ele>
        <time>2026-08-09T10:29:22.925Z</time>
      </trkpt>
      <trkpt lat="50.611536" lon="8.295493">
        <ele>376.154037</ele>
        <time>2026-08-09T10:29:44.595Z</time>
      </trkpt>
      <trkpt lat="50.612060" lon="8.295931">
        <ele>381.647401</ele>
        <time>2026-08-09T10:30:14.981Z</time>
      </trkpt>
      <trkpt lat="50.612320" lon="8.296057">
        <ele>383.754326</ele>
        <time>2026-08-09T10:30:28.687Z</time>
      </trkpt>
      <trkpt lat="50.612488" lon="8.296124">
        <ele>385.043545</ele>
        <time>2026-08-09T10:30:37.348Z</time>
      </trkpt>
      <trkpt lat="50.612639" lon="8.296140">
        <ele>386.169429</ele>
        <time>2026-08-09T10:30:44.648Z</time>
      </trkpt>
      <trkpt lat="50.612921" lon="8.296116">
        <ele>388.270395</ele>
        <time>2026-08-09T10:30:57.421Z</time>
      </trkpt>
      <trkpt lat="50.613120" lon="8.296056">
        <ele>389.777686</ele>
        <time>2026-08-09T10:31:05.929Z</time>
      </trkpt>
      <trkpt lat="50.613258" lon="8.295969">
        <ele>390.883423</ele>
        <time>2026-08-09T10:31:11.765Z</time>
      </trkpt>
      <trkpt lat="50.613538" lon="8.295604">
        <ele>393.586734</ele>
        <time>2026-08-09T10:31:25.054Z</time>
      </trkpt>
      <trkpt lat="50.614101" lon="8.294758">
        <ele>397.109055</ele>
        <time>2026-08-09T10:31:49.935Z</time>
      </trkpt>
      <trkpt lat="50.614473" lon="8.293852">
        <ele>399.261678</ele>
        <time>2026-08-09T10:32:08.605Z</time>
      </trkpt>
      <trkpt lat="50.614695" lon="8.293221">
        <ele>400.700900</ele>
        <time>2026-08-09T10:32:19.183Z</time>
      </trkpt>
      <trkpt lat="50.615194" lon="8.291768">
        <ele>401.957661</ele>
        <time>2026-08-09T10:32:37.223Z</time>
      </trkpt>
      <trkpt lat="50.615438" lon="8.291107">
        <ele>402.407134</ele>
        <time>2026-08-09T10:32:44.912Z</time>
      </trkpt>
      <trkpt lat="50.615671" lon="8.290477">
        <ele>402.818872</ele>
        <time>2026-08-09T10:32:54.787Z</time>
      </trkpt>
      <trkpt lat="50.615747" lon="8.290135">
        <ele>402.975510</ele>
        <time>2026-08-09T10:32:59.933Z</time>
      </trkpt>
      <trkpt lat="50.615775" lon="8.289791">
        <ele>403.125426</ele>
        <time>2026-08-09T10:33:04.885Z</time>
      </trkpt>
      <trkpt lat="50.615774" lon="8.289112">
        <ele>403.418932</ele>
        <time>2026-08-09T10:33:13.893Z</time>
      </trkpt>
      <trkpt lat="50.615812" lon="8.288828">
        <ele>403.544394</ele>
        <time>2026-08-09T10:33:17.286Z</time>
      </trkpt>
      <trkpt lat="50.615908" lon="8.288539">
        <ele>403.685401</ele>
        <time>2026-08-09T10:33:20.868Z</time>
      </trkpt>
      <trkpt lat="50.616036" lon="8.288374">
        <ele>403.798053</ele>
        <time>2026-08-09T10:33:23.435Z</time>
      </trkpt>
      <trkpt lat="50.616237" lon="8.288264">
        <ele>403.943004</ele>
        <time>2026-08-09T10:33:26.546Z</time>
      </trkpt>
      <trkpt lat="50.616538" lon="8.288187">
        <ele>403.371414</ele>
        <time>2026-08-09T10:33:30.618Z</time>
      </trkpt>
      <trkpt lat="50.617173" lon="8.288119">
        <ele>401.602541</ele>
        <time>2026-08-09T10:33:38.097Z</time>
      </trkpt>
      <trkpt lat="50.617615" lon="8.288032">
        <ele>400.364584</ele>
        <time>2026-08-09T10:33:42.384Z</time>
      </trkpt>
      <trkpt lat="50.618013" lon="8.288079">
        <ele>399.255355</ele>
        <time>2026-08-09T10:33:46.255Z</time>
      </trkpt>
      <trkpt lat="50.618569" lon="8.288325">
        <ele>399.233422</ele>
        <time>2026-08-09T10:33:52.288Z</time>
      </trkpt>
      <trkpt lat="50.618878" lon="8.288497">
        <ele>399.392132</ele>
        <time>2026-08-09T10:33:56.067Z</time>
      </trkpt>
      <trkpt lat="50.619534" lon="8.288847">
        <ele>399.727547</ele>
        <time>2026-08-09T10:34:09.246Z</time>
      </trkpt>
      <trkpt lat="50.619642" lon="8.288939">
        <ele>399.787002</ele>
        <time>2026-08-09T10:34:12.465Z</time>
      </trkpt>
      <trkpt lat="50.619844" lon="8.289168">
        <ele>400.497602</ele>
        <time>2026-08-09T10:34:19.557Z</time>
      </trkpt>
      <trkpt lat="50.620108" lon="8.289637">
        <ele>403.688514</ele>
        <time>2026-08-09T10:34:32.996Z</time>
      </trkpt>
      <trkpt lat="50.620152" lon="8.289745">
        <ele>404.341726</ele>
        <time>2026-08-09T10:34:36.157Z</time>
      </trkpt>
      <trkpt lat="50.620365" lon="8.290605">
        <ele>409.040215</ele>
        <time>2026-08-09T10:35:03.159Z</time>
      </trkpt>
      <trkpt lat="50.620405" lon="8.290767">
        <ele>409.924918</ele>
        <time>2026-08-09T10:35:08.721Z</time>
      </trkpt>
      <trkpt lat="50.620550" lon="8.291157">
        <ele>412.225438</ele>
        <time>2026-08-09T10:35:23.011Z</time>
      </trkpt>
      <trkpt lat="50.620980" lon="8.291601">
        <ele>416.521409</ele>
        <time>2026-08-09T10:35:49.447Z</time>
      </trkpt>
      <trkpt lat="50.621116" lon="8.291701">
        <ele>417.826405</ele>
        <time>2026-08-09T10:35:57.558Z</time>
      </trkpt>
      <trkpt lat="50.621208" lon="8.291756">
        <ele>418.682038</ele>
        <time>2026-08-09T10:36:02.788Z</time>
      </trkpt>
      <trkpt lat="50.621365" lon="8.291816">
        <ele>420.086847</ele>
        <time>2026-08-09T10:36:11.430Z</time>
      </trkpt>
      <trkpt lat="50.621479" lon="8.291687">
        <ele>421.307194</ele>
        <time>2026-08-09T10:36:18.613Z</time>
      </trkpt>
      <trkpt lat="50.621546" lon="8.291501">
        <ele>422.487221</ele>
        <time>2026-08-09T10:36:25.326Z</time>
      </trkpt>
      <trkpt lat="50.621612" lon="8.291390">
        <ele>423.326514</ele>
        <time>2026-08-09T10:36:29.875Z</time>
      </trkpt>
      <trkpt lat="50.621768" lon="8.291350">
        <ele>424.700902</ele>
        <time>2026-08-09T10:36:36.739Z</time>
      </trkpt>
      <trkpt lat="50.621912" lon="8.291375">
        <ele>425.960681</ele>
        <time>2026-08-09T10:36:42.594Z</time>
      </trkpt>
      <trkpt lat="50.621989" lon="8.291426">
        <ele>426.686978</ele>
        <time>2026-08-09T10:36:45.815Z</time>
      </trkpt>
      <trkpt lat="50.622449" lon="8.292106">
        <ele>430.877287</ele>
        <time>2026-08-09T10:37:07.621Z</time>
      </trkpt>
      <trkpt lat="50.622613" lon="8.292257">
        <ele>431.571904</ele>
        <time>2026-08-09T10:37:14.020Z</time>
      </trkpt>
      <trkpt lat="50.622811" lon="8.292388">
        <ele>432.357239</ele>
        <time>2026-08-09T10:37:21.393Z</time>
      </trkpt>
      <trkpt lat="50.622892" lon="8.292336">
        <ele>432.677102</ele>
        <time>2026-08-09T10:37:24.238Z</time>
      </trkpt>
      <trkpt lat="50.622845" lon="8.292179">
        <ele>433.079896</ele>
        <time>2026-08-09T10:37:27.665Z</time>
      </trkpt>
      <trkpt lat="50.622812" lon="8.292060">
        <ele>433.381228</ele>
        <time>2026-08-09T10:37:30.112Z</time>
      </trkpt>
      <trkpt lat="50.623147" lon="8.291828">
        <ele>434.719436</ele>
        <time>2026-08-09T10:37:38.911Z</time>
      </trkpt>
      <trkpt lat="50.623400" lon="8.291550">
        <ele>435.847349</ele>
        <time>2026-08-09T10:37:45.810Z</time>
      </trkpt>
      <trkpt lat="50.623870" lon="8.292671">
        <ele>437.139510</ele>
        <time>2026-08-09T10:38:13.345Z</time>
      </trkpt>
      <trkpt lat="50.624049" lon="8.292592">
        <ele>437.312532</ele>
        <time>2026-08-09T10:38:15.859Z</time>
      </trkpt>
      <trkpt lat="50.624290" lon="8.292482">
        <ele>437.546071</ele>
        <time>2026-08-09T10:38:19.071Z</time>
      </trkpt>
      <trkpt lat="50.624792" lon="8.292131">
        <ele>438.057241</ele>
        <time>2026-08-09T10:38:27.296Z</time>
      </trkpt>
      <trkpt lat="50.624867" lon="8.292101">
        <ele>438.129264</ele>
        <time>2026-08-09T10:38:28.549Z</time>
      </trkpt>
      <trkpt lat="50.624903" lon="8.292126">
        <ele>438.165881</ele>
        <time>2026-08-09T10:38:29.196Z</time>
      </trkpt>
      <trkpt lat="50.624780" lon="8.292462">
        <ele>438.655941</ele>
        <time>2026-08-09T10:38:34.003Z</time>
      </trkpt>
      <trkpt lat="50.624769" lon="8.292545">
        <ele>438.769922</ele>
        <time>2026-08-09T10:38:35.010Z</time>
      </trkpt>
      <trkpt lat="50.624780" lon="8.292462">
        <ele>438.883903</ele>
        <time>2026-08-09T10:38:36.191Z</time>
      </trkpt>
      <trkpt lat="50.624903" lon="8.292126">
        <ele>439.405372</ele>
        <time>2026-08-09T10:38:41.191Z</time>
      </trkpt>
      <trkpt lat="50.624959" lon="8.291987">
        <ele>439.626716</ele>
        <time>2026-08-09T10:38:43.423Z</time>
      </trkpt>
      <trkpt lat="50.625141" lon="8.291532">
        <ele>440.349774</ele>
        <time>2026-08-09T10:38:50.498Z</time>
      </trkpt>
      <trkpt lat="50.625323" lon="8.291108">
        <ele>441.037940</ele>
        <time>2026-08-09T10:38:57.944Z</time>
      </trkpt>
      <trkpt lat="50.625350" lon="8.290941">
        <ele>441.269602</ele>
        <time>2026-08-09T10:39:00.867Z</time>
      </trkpt>
      <trkpt lat="50.625374" lon="8.290494">
        <ele>441.872621</ele>
        <time>2026-08-09T10:39:08.402Z</time>
      </trkpt>
      <trkpt lat="50.625414" lon="8.289548">
        <ele>442.021912</ele>
        <time>2026-08-09T10:39:22.664Z</time>
      </trkpt>
      <trkpt lat="50.625409" lon="8.288986">
        <ele>442.035244</ele>
        <time>2026-08-09T10:39:28.021Z</time>
      </trkpt>
      <trkpt lat="50.625382" lon="8.288783">
        <ele>442.040164</ele>
        <time>2026-08-09T10:39:29.677Z</time>
      </trkpt>
      <trkpt lat="50.625407" lon="8.288508">
        <ele>442.046753</ele>
        <time>2026-08-09T10:39:31.780Z</time>
      </trkpt>
      <trkpt lat="50.625448" lon="8.288344">
        <ele>442.050935</ele>
        <time>2026-08-09T10:39:33.056Z</time>
      </trkpt>
      <trkpt lat="50.625781" lon="8.287629">
        <ele>441.852621</ele>
        <time>2026-08-09T10:39:39.098Z</time>
      </trkpt>
      <trkpt lat="50.625851" lon="8.287424">
        <ele>441.457231</ele>
        <time>2026-08-09T10:39:40.605Z</time>
      </trkpt>
      <trkpt lat="50.626259" lon="8.286615">
        <ele>439.702014</ele>
        <time>2026-08-09T10:39:46.964Z</time>
      </trkpt>
      <trkpt lat="50.626585" lon="8.286125">
        <ele>438.496110</ele>
        <time>2026-08-09T10:39:51.552Z</time>
      </trkpt>
      <trkpt lat="50.626914" lon="8.285582">
        <ele>437.255893</ele>
        <time>2026-08-09T10:39:56.700Z</time>
      </trkpt>
      <trkpt lat="50.627519" lon="8.284254">
        <ele>437.439325</ele>
        <time>2026-08-09T10:40:09.927Z</time>
      </trkpt>
      <trkpt lat="50.627632" lon="8.283687">
        <ele>437.506004</ele>
        <time>2026-08-09T10:40:16.879Z</time>
      </trkpt>
      <trkpt lat="50.627693" lon="8.282704">
        <ele>437.810564</ele>
        <time>2026-08-09T10:40:29.370Z</time>
      </trkpt>
      <trkpt lat="50.627749" lon="8.282491">
        <ele>437.947845</ele>
        <time>2026-08-09T10:40:32.375Z</time>
      </trkpt>
      <trkpt lat="50.627903" lon="8.282180">
        <ele>438.182750</ele>
        <time>2026-08-09T10:40:38.029Z</time>
      </trkpt>
      <trkpt lat="50.628039" lon="8.281809">
        <ele>438.437873</ele>
        <time>2026-08-09T10:40:44.120Z</time>
      </trkpt>
      <trkpt lat="50.628354" lon="8.280629">
        <ele>439.200114</ele>
        <time>2026-08-09T10:40:59.334Z</time>
      </trkpt>
      <trkpt lat="50.628483" lon="8.279959">
        <ele>439.100949</ele>
        <time>2026-08-09T10:41:05.179Z</time>
      </trkpt>
      <trkpt lat="50.628632" lon="8.279232">
        <ele>438.898254</ele>
        <time>2026-08-09T10:41:11.704Z</time>
      </trkpt>
      <trkpt lat="50.628719" lon="8.278684">
        <ele>438.748382</ele>
        <time>2026-08-09T10:41:16.775Z</time>
      </trkpt>
      <trkpt lat="50.628773" lon="8.278406">
        <ele>438.671247</ele>
        <time>2026-08-09T10:41:19.428Z</time>
      </trkpt>
      <trkpt lat="50.628595" lon="8.278057">
        <ele>438.552438</ele>
        <time>2026-08-09T10:41:23.695Z</time>
      </trkpt>
      <trkpt lat="50.628492" lon="8.277759">
        <ele>438.802957</ele>
        <time>2026-08-09T10:41:27.445Z</time>
      </trkpt>
      <trkpt lat="50.628124" lon="8.273830">
        <ele>446.904715</ele>
        <time>2026-08-09T10:42:37.210Z</time>
      </trkpt>
      <trkpt lat="50.627872" lon="8.271703">
        <ele>453.157806</ele>
        <time>2026-08-09T10:43:23.744Z</time>
      </trkpt>
      <trkpt lat="50.627900" lon="8.271462">
        <ele>453.990437</ele>
        <time>2026-08-09T10:43:29.168Z</time>
      </trkpt>
      <trkpt lat="50.627947" lon="8.271354">
        <ele>454.435526</ele>
        <time>2026-08-09T10:43:32.164Z</time>
      </trkpt>
      <trkpt lat="50.628019" lon="8.271216">
        <ele>455.042746</ele>
        <time>2026-08-09T10:43:36.178Z</time>
      </trkpt>
      <trkpt lat="50.628727" lon="8.271385">
        <ele>458.878888</ele>
        <time>2026-08-09T10:44:01.981Z</time>
      </trkpt>
      <trkpt lat="50.628867" lon="8.271370">
        <ele>459.630628</ele>
        <time>2026-08-09T10:44:07.202Z</time>
      </trkpt>
      <trkpt lat="50.629995" lon="8.271792">
        <ele>464.891437</ele>
        <time>2026-08-09T10:44:47.732Z</time>
      </trkpt>
      <trkpt lat="50.630139" lon="8.271818">
        <ele>465.526274</ele>
        <time>2026-08-09T10:44:52.492Z</time>
      </trkpt>
      <trkpt lat="50.630221" lon="8.271793">
        <ele>465.892085</ele>
        <time>2026-08-09T10:44:55.190Z</time>
      </trkpt>
      <trkpt lat="50.630286" lon="8.271726">
        <ele>466.232237</ele>
        <time>2026-08-09T10:44:57.660Z</time>
      </trkpt>
      <trkpt lat="50.631134" lon="8.270695">
        <ele>468.583567</ele>
        <time>2026-08-09T10:45:25.347Z</time>
      </trkpt>
      <trkpt lat="50.631460" lon="8.270235">
        <ele>468.640612</ele>
        <time>2026-08-09T10:45:33.107Z</time>
      </trkpt>
      <trkpt lat="50.631858" lon="8.269339">
        <ele>468.731079</ele>
        <time>2026-08-09T10:45:42.401Z</time>
      </trkpt>
      <trkpt lat="50.631976" lon="8.269197">
        <ele>468.663105</ele>
        <time>2026-08-09T10:45:44.204Z</time>
      </trkpt>
      <trkpt lat="50.633952" lon="8.268335">
        <ele>464.272138</ele>
        <time>2026-08-09T10:46:08.977Z</time>
      </trkpt>
      <trkpt lat="50.633900" lon="8.267857">
        <ele>464.560063</ele>
        <time>2026-08-09T10:46:15.018Z</time>
      </trkpt>
      <trkpt lat="50.633792" lon="8.266876">
        <ele>465.151178</ele>
        <time>2026-08-09T10:46:29.591Z</time>
      </trkpt>
      <trkpt lat="50.635141" lon="8.265561">
        <ele>469.589842</ele>
        <time>2026-08-09T10:47:08.724Z</time>
      </trkpt>
      <trkpt lat="50.635870" lon="8.264886">
        <ele>473.049643</ele>
        <time>2026-08-09T10:47:38.033Z</time>
      </trkpt>
      <trkpt lat="50.636077" lon="8.264660">
        <ele>474.891425</ele>
        <time>2026-08-09T10:47:48.411Z</time>
      </trkpt>
      <trkpt lat="50.636150" lon="8.264500">
        <ele>475.805849</ele>
        <time>2026-08-09T10:47:53.533Z</time>
      </trkpt>
      <trkpt lat="50.636119" lon="8.264395">
        <ele>476.343184</ele>
        <time>2026-08-09T10:47:56.509Z</time>
      </trkpt>
      <trkpt lat="50.636098" lon="8.263080">
        <ele>482.445990</ele>
        <time>2026-08-09T10:48:30.867Z</time>
      </trkpt>
      <trkpt lat="50.636133" lon="8.259776">
        <ele>498.712573</ele>
        <time>2026-08-09T10:50:00.217Z</time>
      </trkpt>
      <trkpt lat="50.636117" lon="8.258409">
        <ele>504.725220</ele>
        <time>2026-08-09T10:50:37.079Z</time>
      </trkpt>
      <trkpt lat="50.636095" lon="8.258268">
        <ele>505.343868</ele>
        <time>2026-08-09T10:50:40.797Z</time>
      </trkpt>
      <trkpt lat="50.635398" lon="8.256312">
        <ele>514.329611</ele>
        <time>2026-08-09T10:51:35.132Z</time>
      </trkpt>
      <trkpt lat="50.634711" lon="8.254924">
        <ele>520.318403</ele>
        <time>2026-08-09T10:52:16.359Z</time>
      </trkpt>
      <trkpt lat="50.634183" lon="8.253974">
        <ele>521.618001</ele>
        <time>2026-08-09T10:52:38.664Z</time>
      </trkpt>
      <trkpt lat="50.634113" lon="8.253717">
        <ele>521.589082</ele>
        <time>2026-08-09T10:52:42.195Z</time>
      </trkpt>
      <trkpt lat="50.634093" lon="8.253543">
        <ele>521.570798</ele>
        <time>2026-08-09T10:52:44.197Z</time>
      </trkpt>
      <trkpt lat="50.633986" lon="8.249773">
        <ele>516.646126</ele>
        <time>2026-08-09T10:53:13.435Z</time>
      </trkpt>
      <trkpt lat="50.633947" lon="8.249640">
        <ele>516.335628</ele>
        <time>2026-08-09T10:53:14.494Z</time>
      </trkpt>
      <trkpt lat="50.633624" lon="8.248939">
        <ele>513.945098</ele>
        <time>2026-08-09T10:53:20.696Z</time>
      </trkpt>
      <trkpt lat="50.633530" lon="8.248631">
        <ele>512.776776</ele>
        <time>2026-08-09T10:53:23.104Z</time>
      </trkpt>
      <trkpt lat="50.632725" lon="8.244348">
        <ele>497.036230</ele>
        <time>2026-08-09T10:53:53.824Z</time>
      </trkpt>
      <trkpt lat="50.632756" lon="8.244007">
        <ele>495.791066</ele>
        <time>2026-08-09T10:53:56.171Z</time>
      </trkpt>
      <trkpt lat="50.633084" lon="8.242575">
        <ele>491.588407</ele>
        <time>2026-08-09T10:54:06.900Z</time>
      </trkpt>
      <trkpt lat="50.633112" lon="8.242323">
        <ele>490.896140</ele>
        <time>2026-08-09T10:54:08.775Z</time>
      </trkpt>
      <trkpt lat="50.633109" lon="8.241981">
        <ele>489.970637</ele>
        <time>2026-08-09T10:54:11.332Z</time>
      </trkpt>
      <trkpt lat="50.633114" lon="8.241396">
        <ele>488.387548</ele>
        <time>2026-08-09T10:54:15.780Z</time>
      </trkpt>
      <trkpt lat="50.633220" lon="8.240949">
        <ele>487.152580</ele>
        <time>2026-08-09T10:54:19.482Z</time>
      </trkpt>
      <trkpt lat="50.633402" lon="8.240616">
        <ele>486.059985</ele>
        <time>2026-08-09T10:54:22.945Z</time>
      </trkpt>
      <trkpt lat="50.633536" lon="8.240251">
        <ele>485.011737</ele>
        <time>2026-08-09T10:54:26.233Z</time>
      </trkpt>
      <trkpt lat="50.633857" lon="8.238626">
        <ele>480.781333</ele>
        <time>2026-08-09T10:54:38.467Z</time>
      </trkpt>
      <trkpt lat="50.634210" lon="8.237300">
        <ele>476.484692</ele>
        <time>2026-08-09T10:54:48.502Z</time>
      </trkpt>
      <trkpt lat="50.634694" lon="8.235080">
        <ele>469.756820</ele>
        <time>2026-08-09T10:55:05.467Z</time>
      </trkpt>
      <trkpt lat="50.634749" lon="8.234970">
        <ele>469.382501</ele>
        <time>2026-08-09T10:55:06.501Z</time>
      </trkpt>
      <trkpt lat="50.634803" lon="8.234939">
        <ele>469.140366</ele>
        <time>2026-08-09T10:55:07.166Z</time>
      </trkpt>
      <trkpt lat="50.634773" lon="8.234646">
        <ele>468.347223</ele>
        <time>2026-08-09T10:55:09.262Z</time>
      </trkpt>
      <trkpt lat="50.634356" lon="8.230119">
        <ele>457.494950</ele>
        <time>2026-08-09T10:55:41.043Z</time>
      </trkpt>
      <trkpt lat="50.633924" lon="8.226502">
        <ele>457.386744</ele>
        <time>2026-08-09T10:56:21.661Z</time>
      </trkpt>
      <trkpt lat="50.633857" lon="8.225428">
        <ele>457.842069</ele>
        <time>2026-08-09T10:56:35.423Z</time>
      </trkpt>
      <trkpt lat="50.633841" lon="8.224634">
        <ele>458.130155</ele>
        <time>2026-08-09T10:56:43.669Z</time>
      </trkpt>
      <trkpt lat="50.633971" lon="8.223635">
        <ele>458.365256</ele>
        <time>2026-08-09T10:56:52.902Z</time>
      </trkpt>
      <trkpt lat="50.634102" lon="8.223088">
        <ele>458.500048</ele>
        <time>2026-08-09T10:56:58.286Z</time>
      </trkpt>
      <trkpt lat="50.634251" lon="8.222463">
        <ele>458.653973</ele>
        <time>2026-08-09T10:57:05.172Z</time>
      </trkpt>
      <trkpt lat="50.634249" lon="8.221881">
        <ele>459.253630</ele>
        <time>2026-08-09T10:57:12.466Z</time>
      </trkpt>
      <trkpt lat="50.633677" lon="8.217627">
        <ele>468.156867</ele>
        <time>2026-08-09T10:58:31.227Z</time>
      </trkpt>
      <trkpt lat="50.633465" lon="8.216028">
        <ele>470.424157</ele>
        <time>2026-08-09T10:58:57.727Z</time>
      </trkpt>
      <trkpt lat="50.633687" lon="8.211741">
        <ele>469.760307</ele>
        <time>2026-08-09T10:59:30.059Z</time>
      </trkpt>
      <trkpt lat="50.633895" lon="8.207893">
        <ele>470.601680</ele>
        <time>2026-08-09T11:00:08.913Z</time>
      </trkpt>
      <trkpt lat="50.633938" lon="8.207100">
        <ele>470.845102</ele>
        <time>2026-08-09T11:00:17.446Z</time>
      </trkpt>
      <trkpt lat="50.634098" lon="8.203933">
        <ele>471.518914</ele>
        <time>2026-08-09T11:00:47.286Z</time>
      </trkpt>
      <trkpt lat="50.634167" lon="8.202499">
        <ele>471.645662</ele>
        <time>2026-08-09T11:00:58.898Z</time>
      </trkpt>
      <trkpt lat="50.634209" lon="8.201597">
        <ele>473.010672</ele>
        <time>2026-08-09T11:01:08.528Z</time>
      </trkpt>
      <trkpt lat="50.634302" lon="8.199631">
        <ele>476.086171</ele>
        <time>2026-08-09T11:01:41.002Z</time>
      </trkpt>
      <trkpt lat="50.634424" lon="8.197624">
        <ele>480.325022</ele>
        <time>2026-08-09T11:02:16.196Z</time>
      </trkpt>
      <trkpt lat="50.634534" lon="8.195594">
        <ele>483.209427</ele>
        <time>2026-08-09T11:02:44.603Z</time>
      </trkpt>
      <trkpt lat="50.634555" lon="8.195110">
        <ele>483.676894</ele>
        <time>2026-08-09T11:02:50.576Z</time>
      </trkpt>
      <trkpt lat="50.634642" lon="8.193279">
        <ele>484.514264</ele>
        <time>2026-08-09T11:03:09.254Z</time>
      </trkpt>
      <trkpt lat="50.634533" lon="8.192635">
        <ele>484.286519</ele>
        <time>2026-08-09T11:03:14.621Z</time>
      </trkpt>
      <trkpt lat="50.634349" lon="8.192002">
        <ele>484.048601</ele>
        <time>2026-08-09T11:03:19.910Z</time>
      </trkpt>
      <trkpt lat="50.633662" lon="8.190338">
        <ele>483.148172</ele>
        <time>2026-08-09T11:03:34.243Z</time>
      </trkpt>
      <trkpt lat="50.633588" lon="8.190164">
        <ele>483.038667</ele>
        <time>2026-08-09T11:03:36.175Z</time>
      </trkpt>
      <trkpt lat="50.633415" lon="8.189755">
        <ele>482.781698</ele>
        <time>2026-08-09T11:03:40.839Z</time>
      </trkpt>
      <trkpt lat="50.632353" lon="8.189248">
        <ele>481.302060</ele>
        <time>2026-08-09T11:03:57.192Z</time>
      </trkpt>
      <trkpt lat="50.631995" lon="8.189043">
        <ele>480.584731</ele>
        <time>2026-08-09T11:04:02.169Z</time>
      </trkpt>
      <trkpt lat="50.631782" lon="8.188859">
        <ele>480.127309</ele>
        <time>2026-08-09T11:04:05.120Z</time>
      </trkpt>
      <trkpt lat="50.631672" lon="8.188773">
        <ele>479.896067</ele>
        <time>2026-08-09T11:04:06.380Z</time>
      </trkpt>
      <trkpt lat="50.631594" lon="8.188786">
        <ele>479.748349</ele>
        <time>2026-08-09T11:04:07.170Z</time>
      </trkpt>
      <trkpt lat="50.631512" lon="8.188847">
        <ele>479.577587</ele>
        <time>2026-08-09T11:04:08.081Z</time>
      </trkpt>
      <trkpt lat="50.631366" lon="8.188567">
        <ele>479.144585</ele>
        <time>2026-08-09T11:04:10.334Z</time>
      </trkpt>
      <trkpt lat="50.631315" lon="8.188540">
        <ele>479.043264</ele>
        <time>2026-08-09T11:04:10.873Z</time>
      </trkpt>
      <trkpt lat="50.631482" lon="8.188372">
        <ele>478.685663</ele>
        <time>2026-08-09T11:04:12.819Z</time>
      </trkpt>
      <trkpt lat="50.631241" lon="8.187672">
        <ele>477.793307</ele>
        <time>2026-08-09T11:04:18.574Z</time>
      </trkpt>
      <trkpt lat="50.631247" lon="8.187562">
        <ele>477.669608</ele>
        <time>2026-08-09T11:04:19.424Z</time>
      </trkpt>
      <trkpt lat="50.631344" lon="8.187488">
        <ele>477.479268</ele>
        <time>2026-08-09T11:04:20.673Z</time>
      </trkpt>
      <trkpt lat="50.631361" lon="8.187354">
        <ele>477.326162</ele>
        <time>2026-08-09T11:04:21.708Z</time>
      </trkpt>
      <trkpt lat="50.630485" lon="8.185364">
        <ele>475.133655</ele>
        <time>2026-08-09T11:04:44.316Z</time>
      </trkpt>
      <trkpt lat="50.629969" lon="8.184191">
        <ele>474.272075</ele>
        <time>2026-08-09T11:04:56.006Z</time>
      </trkpt>
      <trkpt lat="50.630277" lon="8.183919">
        <ele>474.176580</ele>
        <time>2026-08-09T11:05:02.425Z</time>
      </trkpt>
      <trkpt lat="50.630468" lon="8.183735">
        <ele>474.502964</ele>
        <time>2026-08-09T11:05:06.830Z</time>
      </trkpt>
      <trkpt lat="50.630589" lon="8.183619">
        <ele>474.709459</ele>
        <time>2026-08-09T11:05:09.782Z</time>
      </trkpt>
      <trkpt lat="50.630807" lon="8.183415">
        <ele>475.079112</ele>
        <time>2026-08-09T11:05:13.737Z</time>
      </trkpt>
      <trkpt lat="50.631140" lon="8.183110">
        <ele>475.640667</ele>
        <time>2026-08-09T11:05:20.561Z</time>
      </trkpt>
      <trkpt lat="50.631799" lon="8.182501">
        <ele>477.017164</ele>
        <time>2026-08-09T11:05:39.119Z</time>
      </trkpt>
      <trkpt lat="50.632092" lon="8.183224">
        <ele>479.879599</ele>
        <time>2026-08-09T11:05:58.108Z</time>
      </trkpt>
      <trkpt lat="50.632399" lon="8.182953">
        <ele>481.730255</ele>
        <time>2026-08-09T11:06:09.880Z</time>
      </trkpt>
      <trkpt lat="50.632728" lon="8.182653">
        <ele>483.729336</ele>
        <time>2026-08-09T11:06:21.904Z</time>
      </trkpt>
      <trkpt lat="50.633024" lon="8.182327">
        <ele>485.628511</ele>
        <time>2026-08-09T11:06:33.987Z</time>
      </trkpt>
      <trkpt lat="50.633315" lon="8.182020">
        <ele>487.794610</ele>
        <time>2026-08-09T11:06:47.100Z</time>
      </trkpt>
      <trkpt lat="50.633077" lon="8.181463">
        <ele>490.571303</ele>
        <time>2026-08-09T11:07:03.012Z</time>
      </trkpt>
      <trkpt lat="50.632880" lon="8.181132">
        <ele>492.447937</ele>
        <time>2026-08-09T11:07:13.131Z</time>
      </trkpt>
      <trkpt lat="50.632402" lon="8.178678">
        <ele>502.947797</ele>
        <time>2026-08-09T11:08:16.210Z</time>
      </trkpt>
      <trkpt lat="50.632430" lon="8.177935">
        <ele>505.958091</ele>
        <time>2026-08-09T11:08:33.366Z</time>
      </trkpt>
      <trkpt lat="50.632492" lon="8.177640">
        <ele>507.214981</ele>
        <time>2026-08-09T11:08:40.279Z</time>
      </trkpt>
      <trkpt lat="50.632593" lon="8.176787">
        <ele>510.537249</ele>
        <time>2026-08-09T11:08:58.975Z</time>
      </trkpt>
      <trkpt lat="50.632640" lon="8.176605">
        <ele>511.227036</ele>
        <time>2026-08-09T11:09:03.137Z</time>
      </trkpt>
      <trkpt lat="50.633133" lon="8.175520">
        <ele>515.912048</ele>
        <time>2026-08-09T11:09:32.120Z</time>
      </trkpt>
      <trkpt lat="50.633760" lon="8.174164">
        <ele>521.282301</ele>
        <time>2026-08-09T11:10:07.366Z</time>
      </trkpt>
      <trkpt lat="50.635504" lon="8.170241">
        <ele>534.452082</ele>
        <time>2026-08-09T11:11:32.695Z</time>
      </trkpt>
      <trkpt lat="50.636420" lon="8.168303">
        <ele>543.343077</ele>
        <time>2026-08-09T11:12:25.667Z</time>
      </trkpt>
      <trkpt lat="50.636625" lon="8.167665">
        <ele>546.172383</ele>
        <time>2026-08-09T11:12:42.988Z</time>
      </trkpt>
      <trkpt lat="50.636812" lon="8.166714">
        <ele>550.977144</ele>
        <time>2026-08-09T11:13:08.651Z</time>
      </trkpt>
      <trkpt lat="50.637044" lon="8.165729">
        <ele>556.047643</ele>
        <time>2026-08-09T11:13:37.369Z</time>
      </trkpt>
      <trkpt lat="50.637192" lon="8.165347">
        <ele>558.207790</ele>
        <time>2026-08-09T11:13:49.757Z</time>
      </trkpt>
      <trkpt lat="50.637253" lon="8.165121">
        <ele>559.350137</ele>
        <time>2026-08-09T11:13:56.381Z</time>
      </trkpt>
      <trkpt lat="50.637304" lon="8.164778">
        <ele>560.699258</ele>
        <time>2026-08-09T11:14:05.537Z</time>
      </trkpt>
      <trkpt lat="50.637385" lon="8.164563">
        <ele>561.656900</ele>
        <time>2026-08-09T11:14:11.800Z</time>
      </trkpt>
      <trkpt lat="50.637443" lon="8.164453">
        <ele>562.204701</ele>
        <time>2026-08-09T11:14:15.309Z</time>
      </trkpt>
      <trkpt lat="50.637810" lon="8.164150">
        <ele>564.706053</ele>
        <time>2026-08-09T11:14:30.526Z</time>
      </trkpt>
      <trkpt lat="50.638184" lon="8.163805">
        <ele>567.322339</ele>
        <time>2026-08-09T11:14:45.207Z</time>
      </trkpt>
      <trkpt lat="50.638318" lon="8.163528">
        <ele>568.656431</ele>
        <time>2026-08-09T11:14:52.273Z</time>
      </trkpt>
      <trkpt lat="50.638584" lon="8.162776">
        <ele>570.869132</ele>
        <time>2026-08-09T11:15:08.096Z</time>
      </trkpt>
      <trkpt lat="50.638871" lon="8.162054">
        <ele>572.277588</ele>
        <time>2026-08-09T11:15:21.976Z</time>
      </trkpt>
      <trkpt lat="50.639064" lon="8.161646">
        <ele>573.118912</ele>
        <time>2026-08-09T11:15:29.424Z</time>
      </trkpt>
      <trkpt lat="50.639688" lon="8.160569">
        <ele>574.671516</ele>
        <time>2026-08-09T11:15:45.500Z</time>
      </trkpt>
      <trkpt lat="50.639800" lon="8.160376">
        <ele>574.638051</ele>
        <time>2026-08-09T11:15:47.744Z</time>
      </trkpt>
      <trkpt lat="50.640025" lon="8.160149">
        <ele>574.584173</ele>
        <time>2026-08-09T11:15:51.370Z</time>
      </trkpt>
      <trkpt lat="50.640186" lon="8.160049">
        <ele>574.549270</ele>
        <time>2026-08-09T11:15:53.851Z</time>
      </trkpt>
      <trkpt lat="50.640354" lon="8.160011">
        <ele>574.515037</ele>
        <time>2026-08-09T11:15:56.358Z</time>
      </trkpt>
      <trkpt lat="50.640538" lon="8.160018">
        <ele>574.477913</ele>
        <time>2026-08-09T11:15:58.841Z</time>
      </trkpt>
      <trkpt lat="50.640775" lon="8.159933">
        <ele>574.428888</ele>
        <time>2026-08-09T11:16:01.859Z</time>
      </trkpt>
      <trkpt lat="50.641414" lon="8.159813">
        <ele>573.420805</ele>
        <time>2026-08-09T11:16:09.022Z</time>
      </trkpt>
      <trkpt lat="50.641612" lon="8.159902">
        <ele>572.867794</ele>
        <time>2026-08-09T11:16:11.488Z</time>
      </trkpt>
      <trkpt lat="50.642356" lon="8.160408">
        <ele>570.691475</ele>
        <time>2026-08-09T11:16:20.810Z</time>
      </trkpt>
      <trkpt lat="50.642488" lon="8.160536">
        <ele>570.275251</ele>
        <time>2026-08-09T11:16:22.541Z</time>
      </trkpt>
      <trkpt lat="50.642713" lon="8.160652">
        <ele>569.639425</ele>
        <time>2026-08-09T11:16:25.212Z</time>
      </trkpt>
      <trkpt lat="50.643145" lon="8.160629">
        <ele>568.665732</ele>
        <time>2026-08-09T11:16:30.289Z</time>
      </trkpt>
      <trkpt lat="50.643620" lon="8.160509">
        <ele>567.601767</ele>
        <time>2026-08-09T11:16:36.267Z</time>
      </trkpt>
      <trkpt lat="50.644108" lon="8.160325">
        <ele>566.492024</ele>
        <time>2026-08-09T11:16:42.678Z</time>
      </trkpt>
      <trkpt lat="50.644430" lon="8.160270">
        <ele>565.775684</ele>
        <time>2026-08-09T11:16:46.760Z</time>
      </trkpt>
      <trkpt lat="50.644805" lon="8.160270">
        <ele>564.875118</ele>
        <time>2026-08-09T11:16:51.341Z</time>
      </trkpt>
      <trkpt lat="50.646045" lon="8.160229">
        <ele>561.814471</ele>
        <time>2026-08-09T11:17:06.017Z</time>
      </trkpt>
      <trkpt lat="50.646450" lon="8.160289">
        <ele>560.957271</ele>
        <time>2026-08-09T11:17:10.890Z</time>
      </trkpt>
      <trkpt lat="50.646801" lon="8.160430">
        <ele>560.483538</ele>
        <time>2026-08-09T11:17:15.332Z</time>
      </trkpt>
      <trkpt lat="50.647430" lon="8.160777">
        <ele>559.611985</ele>
        <time>2026-08-09T11:17:24.045Z</time>
      </trkpt>
      <trkpt lat="50.647657" lon="8.160856">
        <ele>559.307949</ele>
        <time>2026-08-09T11:17:27.256Z</time>
      </trkpt>
      <trkpt lat="50.647671" lon="8.160852">
        <ele>559.289340</ele>
        <time>2026-08-09T11:17:27.476Z</time>
      </trkpt>
      <trkpt lat="50.647804" lon="8.160847">
        <ele>559.115339</ele>
        <time>2026-08-09T11:17:29.443Z</time>
      </trkpt>
      <trkpt lat="50.648285" lon="8.160824">
        <ele>558.594122</ele>
        <time>2026-08-09T11:17:36.709Z</time>
      </trkpt>
      <trkpt lat="50.648640" lon="8.160763">
        <ele>558.304827</ele>
        <time>2026-08-09T11:17:42.341Z</time>
      </trkpt>
      <trkpt lat="50.648751" lon="8.161030">
        <ele>558.140825</ele>
        <time>2026-08-09T11:17:45.150Z</time>
      </trkpt>
      <trkpt lat="50.648820" lon="8.161088">
        <ele>558.077483</ele>
        <time>2026-08-09T11:17:46.211Z</time>
      </trkpt>
      <trkpt lat="50.649006" lon="8.160890">
        <ele>557.895687</ele>
        <time>2026-08-09T11:17:49.243Z</time>
      </trkpt>
      <trkpt lat="50.649094" lon="8.160751">
        <ele>557.794789</ele>
        <time>2026-08-09T11:17:50.848Z</time>
      </trkpt>
      <trkpt lat="50.649583" lon="8.160435">
        <ele>557.366675</ele>
        <time>2026-08-09T11:17:56.996Z</time>
      </trkpt>
      <trkpt lat="50.650066" lon="8.160176">
        <ele>555.438414</ele>
        <time>2026-08-09T11:18:02.307Z</time>
      </trkpt>
      <trkpt lat="50.650650" lon="8.159796">
        <ele>552.770840</ele>
        <time>2026-08-09T11:18:08.378Z</time>
      </trkpt>
      <trkpt lat="50.651427" lon="8.159274">
        <ele>549.054578</ele>
        <time>2026-08-09T11:18:16.102Z</time>
      </trkpt>
      <trkpt lat="50.651730" lon="8.159011">
        <ele>547.167307</ele>
        <time>2026-08-09T11:18:19.239Z</time>
      </trkpt>
      <trkpt lat="50.652590" lon="8.158135">
        <ele>541.580828</ele>
        <time>2026-08-09T11:18:28.531Z</time>
      </trkpt>
      <trkpt lat="50.652892" lon="8.157814">
        <ele>539.753469</ele>
        <time>2026-08-09T11:18:31.993Z</time>
      </trkpt>
      <trkpt lat="50.653098" lon="8.157647">
        <ele>539.141984</ele>
        <time>2026-08-09T11:18:34.274Z</time>
      </trkpt>
      <trkpt lat="50.653322" lon="8.157533">
        <ele>538.520587</ele>
        <time>2026-08-09T11:18:36.608Z</time>
      </trkpt>
      <trkpt lat="50.653995" lon="8.157218">
        <ele>536.667244</ele>
        <time>2026-08-09T11:18:43.743Z</time>
      </trkpt>
      <trkpt lat="50.654056" lon="8.157215">
        <ele>536.506122</ele>
        <time>2026-08-09T11:18:44.383Z</time>
      </trkpt>
      <trkpt lat="50.654119" lon="8.157232">
        <ele>536.337382</ele>
        <time>2026-08-09T11:18:45.059Z</time>
      </trkpt>
      <trkpt lat="50.654228" lon="8.157315">
        <ele>536.017835</ele>
        <time>2026-08-09T11:18:46.377Z</time>
      </trkpt>
      <trkpt lat="50.654826" lon="8.158700">
        <ele>537.108477</ele>
        <time>2026-08-09T11:19:00.601Z</time>
      </trkpt>
      <trkpt lat="50.654986" lon="8.158857">
        <ele>537.609025</ele>
        <time>2026-08-09T11:19:04.486Z</time>
      </trkpt>
      <trkpt lat="50.655103" lon="8.158927">
        <ele>537.941425</ele>
        <time>2026-08-09T11:19:07.378Z</time>
      </trkpt>
      <trkpt lat="50.655538" lon="8.159116">
        <ele>539.139975</ele>
        <time>2026-08-09T11:19:20.109Z</time>
      </trkpt>
      <trkpt lat="50.656706" lon="8.159587">
        <ele>546.466624</ele>
        <time>2026-08-09T11:20:08.836Z</time>
      </trkpt>
      <trkpt lat="50.656924" lon="8.159638">
        <ele>548.053979</ele>
        <time>2026-08-09T11:20:18.036Z</time>
      </trkpt>
      <trkpt lat="50.656984" lon="8.159615">
        <ele>548.498717</ele>
        <time>2026-08-09T11:20:20.576Z</time>
      </trkpt>
      <trkpt lat="50.657093" lon="8.159469">
        <ele>549.528672</ele>
        <time>2026-08-09T11:20:26.425Z</time>
      </trkpt>
      <trkpt lat="50.657497" lon="8.158276">
        <ele>555.127552</ele>
        <time>2026-08-09T11:21:00.977Z</time>
      </trkpt>
      <trkpt lat="50.657624" lon="8.157902">
        <ele>556.667998</ele>
        <time>2026-08-09T11:21:10.836Z</time>
      </trkpt>
      <trkpt lat="50.657770" lon="8.157596">
        <ele>558.058516</ele>
        <time>2026-08-09T11:21:20.704Z</time>
      </trkpt>
      <trkpt lat="50.658224" lon="8.156915">
        <ele>561.646586</ele>
        <time>2026-08-09T11:21:45.245Z</time>
      </trkpt>
      <trkpt lat="50.658432" lon="8.156402">
        <ele>563.782274</ele>
        <time>2026-08-09T11:21:59.976Z</time>
      </trkpt>
      <trkpt lat="50.658490" lon="8.156299">
        <ele>564.226178</ele>
        <time>2026-08-09T11:22:03.234Z</time>
      </trkpt>
      <trkpt lat="50.658503" lon="8.156176">
        <ele>564.627972</ele>
        <time>2026-08-09T11:22:05.541Z</time>
      </trkpt>
      <trkpt lat="50.658974" lon="8.154782">
        <ele>569.717760</ele>
        <time>2026-08-09T11:22:35.599Z</time>
      </trkpt>
      <trkpt lat="50.659614" lon="8.155163">
        <ele>573.483447</ele>
        <time>2026-08-09T11:22:59.892Z</time>
      </trkpt>
      <trkpt lat="50.659728" lon="8.155318">
        <ele>574.504170</ele>
        <time>2026-08-09T11:23:05.323Z</time>
      </trkpt>
      <trkpt lat="50.659772" lon="8.155473">
        <ele>575.234335</ele>
        <time>2026-08-09T11:23:09.242Z</time>
      </trkpt>
      <trkpt lat="50.659807" lon="8.155486">
        <ele>575.478202</ele>
        <time>2026-08-09T11:23:10.652Z</time>
      </trkpt>
      <trkpt lat="50.660214" lon="8.156000">
        <ele>579.014147</ele>
        <time>2026-08-09T11:23:31.902Z</time>
      </trkpt>
      <trkpt lat="50.660566" lon="8.156459">
        <ele>582.111485</ele>
        <time>2026-08-09T11:23:50.379Z</time>
      </trkpt>
      <trkpt lat="50.660694" lon="8.156536">
        <ele>583.040577</ele>
        <time>2026-08-09T11:23:55.973Z</time>
      </trkpt>
      <trkpt lat="50.661300" lon="8.157353">
        <ele>588.093918</ele>
        <time>2026-08-09T11:24:26.881Z</time>
      </trkpt>
      <trkpt lat="50.661412" lon="8.157529">
        <ele>589.069445</ele>
        <time>2026-08-09T11:24:32.957Z</time>
      </trkpt>
      <trkpt lat="50.662178" lon="8.159114">
        <ele>596.180048</ele>
        <time>2026-08-09T11:25:16.940Z</time>
      </trkpt>
      <trkpt lat="50.662386" lon="8.159535">
        <ele>597.110590</ele>
        <time>2026-08-09T11:25:26.362Z</time>
      </trkpt>
      <trkpt lat="50.662493" lon="8.159678">
        <ele>597.496265</ele>
        <time>2026-08-09T11:25:30.043Z</time>
      </trkpt>
      <trkpt lat="50.663083" lon="8.160386">
        <ele>599.534974</ele>
        <time>2026-08-09T11:25:55.873Z</time>
      </trkpt>
      <trkpt lat="50.664239" lon="8.161773">
        <ele>599.832941</ele>
        <time>2026-08-09T11:26:32.372Z</time>
      </trkpt>
      <trkpt lat="50.664447" lon="8.161649">
        <ele>599.679251</ele>
        <time>2026-08-09T11:26:35.051Z</time>
      </trkpt>
      <trkpt lat="50.665266" lon="8.161654">
        <ele>599.727418</ele>
        <time>2026-08-09T11:26:45.256Z</time>
      </trkpt>
      <trkpt lat="50.665455" lon="8.161708">
        <ele>599.967105</ele>
        <time>2026-08-09T11:26:47.851Z</time>
      </trkpt>
      <trkpt lat="50.665572" lon="8.161778">
        <ele>600.123253</ele>
        <time>2026-08-09T11:26:49.661Z</time>
      </trkpt>
      <trkpt lat="50.666114" lon="8.162503">
        <ele>601.009989</ele>
        <time>2026-08-09T11:27:05.134Z</time>
      </trkpt>
      <trkpt lat="50.666747" lon="8.163266">
        <ele>602.287241</ele>
        <time>2026-08-09T11:27:29.419Z</time>
      </trkpt>
      <trkpt lat="50.666936" lon="8.163425">
        <ele>602.731606</ele>
        <time>2026-08-09T11:27:35.656Z</time>
      </trkpt>
      <trkpt lat="50.667278" lon="8.163595">
        <ele>603.475511</ele>
        <time>2026-08-09T11:27:45.228Z</time>
      </trkpt>
      <trkpt lat="50.667427" lon="8.163749">
        <ele>603.845054</ele>
        <time>2026-08-09T11:27:49.439Z</time>
      </trkpt>
      <trkpt lat="50.667853" lon="8.164374">
        <ele>605.051911</ele>
        <time>2026-08-09T11:28:00.380Z</time>
      </trkpt>
      <trkpt lat="50.668070" lon="8.164885">
        <ele>604.567133</ele>
        <time>2026-08-09T11:28:05.765Z</time>
      </trkpt>
      <trkpt lat="50.668384" lon="8.165733">
        <ele>602.835369</ele>
        <time>2026-08-09T11:28:13.283Z</time>
      </trkpt>
      <trkpt lat="50.668636" lon="8.166187">
        <ele>601.771236</ele>
        <time>2026-08-09T11:28:17.593Z</time>
      </trkpt>
      <trkpt lat="50.668978" lon="8.166624">
        <ele>600.546878</ele>
        <time>2026-08-09T11:28:22.433Z</time>
      </trkpt>
      <trkpt lat="50.669375" lon="8.167214">
        <ele>598.167338</ele>
        <time>2026-08-09T11:28:28.318Z</time>
      </trkpt>
      <trkpt lat="50.670464" lon="8.168851">
        <ele>591.463017</ele>
        <time>2026-08-09T11:28:44.384Z</time>
      </trkpt>
      <trkpt lat="50.669723" lon="8.170206">
        <ele>588.329034</ele>
        <time>2026-08-09T11:28:57.565Z</time>
      </trkpt>
      <trkpt lat="50.670241" lon="8.171035">
        <ele>586.167132</ele>
        <time>2026-08-09T11:29:07.911Z</time>
      </trkpt>
      <trkpt lat="50.670498" lon="8.171399">
        <ele>585.033272</ele>
        <time>2026-08-09T11:29:12.734Z</time>
      </trkpt>
      <trkpt lat="50.671087" lon="8.171970">
        <ele>582.763644</ele>
        <time>2026-08-09T11:29:21.267Z</time>
      </trkpt>
      <trkpt lat="50.671310" lon="8.172100">
        <ele>581.983124</ele>
        <time>2026-08-09T11:29:23.880Z</time>
      </trkpt>
      <trkpt lat="50.672711" lon="8.172840">
        <ele>573.589265</ele>
        <time>2026-08-09T11:29:39.547Z</time>
      </trkpt>
      <trkpt lat="50.672813" lon="8.172869">
        <ele>572.940444</ele>
        <time>2026-08-09T11:29:40.654Z</time>
      </trkpt>
      <trkpt lat="50.673631" lon="8.172746">
        <ele>568.300542</ele>
        <time>2026-08-09T11:29:49.508Z</time>
      </trkpt>
      <trkpt lat="50.673806" lon="8.172841">
        <ele>567.436385</ele>
        <time>2026-08-09T11:29:51.543Z</time>
      </trkpt>
      <trkpt lat="50.673870" lon="8.172896">
        <ele>567.096096</ele>
        <time>2026-08-09T11:29:52.342Z</time>
      </trkpt>
      <trkpt lat="50.673918" lon="8.173008">
        <ele>566.695995</ele>
        <time>2026-08-09T11:29:53.294Z</time>
      </trkpt>
      <trkpt lat="50.674069" lon="8.173695">
        <ele>564.544242</ele>
        <time>2026-08-09T11:29:58.461Z</time>
      </trkpt>
      <trkpt lat="50.674278" lon="8.175194">
        <ele>560.548004</ele>
        <time>2026-08-09T11:30:09.867Z</time>
      </trkpt>
      <trkpt lat="50.674330" lon="8.175357">
        <ele>560.221612</ele>
        <time>2026-08-09T11:30:11.262Z</time>
      </trkpt>
      <trkpt lat="50.674421" lon="8.175523">
        <ele>559.829041</ele>
        <time>2026-08-09T11:30:12.953Z</time>
      </trkpt>
      <trkpt lat="50.676321" lon="8.178282">
        <ele>552.981878</ele>
        <time>2026-08-09T11:30:45.177Z</time>
      </trkpt>
      <trkpt lat="50.676681" lon="8.177712">
        <ele>551.731250</ele>
        <time>2026-08-09T11:30:56.792Z</time>
      </trkpt>
      <trkpt lat="50.676721" lon="8.177698">
        <ele>551.647719</ele>
        <time>2026-08-09T11:30:57.711Z</time>
      </trkpt>
      <trkpt lat="50.676770" lon="8.177681">
        <ele>551.545435</ele>
        <time>2026-08-09T11:30:58.845Z</time>
      </trkpt>
      <trkpt lat="50.676814" lon="8.177700">
        <ele>551.452433</ele>
        <time>2026-08-09T11:30:59.892Z</time>
      </trkpt>
      <trkpt lat="50.677185" lon="8.178300">
        <ele>550.369398</ele>
        <time>2026-08-09T11:31:12.034Z</time>
      </trkpt>
      <trkpt lat="50.677275" lon="8.178288">
        <ele>550.185258</ele>
        <time>2026-08-09T11:31:14.116Z</time>
      </trkpt>
      <trkpt lat="50.677329" lon="8.178195">
        <ele>550.022298</ele>
        <time>2026-08-09T11:31:15.933Z</time>
      </trkpt>
      <trkpt lat="50.678560" lon="8.176180">
        <ele>548.272196</ele>
        <time>2026-08-09T11:31:39.555Z</time>
      </trkpt>
      <trkpt lat="50.678814" lon="8.175706">
        <ele>548.325570</ele>
        <time>2026-08-09T11:31:46.643Z</time>
      </trkpt>
      <trkpt lat="50.679545" lon="8.174489">
        <ele>550.155552</ele>
        <time>2026-08-09T11:32:12.032Z</time>
      </trkpt>
      <trkpt lat="50.679592" lon="8.174403">
        <ele>550.400708</ele>
        <time>2026-08-09T11:32:13.865Z</time>
      </trkpt>
      <trkpt lat="50.680258" lon="8.173292">
        <ele>553.702143</ele>
        <time>2026-08-09T11:32:39.804Z</time>
      </trkpt>
      <trkpt lat="50.680517" lon="8.172861">
        <ele>555.008064</ele>
        <time>2026-08-09T11:32:51.898Z</time>
      </trkpt>
      <trkpt lat="50.680613" lon="8.172771">
        <ele>555.408175</ele>
        <time>2026-08-09T11:32:55.709Z</time>
      </trkpt>
      <trkpt lat="50.681688" lon="8.172136">
        <ele>559.521156</ele>
        <time>2026-08-09T11:33:29.203Z</time>
      </trkpt>
      <trkpt lat="50.681842" lon="8.172334">
        <ele>560.232916</ele>
        <time>2026-08-09T11:33:34.216Z</time>
      </trkpt>
      <trkpt lat="50.681949" lon="8.172412">
        <ele>560.655249</ele>
        <time>2026-08-09T11:33:36.985Z</time>
      </trkpt>
      <trkpt lat="50.682134" lon="8.172483">
        <ele>560.849160</ele>
        <time>2026-08-09T11:33:40.896Z</time>
      </trkpt>
      <trkpt lat="50.682298" lon="8.172478">
        <ele>560.651025</ele>
        <time>2026-08-09T11:33:43.819Z</time>
      </trkpt>
      <trkpt lat="50.682522" lon="8.172317">
        <ele>560.353715</ele>
        <time>2026-08-09T11:33:47.680Z</time>
      </trkpt>
      <trkpt lat="50.682694" lon="8.172125">
        <ele>560.099238</ele>
        <time>2026-08-09T11:33:50.640Z</time>
      </trkpt>
      <trkpt lat="50.682905" lon="8.171819">
        <ele>559.753106</ele>
        <time>2026-08-09T11:33:54.431Z</time>
      </trkpt>
      <trkpt lat="50.683112" lon="8.171396">
        <ele>559.344048</ele>
        <time>2026-08-09T11:33:58.776Z</time>
      </trkpt>
      <trkpt lat="50.683195" lon="8.171031">
        <ele>559.047251</ele>
        <time>2026-08-09T11:34:01.812Z</time>
      </trkpt>
      <trkpt lat="50.683239" lon="8.170608">
        <ele>558.509457</ele>
        <time>2026-08-09T11:34:05.094Z</time>
      </trkpt>
      <trkpt lat="50.683382" lon="8.170701">
        <ele>557.835824</ele>
        <time>2026-08-09T11:34:06.842Z</time>
      </trkpt>
      <trkpt lat="50.683422" lon="8.170778">
        <ele>557.561043</ele>
        <time>2026-08-09T11:34:07.539Z</time>
      </trkpt>
      <trkpt lat="50.683776" lon="8.172444">
        <ele>552.711877</ele>
        <time>2026-08-09T11:34:19.594Z</time>
      </trkpt>
      <trkpt lat="50.683790" lon="8.172507">
        <ele>552.527639</ele>
        <time>2026-08-09T11:34:20.045Z</time>
      </trkpt>
      <trkpt lat="50.684418" lon="8.174681">
        <ele>543.775961</ele>
        <time>2026-08-09T11:34:36.196Z</time>
      </trkpt>
      <trkpt lat="50.684440" lon="8.174839">
        <ele>543.138060</ele>
        <time>2026-08-09T11:34:37.253Z</time>
      </trkpt>
      <trkpt lat="50.684188" lon="8.179188">
        <ele>520.773606</ele>
        <time>2026-08-09T11:35:29.354Z</time>
      </trkpt>
      <trkpt lat="50.683859" lon="8.179574">
        <ele>517.483701</ele>
        <time>2026-08-09T11:35:36.990Z</time>
      </trkpt>
      <trkpt lat="50.684251" lon="8.180287">
        <ele>512.683657</ele>
        <time>2026-08-09T11:35:48.303Z</time>
      </trkpt>
      <trkpt lat="50.684652" lon="8.180763">
        <ele>509.227825</ele>
        <time>2026-08-09T11:35:58.027Z</time>
      </trkpt>
      <trkpt lat="50.685813" lon="8.182144">
        <ele>503.547818</ele>
        <time>2026-08-09T11:36:29.944Z</time>
      </trkpt>
      <trkpt lat="50.686028" lon="8.181961">
        <ele>502.548426</ele>
        <time>2026-08-09T11:36:32.605Z</time>
      </trkpt>
      <trkpt lat="50.686635" lon="8.181608">
        <ele>499.255328</ele>
        <time>2026-08-09T11:36:39.189Z</time>
      </trkpt>
      <trkpt lat="50.686841" lon="8.182349">
        <ele>496.645474</ele>
        <time>2026-08-09T11:36:44.085Z</time>
      </trkpt>
      <trkpt lat="50.686899" lon="8.184012">
        <ele>491.602716</ele>
        <time>2026-08-09T11:36:53.168Z</time>
      </trkpt>
      <trkpt lat="50.686943" lon="8.185089">
        <ele>488.617132</ele>
        <time>2026-08-09T11:36:59.587Z</time>
      </trkpt>
      <trkpt lat="50.687908" lon="8.185644">
        <ele>485.344985</ele>
        <time>2026-08-09T11:37:11.419Z</time>
      </trkpt>
      <trkpt lat="50.687980" lon="8.185769">
        <ele>485.231876</ele>
        <time>2026-08-09T11:37:13.102Z</time>
      </trkpt>
      <trkpt lat="50.688118" lon="8.186307">
        <ele>484.843273</ele>
        <time>2026-08-09T11:37:18.599Z</time>
      </trkpt>
      <trkpt lat="50.688543" lon="8.187970">
        <ele>483.593887</ele>
        <time>2026-08-09T11:37:31.503Z</time>
      </trkpt>
      <trkpt lat="50.688849" lon="8.189314">
        <ele>482.390341</ele>
        <time>2026-08-09T11:37:41.754Z</time>
      </trkpt>
      <trkpt lat="50.688886" lon="8.189285">
        <ele>482.335390</ele>
        <time>2026-08-09T11:37:42.274Z</time>
      </trkpt>
      <trkpt lat="50.689132" lon="8.189740">
        <ele>481.831303</ele>
        <time>2026-08-09T11:37:47.433Z</time>
      </trkpt>
      <trkpt lat="50.689704" lon="8.190721">
        <ele>480.968993</ele>
        <time>2026-08-09T11:37:59.323Z</time>
      </trkpt>
      <trkpt lat="50.689797" lon="8.190976">
        <ele>480.809646</ele>
        <time>2026-08-09T11:38:01.907Z</time>
      </trkpt>
      <trkpt lat="50.690385" lon="8.194206">
        <ele>480.889270</ele>
        <time>2026-08-09T11:38:32.909Z</time>
      </trkpt>
      <trkpt lat="50.690414" lon="8.194448">
        <ele>481.033835</ele>
        <time>2026-08-09T11:38:36.505Z</time>
      </trkpt>
      <trkpt lat="50.690995" lon="8.195156">
        <ele>482.178195</ele>
        <time>2026-08-09T11:38:54.787Z</time>
      </trkpt>
      <trkpt lat="50.691166" lon="8.195614">
        <ele>483.481416</ele>
        <time>2026-08-09T11:39:04.683Z</time>
      </trkpt>
      <trkpt lat="50.691319" lon="8.195942">
        <ele>484.479927</ele>
        <time>2026-08-09T11:39:12.625Z</time>
      </trkpt>
      <trkpt lat="50.691897" lon="8.197228">
        <ele>488.345215</ele>
        <time>2026-08-09T11:39:40.793Z</time>
      </trkpt>
      <trkpt lat="50.692135" lon="8.197628">
        <ele>489.233975</ele>
        <time>2026-08-09T11:39:49.816Z</time>
      </trkpt>
      <trkpt lat="50.692327" lon="8.197838">
        <ele>489.782999</ele>
        <time>2026-08-09T11:39:55.742Z</time>
      </trkpt>
      <trkpt lat="50.692571" lon="8.198035">
        <ele>490.427163</ele>
        <time>2026-08-09T11:40:02.315Z</time>
      </trkpt>
      <trkpt lat="50.692868" lon="8.198058">
        <ele>491.126082</ele>
        <time>2026-08-09T11:40:08.840Z</time>
      </trkpt>
      <trkpt lat="50.693302" lon="8.198161">
        <ele>492.157633</ele>
        <time>2026-08-09T11:40:17.211Z</time>
      </trkpt>
      <trkpt lat="50.693674" lon="8.198509">
        <ele>492.829037</ele>
        <time>2026-08-09T11:40:24.876Z</time>
      </trkpt>
      <trkpt lat="50.694265" lon="8.199056">
        <ele>493.112533</ele>
        <time>2026-08-09T11:40:35.685Z</time>
      </trkpt>
      <trkpt lat="50.694789" lon="8.199243">
        <ele>493.334841</ele>
        <time>2026-08-09T11:40:43.082Z</time>
      </trkpt>
      <trkpt lat="50.695999" lon="8.199526">
        <ele>493.425122</ele>
        <time>2026-08-09T11:40:59.891Z</time>
      </trkpt>
      <trkpt lat="50.696801" lon="8.199714">
        <ele>493.351902</ele>
        <time>2026-08-09T11:41:10.513Z</time>
      </trkpt>
      <trkpt lat="50.696936" lon="8.199679">
        <ele>493.339547</ele>
        <time>2026-08-09T11:41:12.331Z</time>
      </trkpt>
      <trkpt lat="50.697400" lon="8.199286">
        <ele>493.359533</ele>
        <time>2026-08-09T11:41:19.643Z</time>
      </trkpt>
      <trkpt lat="50.697914" lon="8.198835">
        <ele>493.385778</ele>
        <time>2026-08-09T11:41:27.697Z</time>
      </trkpt>
      <trkpt lat="50.698098" lon="8.198614">
        <ele>493.396096</ele>
        <time>2026-08-09T11:41:30.744Z</time>
      </trkpt>
      <trkpt lat="50.698817" lon="8.197944">
        <ele>493.970704</ele>
        <time>2026-08-09T11:41:42.334Z</time>
      </trkpt>
      <trkpt lat="50.699162" lon="8.197391">
        <ele>494.734698</ele>
        <time>2026-08-09T11:41:51.548Z</time>
      </trkpt>
      <trkpt lat="50.699526" lon="8.196697">
        <ele>495.621574</ele>
        <time>2026-08-09T11:42:04.028Z</time>
      </trkpt>
      <trkpt lat="50.700132" lon="8.195548">
        <ele>496.529724</ele>
        <time>2026-08-09T11:42:25.544Z</time>
      </trkpt>
      <trkpt lat="50.700808" lon="8.194820">
        <ele>496.987732</ele>
        <time>2026-08-09T11:42:37.491Z</time>
      </trkpt>
      <trkpt lat="50.701974" lon="8.194198">
        <ele>495.396547</ele>
        <time>2026-08-09T11:42:51.563Z</time>
      </trkpt>
      <trkpt lat="50.703072" lon="8.193562">
        <ele>492.661835</ele>
        <time>2026-08-09T11:43:03.580Z</time>
      </trkpt>
      <trkpt lat="50.703856" lon="8.193058">
        <ele>490.206622</ele>
        <time>2026-08-09T11:43:11.832Z</time>
      </trkpt>
      <trkpt lat="50.704188" lon="8.192853">
        <ele>489.172656</ele>
        <time>2026-08-09T11:43:15.464Z</time>
      </trkpt>
      <trkpt lat="50.705261" lon="8.192222">
        <ele>486.151231</ele>
        <time>2026-08-09T11:43:28.512Z</time>
      </trkpt>
      <trkpt lat="50.705484" lon="8.192139">
        <ele>485.579791</ele>
        <time>2026-08-09T11:43:31.096Z</time>
      </trkpt>
      <trkpt lat="50.705720" lon="8.192118">
        <ele>484.990235</ele>
        <time>2026-08-09T11:43:33.589Z</time>
      </trkpt>
      <trkpt lat="50.706045" lon="8.192375">
        <ele>484.083667</ele>
        <time>2026-08-09T11:43:37.219Z</time>
      </trkpt>
      <trkpt lat="50.706359" lon="8.192864">
        <ele>482.631336</ele>
        <time>2026-08-09T11:43:42.038Z</time>
      </trkpt>
      <trkpt lat="50.706484" lon="8.193000">
        <ele>481.996484</ele>
        <time>2026-08-09T11:43:43.670Z</time>
      </trkpt>
      <trkpt lat="50.706758" lon="8.193187">
        <ele>480.748114</ele>
        <time>2026-08-09T11:43:46.891Z</time>
      </trkpt>
      <trkpt lat="50.706901" lon="8.193371">
        <ele>479.976650</ele>
        <time>2026-08-09T11:43:48.885Z</time>
      </trkpt>
      <trkpt lat="50.707025" lon="8.193692">
        <ele>478.980792</ele>
        <time>2026-08-09T11:43:51.466Z</time>
      </trkpt>
      <trkpt lat="50.707250" lon="8.194463">
        <ele>476.732406</ele>
        <time>2026-08-09T11:43:57.431Z</time>
      </trkpt>
      <trkpt lat="50.707406" lon="8.195111">
        <ele>475.226269</ele>
        <time>2026-08-09T11:44:02.372Z</time>
      </trkpt>
      <trkpt lat="50.707640" lon="8.195872">
        <ele>473.666574</ele>
        <time>2026-08-09T11:44:08.407Z</time>
      </trkpt>
      <trkpt lat="50.707779" lon="8.196694">
        <ele>472.097969</ele>
        <time>2026-08-09T11:44:14.603Z</time>
      </trkpt>
      <trkpt lat="50.708028" lon="8.197570">
        <ele>470.816191</ele>
        <time>2026-08-09T11:44:22.209Z</time>
      </trkpt>
      <trkpt lat="50.708352" lon="8.198251">
        <ele>471.081415</ele>
        <time>2026-08-09T11:44:29.833Z</time>
      </trkpt>
      <trkpt lat="50.708436" lon="8.198688">
        <ele>471.223617</ele>
        <time>2026-08-09T11:44:35.141Z</time>
      </trkpt>
      <trkpt lat="50.708481" lon="8.199100">
        <ele>471.353798</ele>
        <time>2026-08-09T11:44:40.634Z</time>
      </trkpt>
      <trkpt lat="50.708576" lon="8.199565">
        <ele>471.505936</ele>
        <time>2026-08-09T11:44:47.511Z</time>
      </trkpt>
      <trkpt lat="50.708680" lon="8.199804">
        <ele>471.596230</ele>
        <time>2026-08-09T11:44:51.630Z</time>
      </trkpt>
      <trkpt lat="50.708804" lon="8.200251">
        <ele>472.156589</ele>
        <time>2026-08-09T11:44:58.587Z</time>
      </trkpt>
      <trkpt lat="50.708970" lon="8.200664">
        <ele>472.835230</ele>
        <time>2026-08-09T11:45:05.524Z</time>
      </trkpt>
      <trkpt lat="50.709117" lon="8.201151">
        <ele>473.583691</ele>
        <time>2026-08-09T11:45:13.607Z</time>
      </trkpt>
      <trkpt lat="50.709281" lon="8.201472">
        <ele>474.155890</ele>
        <time>2026-08-09T11:45:19.910Z</time>
      </trkpt>
      <trkpt lat="50.709449" lon="8.201947">
        <ele>474.910688</ele>
        <time>2026-08-09T11:45:27.780Z</time>
      </trkpt>
      <trkpt lat="50.709665" lon="8.202275">
        <ele>475.567187</ele>
        <time>2026-08-09T11:45:34.688Z</time>
      </trkpt>
      <trkpt lat="50.710089" lon="8.202513">
        <ele>476.641996</ele>
        <time>2026-08-09T11:45:45.659Z</time>
      </trkpt>
      <trkpt lat="50.710231" lon="8.202665">
        <ele>477.051854</ele>
        <time>2026-08-09T11:45:50.012Z</time>
      </trkpt>
      <trkpt lat="50.710956" lon="8.204039">
        <ele>479.757690</ele>
        <time>2026-08-09T11:46:17.522Z</time>
      </trkpt>
      <trkpt lat="50.711097" lon="8.204425">
        <ele>480.119585</ele>
        <time>2026-08-09T11:46:23.997Z</time>
      </trkpt>
      <trkpt lat="50.711370" lon="8.205168">
        <ele>480.699790</ele>
        <time>2026-08-09T11:46:35.775Z</time>
      </trkpt>
      <trkpt lat="50.711558" lon="8.205523">
        <ele>481.012366</ele>
        <time>2026-08-09T11:46:41.369Z</time>
      </trkpt>
      <trkpt lat="50.711678" lon="8.205818">
        <ele>481.249185</ele>
        <time>2026-08-09T11:46:45.236Z</time>
      </trkpt>
      <trkpt lat="50.711878" lon="8.206598">
        <ele>481.713915</ele>
        <time>2026-08-09T11:46:54.131Z</time>
      </trkpt>
      <trkpt lat="50.712028" lon="8.207119">
        <ele>480.821951</ele>
        <time>2026-08-09T11:46:59.309Z</time>
      </trkpt>
      <trkpt lat="50.712235" lon="8.207247">
        <ele>480.274816</ele>
        <time>2026-08-09T11:47:02.212Z</time>
      </trkpt>
      <trkpt lat="50.712317" lon="8.207266">
        <ele>480.070835</ele>
        <time>2026-08-09T11:47:03.233Z</time>
      </trkpt>
      <trkpt lat="50.712395" lon="8.207234">
        <ele>479.872488</ele>
        <time>2026-08-09T11:47:04.241Z</time>
      </trkpt>
      <trkpt lat="50.712815" lon="8.207002">
        <ele>478.777366</ele>
        <time>2026-08-09T11:47:09.410Z</time>
      </trkpt>
      <trkpt lat="50.714013" lon="8.206939">
        <ele>474.656504</ele>
        <time>2026-08-09T11:47:22.512Z</time>
      </trkpt>
      <trkpt lat="50.714611" lon="8.206976">
        <ele>472.058143</ele>
        <time>2026-08-09T11:47:29.027Z</time>
      </trkpt>
      <trkpt lat="50.715775" lon="8.207178">
        <ele>466.322839</ele>
        <time>2026-08-09T11:47:41.837Z</time>
      </trkpt>
      <trkpt lat="50.716491" lon="8.207361">
        <ele>462.377810</ele>
        <time>2026-08-09T11:47:49.422Z</time>
      </trkpt>
      <trkpt lat="50.718294" lon="8.207987">
        <ele>452.147358</ele>
        <time>2026-08-09T11:48:08.285Z</time>
      </trkpt>
      <trkpt lat="50.719110" lon="8.208234">
        <ele>448.814293</ele>
        <time>2026-08-09T11:48:17.644Z</time>
      </trkpt>
      <trkpt lat="50.720187" lon="8.208560">
        <ele>446.280611</ele>
        <time>2026-08-09T11:48:31.429Z</time>
      </trkpt>
      <trkpt lat="50.720359" lon="8.208423">
        <ele>445.835536</ele>
        <time>2026-08-09T11:48:33.732Z</time>
      </trkpt>
      <trkpt lat="50.720547" lon="8.208327">
        <ele>445.744590</ele>
        <time>2026-08-09T11:48:36.117Z</time>
      </trkpt>
      <trkpt lat="50.720816" lon="8.208297">
        <ele>446.261907</ele>
        <time>2026-08-09T11:48:39.686Z</time>
      </trkpt>
      <trkpt lat="50.721484" lon="8.208167">
        <ele>447.553044</ele>
        <time>2026-08-09T11:48:52.362Z</time>
      </trkpt>
      <trkpt lat="50.721737" lon="8.208188">
        <ele>448.039052</ele>
        <time>2026-08-09T11:49:02.016Z</time>
      </trkpt>
      <trkpt lat="50.722417" lon="8.208112">
        <ele>449.842899</ele>
        <time>2026-08-09T11:49:32.524Z</time>
      </trkpt>
      <trkpt lat="50.722762" lon="8.208009">
        <ele>451.568500</ele>
        <time>2026-08-09T11:49:51.071Z</time>
      </trkpt>
      <trkpt lat="50.723588" lon="8.207878">
        <ele>455.648473</ele>
        <time>2026-08-09T11:50:31.069Z</time>
      </trkpt>
      <trkpt lat="50.724033" lon="8.207885">
        <ele>457.835634</ele>
        <time>2026-08-09T11:50:48.662Z</time>
      </trkpt>
      <trkpt lat="50.724094" lon="8.207846">
        <ele>457.950753</ele>
        <time>2026-08-09T11:50:50.886Z</time>
      </trkpt>
      <trkpt lat="50.724190" lon="8.207548">
        <ele>458.243975</ele>
        <time>2026-08-09T11:50:57.940Z</time>
      </trkpt>
      <trkpt lat="50.724361" lon="8.207016">
        <ele>458.767204</ele>
        <time>2026-08-09T11:51:09.977Z</time>
      </trkpt>
      <trkpt lat="50.724503" lon="8.206708">
        <ele>459.101340</ele>
        <time>2026-08-09T11:51:17.176Z</time>
      </trkpt>
      <trkpt lat="50.724664" lon="8.206530">
        <ele>459.373567</ele>
        <time>2026-08-09T11:51:23.019Z</time>
      </trkpt>
      <trkpt lat="50.724858" lon="8.206441">
        <ele>459.653413</ele>
        <time>2026-08-09T11:51:28.886Z</time>
      </trkpt>
      <trkpt lat="50.725094" lon="8.206396">
        <ele>459.982709</ele>
        <time>2026-08-09T11:51:35.411Z</time>
      </trkpt>
      <trkpt lat="50.725189" lon="8.206416">
        <ele>460.115472</ele>
        <time>2026-08-09T11:51:36.906Z</time>
      </trkpt>
      <trkpt lat="50.725310" lon="8.206527">
        <ele>460.309303</ele>
        <time>2026-08-09T11:51:39.198Z</time>
      </trkpt>
      <trkpt lat="50.725781" lon="8.207280">
        <ele>461.367661</ele>
        <time>2026-08-09T11:51:53.634Z</time>
      </trkpt>
      <trkpt lat="50.725886" lon="8.207294">
        <ele>461.535279</ele>
        <time>2026-08-09T11:51:56.380Z</time>
      </trkpt>
      <trkpt lat="50.726072" lon="8.207250">
        <ele>461.834449</ele>
        <time>2026-08-09T11:52:01.032Z</time>
      </trkpt>
      <trkpt lat="50.726492" lon="8.207307">
        <ele>462.505006</ele>
        <time>2026-08-09T11:52:10.734Z</time>
      </trkpt>
      <trkpt lat="50.726768" lon="8.207308">
        <ele>462.944043</ele>
        <time>2026-08-09T11:52:16.799Z</time>
      </trkpt>
      <trkpt lat="50.727129" lon="8.207258">
        <ele>462.721931</ele>
        <time>2026-08-09T11:52:24.318Z</time>
      </trkpt>
      <trkpt lat="50.727529" lon="8.207568">
        <ele>461.536423</ele>
        <time>2026-08-09T11:52:30.804Z</time>
      </trkpt>
      <trkpt lat="50.727867" lon="8.207684">
        <ele>460.616088</ele>
        <time>2026-08-09T11:52:34.857Z</time>
      </trkpt>
      <trkpt lat="50.728227" lon="8.207910">
        <ele>459.585330</ele>
        <time>2026-08-09T11:52:39.052Z</time>
      </trkpt>
      <trkpt lat="50.728718" lon="8.208687">
        <ele>456.727564</ele>
        <time>2026-08-09T11:52:46.372Z</time>
      </trkpt>
      <trkpt lat="50.728951" lon="8.209130">
        <ele>454.359161</ele>
        <time>2026-08-09T11:52:50.083Z</time>
      </trkpt>
      <trkpt lat="50.729299" lon="8.209959">
        <ele>450.268823</ele>
        <time>2026-08-09T11:52:56.442Z</time>
      </trkpt>
      <trkpt lat="50.729234" lon="8.210123">
        <ele>449.473169</ele>
        <time>2026-08-09T11:52:57.684Z</time>
      </trkpt>
      <trkpt lat="50.729230" lon="8.210281">
        <ele>448.822956</ele>
        <time>2026-08-09T11:52:58.705Z</time>
      </trkpt>
      <trkpt lat="50.729646" lon="8.211396">
        <ele>443.677661</ele>
        <time>2026-08-09T11:53:07.020Z</time>
      </trkpt>
      <trkpt lat="50.729927" lon="8.212055">
        <ele>440.588021</ele>
        <time>2026-08-09T11:53:12.195Z</time>
      </trkpt>
      <trkpt lat="50.729940" lon="8.212178">
        <ele>440.103129</ele>
        <time>2026-08-09T11:53:13.015Z</time>
      </trkpt>
      <trkpt lat="50.729866" lon="8.212448">
        <ele>438.959075</ele>
        <time>2026-08-09T11:53:14.961Z</time>
      </trkpt>
      <trkpt lat="50.729907" lon="8.212621">
        <ele>438.240780</ele>
        <time>2026-08-09T11:53:16.179Z</time>
      </trkpt>
      <trkpt lat="50.730159" lon="8.213011">
        <ele>436.073734</ele>
        <time>2026-08-09T11:53:19.860Z</time>
      </trkpt>
      <trkpt lat="50.730229" lon="8.213220">
        <ele>435.228342</ele>
        <time>2026-08-09T11:53:21.429Z</time>
      </trkpt>
      <trkpt lat="50.730070" lon="8.213611">
        <ele>433.665334</ele>
        <time>2026-08-09T11:53:24.502Z</time>
      </trkpt>
      <trkpt lat="50.729965" lon="8.214052">
        <ele>432.080694</ele>
        <time>2026-08-09T11:53:27.637Z</time>
      </trkpt>
      <trkpt lat="50.729775" lon="8.214848">
        <ele>429.219539</ele>
        <time>2026-08-09T11:53:33.291Z</time>
      </trkpt>
      <trkpt lat="50.729705" lon="8.214945">
        <ele>428.724802</ele>
        <time>2026-08-09T11:53:34.256Z</time>
      </trkpt>
      <trkpt lat="50.729536" lon="8.215058">
        <ele>427.749731</ele>
        <time>2026-08-09T11:53:36.182Z</time>
      </trkpt>
      <trkpt lat="50.729498" lon="8.215124">
        <ele>427.449665</ele>
        <time>2026-08-09T11:53:36.774Z</time>
      </trkpt>
      <trkpt lat="50.729177" lon="8.216347">
        <ele>423.698259</ele>
        <time>2026-08-09T11:53:45.915Z</time>
      </trkpt>
      <trkpt lat="50.729116" lon="8.216910">
        <ele>422.205149</ele>
        <time>2026-08-09T11:53:49.922Z</time>
      </trkpt>
      <trkpt lat="50.729139" lon="8.217139">
        <ele>421.599044</ele>
        <time>2026-08-09T11:53:51.565Z</time>
      </trkpt>
      <trkpt lat="50.729239" lon="8.217575">
        <ele>420.386812</ele>
        <time>2026-08-09T11:53:54.857Z</time>
      </trkpt>
      <trkpt lat="50.729208" lon="8.217738">
        <ele>419.941907</ele>
        <time>2026-08-09T11:53:56.075Z</time>
      </trkpt>
      <trkpt lat="50.728910" lon="8.218074">
        <ele>418.467261</ele>
        <time>2026-08-09T11:54:00.188Z</time>
      </trkpt>
      <trkpt lat="50.728867" lon="8.218183">
        <ele>418.175019</ele>
        <time>2026-08-09T11:54:01.097Z</time>
      </trkpt>
      <trkpt lat="50.728883" lon="8.218354">
        <ele>417.781699</ele>
        <time>2026-08-09T11:54:02.318Z</time>
      </trkpt>
      <trkpt lat="50.729223" lon="8.219073">
        <ele>415.739580</ele>
        <time>2026-08-09T11:54:08.502Z</time>
      </trkpt>
      <trkpt lat="50.729263" lon="8.219219">
        <ele>415.377593</ele>
        <time>2026-08-09T11:54:09.588Z</time>
      </trkpt>
      <trkpt lat="50.729236" lon="8.219374">
        <ele>415.011798</ele>
        <time>2026-08-09T11:54:10.693Z</time>
      </trkpt>
      <trkpt lat="50.728987" lon="8.219819">
        <ele>413.660353</ele>
        <time>2026-08-09T11:54:14.905Z</time>
      </trkpt>
      <trkpt lat="50.728846" lon="8.220161">
        <ele>412.731662</ele>
        <time>2026-08-09T11:54:17.953Z</time>
      </trkpt>
      <trkpt lat="50.728720" lon="8.220616">
        <ele>411.875268</ele>
        <time>2026-08-09T11:54:21.862Z</time>
      </trkpt>
      <trkpt lat="50.728698" lon="8.220943">
        <ele>411.441729</ele>
        <time>2026-08-09T11:54:24.491Z</time>
      </trkpt>
      <trkpt lat="50.728723" lon="8.221309">
        <ele>410.956401</ele>
        <time>2026-08-09T11:54:27.454Z</time>
      </trkpt>
      <trkpt lat="50.728845" lon="8.221378">
        <ele>410.686510</ele>
        <time>2026-08-09T11:54:28.926Z</time>
      </trkpt>
      <trkpt lat="50.728900" lon="8.221445">
        <ele>410.541856</ele>
        <time>2026-08-09T11:54:29.711Z</time>
      </trkpt>
      <trkpt lat="50.728931" lon="8.221521">
        <ele>410.422658</ele>
        <time>2026-08-09T11:54:30.357Z</time>
      </trkpt>
      <trkpt lat="50.729287" lon="8.221277">
        <ele>409.614418</ele>
        <time>2026-08-09T11:54:34.748Z</time>
      </trkpt>
      <trkpt lat="50.729563" lon="8.221210">
        <ele>409.032826</ele>
        <time>2026-08-09T11:54:37.891Z</time>
      </trkpt>
      <trkpt lat="50.729849" lon="8.221313">
        <ele>408.267584</ele>
        <time>2026-08-09T11:54:41.072Z</time>
      </trkpt>
      <trkpt lat="50.730552" lon="8.221712">
        <ele>403.861318</ele>
        <time>2026-08-09T11:54:48.332Z</time>
      </trkpt>
      <trkpt lat="50.730597" lon="8.222071">
        <ele>402.494895</ele>
        <time>2026-08-09T11:54:52.701Z</time>
      </trkpt>
      <trkpt lat="50.730805" lon="8.222596">
        <ele>400.182394</ele>
        <time>2026-08-09T11:54:59.840Z</time>
      </trkpt>
      <trkpt lat="50.731057" lon="8.222678">
        <ele>398.664721</ele>
        <time>2026-08-09T11:55:04.395Z</time>
      </trkpt>
      <trkpt lat="50.731351" lon="8.222938">
        <ele>395.586724</ele>
        <time>2026-08-09T11:55:10.226Z</time>
      </trkpt>
      <trkpt lat="50.731719" lon="8.223775">
        <ele>388.378016</ele>
        <time>2026-08-09T11:55:21.042Z</time>
      </trkpt>
      <trkpt lat="50.731900" lon="8.224122">
        <ele>385.197450</ele>
        <time>2026-08-09T11:55:25.756Z</time>
      </trkpt>
      <trkpt lat="50.732051" lon="8.224275">
        <ele>383.192750</ele>
        <time>2026-08-09T11:55:28.745Z</time>
      </trkpt>
      <trkpt lat="50.732190" lon="8.224525">
        <ele>380.839020</ele>
        <time>2026-08-09T11:55:32.253Z</time>
      </trkpt>
      <trkpt lat="50.732329" lon="8.225285">
        <ele>375.528665</ele>
        <time>2026-08-09T11:55:40.692Z</time>
      </trkpt>
      <trkpt lat="50.732445" lon="8.225484">
        <ele>373.828988</ele>
        <time>2026-08-09T11:55:43.615Z</time>
      </trkpt>
      <trkpt lat="50.732568" lon="8.225836">
        <ele>371.302864</ele>
        <time>2026-08-09T11:55:47.984Z</time>
      </trkpt>
      <trkpt lat="50.732943" lon="8.226435">
        <ele>366.009691</ele>
        <time>2026-08-09T11:55:57.178Z</time>
      </trkpt>
      <trkpt lat="50.732978" lon="8.226544">
        <ele>365.241805</ele>
        <time>2026-08-09T11:55:58.505Z</time>
      </trkpt>
      <trkpt lat="50.732987" lon="8.226765">
        <ele>363.850485</ele>
        <time>2026-08-09T11:56:00.923Z</time>
      </trkpt>
      <trkpt lat="50.732989" lon="8.226814">
        <ele>363.542000</ele>
        <time>2026-08-09T11:56:01.466Z</time>
      </trkpt>
      <trkpt lat="50.733066" lon="8.227066">
        <ele>361.783958</ele>
        <time>2026-08-09T11:56:04.514Z</time>
      </trkpt>
      <trkpt lat="50.733269" lon="8.227416">
        <ele>359.511578</ele>
        <time>2026-08-09T11:56:09.691Z</time>
      </trkpt>
      <trkpt lat="50.733598" lon="8.227692">
        <ele>358.115318</ele>
        <time>2026-08-09T11:56:16.293Z</time>
      </trkpt>
      <trkpt lat="50.733920" lon="8.228711">
        <ele>355.413277</ele>
        <time>2026-08-09T11:56:30.986Z</time>
      </trkpt>
      <trkpt lat="50.733991" lon="8.228722">
        <ele>355.145869</ele>
        <time>2026-08-09T11:56:32.738Z</time>
      </trkpt>
      <trkpt lat="50.734029" lon="8.228672">
        <ele>354.960507</ele>
        <time>2026-08-09T11:56:33.942Z</time>
      </trkpt>
      <trkpt lat="50.734121" lon="8.227916">
        <ele>353.204222</ele>
        <time>2026-08-09T11:56:46.978Z</time>
      </trkpt>
      <trkpt lat="50.734242" lon="8.227623">
        <ele>353.250440</ele>
        <time>2026-08-09T11:56:53.344Z</time>
      </trkpt>
      <trkpt lat="50.734258" lon="8.227466">
        <ele>353.271447</ele>
        <time>2026-08-09T11:56:56.160Z</time>
      </trkpt>
      <trkpt lat="50.734285" lon="8.227415">
        <ele>353.280231</ele>
        <time>2026-08-09T11:56:57.534Z</time>
      </trkpt>
      <trkpt lat="50.734321" lon="8.227392">
        <ele>353.288336</ele>
        <time>2026-08-09T11:56:58.703Z</time>
      </trkpt>
      <trkpt lat="50.734586" lon="8.227480">
        <ele>353.344856</ele>
        <time>2026-08-09T11:57:07.639Z</time>
      </trkpt>
      <trkpt lat="50.734730" lon="8.227487">
        <ele>353.374927</ele>
        <time>2026-08-09T11:57:12.317Z</time>
      </trkpt>
      <trkpt lat="50.734948" lon="8.227664">
        <ele>353.426085</ele>
        <time>2026-08-09T11:57:20.545Z</time>
      </trkpt>
      <trkpt lat="50.735194" lon="8.227980">
        <ele>353.492259</ele>
        <time>2026-08-09T11:57:30.521Z</time>
      </trkpt>
      <trkpt lat="50.735264" lon="8.228031">
        <ele>353.508348</ele>
        <time>2026-08-09T11:57:32.491Z</time>
      </trkpt>
      <trkpt lat="50.735312" lon="8.228024">
        <ele>353.518409</ele>
        <time>2026-08-09T11:57:33.631Z</time>
      </trkpt>
      <trkpt lat="50.735375" lon="8.227946">
        <ele>353.535115</ele>
        <time>2026-08-09T11:57:35.405Z</time>
      </trkpt>
      <trkpt lat="50.735373" lon="8.227469">
        <ele>352.749754</ele>
        <time>2026-08-09T11:57:41.702Z</time>
      </trkpt>
      <trkpt lat="50.735423" lon="8.227173">
        <ele>351.242586</ele>
        <time>2026-08-09T11:57:45.507Z</time>
      </trkpt>
      <trkpt lat="50.735462" lon="8.227065">
        <ele>350.630873</ele>
        <time>2026-08-09T11:57:47.016Z</time>
      </trkpt>
      <trkpt lat="50.735553" lon="8.226978">
        <ele>349.804117</ele>
        <time>2026-08-09T11:57:49.054Z</time>
      </trkpt>
      <trkpt lat="50.735741" lon="8.226990">
        <ele>348.341594</ele>
        <time>2026-08-09T11:57:52.521Z</time>
      </trkpt>
      <trkpt lat="50.735819" lon="8.227042">
        <ele>347.683538</ele>
        <time>2026-08-09T11:57:54.057Z</time>
      </trkpt>
      <trkpt lat="50.736041" lon="8.227637">
        <ele>344.285634</ele>
        <time>2026-08-09T11:58:01.592Z</time>
      </trkpt>
      <trkpt lat="50.736057" lon="8.227855">
        <ele>343.205994</ele>
        <time>2026-08-09T11:58:03.943Z</time>
      </trkpt>
      <trkpt lat="50.736024" lon="8.228412">
        <ele>340.453847</ele>
        <time>2026-08-09T11:58:09.830Z</time>
      </trkpt>
      <trkpt lat="50.736109" lon="8.229236">
        <ele>338.258278</ele>
        <time>2026-08-09T11:58:18.753Z</time>
      </trkpt>
      <trkpt lat="50.736198" lon="8.229319">
        <ele>337.927702</ele>
        <time>2026-08-09T11:58:20.598Z</time>
      </trkpt>
      <trkpt lat="50.736779" lon="8.229376">
        <ele>336.065663</ele>
        <time>2026-08-09T11:58:32.375Z</time>
      </trkpt>
      <trkpt lat="50.736912" lon="8.229265">
        <ele>335.584533</ele>
        <time>2026-08-09T11:58:36.671Z</time>
      </trkpt>
      <trkpt lat="50.737001" lon="8.229093">
        <ele>335.134767</ele>
        <time>2026-08-09T11:58:41.479Z</time>
      </trkpt>
      <trkpt lat="50.737394" lon="8.227670">
        <ele>334.846169</ele>
        <time>2026-08-09T11:59:21.242Z</time>
      </trkpt>
      <trkpt lat="50.737592" lon="8.226588">
        <ele>336.084265</ele>
        <time>2026-08-09T11:59:43.807Z</time>
      </trkpt>
      <trkpt lat="50.737749" lon="8.226083">
        <ele>336.702740</ele>
        <time>2026-08-09T11:59:52.758Z</time>
      </trkpt>
      <trkpt lat="50.737792" lon="8.225858">
        <ele>336.961098</ele>
        <time>2026-08-09T11:59:56.281Z</time>
      </trkpt>
      <trkpt lat="50.737832" lon="8.225113">
        <ele>336.261816</ele>
        <time>2026-08-09T12:00:07.528Z</time>
      </trkpt>
      <trkpt lat="50.737882" lon="8.224690">
        <ele>335.854417</ele>
        <time>2026-08-09T12:00:13.892Z</time>
      </trkpt>
      <trkpt lat="50.738185" lon="8.223662">
        <ele>334.780789</ele>
        <time>2026-08-09T12:00:29.964Z</time>
      </trkpt>
      <trkpt lat="50.738189" lon="8.223576">
        <ele>334.699150</ele>
        <time>2026-08-09T12:00:31.142Z</time>
      </trkpt>
      <trkpt lat="50.738206" lon="8.223225">
        <ele>334.365873</ele>
        <time>2026-08-09T12:00:35.930Z</time>
      </trkpt>
      <trkpt lat="50.737853" lon="8.220777">
        <ele>329.866186</ele>
        <time>2026-08-09T12:01:08.826Z</time>
      </trkpt>
      <trkpt lat="50.737706" lon="8.220231">
        <ele>328.472339</ele>
        <time>2026-08-09T12:01:17.085Z</time>
      </trkpt>
      <trkpt lat="50.737428" lon="8.219064">
        <ele>323.864194</ele>
        <time>2026-08-09T12:01:33.361Z</time>
      </trkpt>
      <trkpt lat="50.737242" lon="8.218207">
        <ele>320.516006</ele>
        <time>2026-08-09T12:01:43.580Z</time>
      </trkpt>
      <trkpt lat="50.737158" lon="8.217624">
        <ele>318.227132</ele>
        <time>2026-08-09T12:01:50.128Z</time>
      </trkpt>
      <trkpt lat="50.737827" lon="8.217413">
        <ele>313.103584</ele>
        <time>2026-08-09T12:02:01.965Z</time>
      </trkpt>
      <trkpt lat="50.737778" lon="8.216828">
        <ele>310.298783</ele>
        <time>2026-08-09T12:02:05.209Z</time>
      </trkpt>
      <trkpt lat="50.737827" lon="8.217413">
        <ele>307.493982</ele>
        <time>2026-08-09T12:02:08.465Z</time>
      </trkpt>
      <trkpt lat="50.737928" lon="8.217675">
        <ele>306.035839</ele>
        <time>2026-08-09T12:02:10.248Z</time>
      </trkpt>
      <trkpt lat="50.738072" lon="8.217812">
        <ele>304.897651</ele>
        <time>2026-08-09T12:02:11.908Z</time>
      </trkpt>
      <trkpt lat="50.738255" lon="8.217842">
        <ele>304.085670</ele>
        <time>2026-08-09T12:02:13.828Z</time>
      </trkpt>
      <trkpt lat="50.738442" lon="8.217817">
        <ele>303.257422</ele>
        <time>2026-08-09T12:02:15.696Z</time>
      </trkpt>
      <trkpt lat="50.738740" lon="8.217773">
        <ele>301.936510</ele>
        <time>2026-08-09T12:02:18.580Z</time>
      </trkpt>
      <trkpt lat="50.738823" lon="8.218492">
        <ele>299.895187</ele>
        <time>2026-08-09T12:02:23.665Z</time>
      </trkpt>
      <trkpt lat="50.738838" lon="8.218621">
        <ele>299.528856</ele>
        <time>2026-08-09T12:02:24.426Z</time>
      </trkpt>
      <trkpt lat="50.739413" lon="8.218509">
        <ele>297.045719</ele>
        <time>2026-08-09T12:02:31.000Z</time>
      </trkpt>
      <trkpt lat="50.739771" lon="8.218430">
        <ele>296.165147</ele>
        <time>2026-08-09T12:02:34.997Z</time>
      </trkpt>
      <trkpt lat="50.739764" lon="8.221241">
        <ele>292.754986</ele>
        <time>2026-08-09T12:02:54.292Z</time>
      </trkpt>
      <trkpt lat="50.740448" lon="8.221148">
        <ele>292.754986</ele>
        <time>2026-08-09T12:03:01.677Z</time>
      </trkpt>
      <trkpt lat="50.740294" lon="8.221929">
        <ele>292.754986</ele>
        <time>2026-08-09T12:03:07.180Z</time>
      </trkpt>
    </trkseg>
  </trk>
</gpx>