<?xml version='1.0' encoding='UTF-8'?>
<gpx version="1.1" creator="https://www.komoot.de" xmlns="http://www.topografix.com/GPX/1/1" xmlns:xsi="http://www.w3.org/2001/XMLSchema-instance" xsi:schemaLocation="http://www.topografix.com/GPX/1/1 http://www.topografix.com/GPX/1/1/gpx.xsd">
  <metadata>
    <name>⭐️ 🏡 Über den Knoten</name>
    <author>
      <link href="https://www.komoot.de">
        <text>komoot</text>
        <type>text/html</type>
      </link>
    </author>
  </metadata>
  <wpt lat="50.433511" lon="8.483580">
    <name>Rock Face in the Taunus</name>
    <sym>Flag, Blue</sym>
  </wpt>
  <wpt lat="50.411065" lon="8.457868">
    <name>Siegfriedseiche Wind Farm</name>
    <sym>Flag, Blue</sym>
  </wpt>
  <wpt lat="50.403550" lon="8.400546">
    <name>Wiesbach Trail</name>
    <sym>Flag, Blue</sym>
  </wpt>
  <wpt lat="50.446310" lon="8.361822">
    <name>Weiltal Cycle Path – Old Railway Line Weilmünster to Weilburg</name>
    <sym>Flag, Blue</sym>
  </wpt>
  <wpt lat="50.477045" lon="8.267320">
    <name>Leinpfad</name>
    <sym>Flag, Blue</sym>
  </wpt>
  <wpt lat="50.484017" lon="8.266053">
    <name>View of Weilburg Castle</name>
    <sym>Flag, Blue</sym>
  </wpt>
  <wpt lat="50.495003" lon="8.271340">
    <name>Lahn Riverside Path</name>
    <sym>Flag, Blue</sym>
  </wpt>
  <wpt lat="50.509933" lon="8.276837">
    <name>Iron Footbridge, Löhnberg</name>
    <sym>Bridge</sym>
  </wpt>
  <wpt lat="50.520132" lon="8.263286">
    <name>Kallenbachtal cycle path near Löhnberg</name>
    <sym>Flag, Blue</sym>
  </wpt>
  <wpt lat="50.559417" lon="8.241840">
    <name>Kallenbachtal Cycle Path Entrance</name>
    <sym>Flag, Blue</sym>
  </wpt>
  <wpt lat="50.575810" lon="8.168470">
    <name>Dicke Baam Linden Tree and Holy Cross Church Memorial</name>
    <sym>Flag, Blue</sym>
  </wpt>
  <wpt lat="50.589330" lon="8.154960">
    <name>View of the Taunus</name>
    <sym>Flag, Blue</sym>
  </wpt>
  <wpt lat="50.599728" lon="8.154021">
    <name>Protective cover on the knot</name>
    <sym>Flag, Blue</sym>
  </wpt>
  <wpt lat="50.639652" lon="8.160516">
    <name>View over the rolling hills</name>
    <sym>Flag, Blue</sym>
  </wpt>
  <wpt lat="50.668163" lon="8.165305">
    <name>Bartenstein Rock Formation</name>
    <sym>Flag, Blue</sym>
  </wpt>
  <wpt lat="50.704851" lon="8.180875">
    <name>Balkan tunnel</name>
    <sym>Flag, Blue</sym>
  </wpt>
  <trk>
    <name>⭐️ 🏡 Über den Knoten</name>
    <type>mtb_easy</type>
    <trkseg>
      <trkpt lat="50.433256" lon="8.497247">
        <ele>238.253245</ele>
        <time>2026-08-09T08:11:26.315Z</time>
      </trkpt>
      <trkpt lat="50.433034" lon="8.496315">
        <ele>238.253245</ele>
        <time>2026-08-09T08:11:37.520Z</time>
      </trkpt>
      <trkpt lat="50.432987" lon="8.496202">
        <ele>238.253245</ele>
        <time>2026-08-09T08:11:39.036Z</time>
      </trkpt>
      <trkpt lat="50.433015" lon="8.495998">
        <ele>238.253245</ele>
        <time>2026-08-09T08:11:42.127Z</time>
      </trkpt>
      <trkpt lat="50.432992" lon="8.495912">
        <ele>238.251651</ele>
        <time>2026-08-09T08:11:43.544Z</time>
      </trkpt>
      <trkpt lat="50.433236" lon="8.495242">
        <ele>238.190418</ele>
        <time>2026-08-09T08:11:52.232Z</time>
      </trkpt>
      <trkpt lat="50.432928" lon="8.494988">
        <ele>238.147083</ele>
        <time>2026-08-09T08:11:58.108Z</time>
      </trkpt>
      <trkpt lat="50.432812" lon="8.494893">
        <ele>238.130786</ele>
        <time>2026-08-09T08:12:00.308Z</time>
      </trkpt>
      <trkpt lat="50.432549" lon="8.494677">
        <ele>238.093815</ele>
        <time>2026-08-09T08:12:05.241Z</time>
      </trkpt>
      <trkpt lat="50.432679" lon="8.493514">
        <ele>238.014207</ele>
        <time>2026-08-09T08:12:17.340Z</time>
      </trkpt>
      <trkpt lat="50.432892" lon="8.491592">
        <ele>237.934352</ele>
        <time>2026-08-09T08:12:38.321Z</time>
      </trkpt>
      <trkpt lat="50.432912" lon="8.489820">
        <ele>237.053552</ele>
        <time>2026-08-09T08:12:58.919Z</time>
      </trkpt>
      <trkpt lat="50.433062" lon="8.488870">
        <ele>236.388599</ele>
        <time>2026-08-09T08:13:07.735Z</time>
      </trkpt>
      <trkpt lat="50.433144" lon="8.488790">
        <ele>236.285627</ele>
        <time>2026-08-09T08:13:09.000Z</time>
      </trkpt>
      <trkpt lat="50.433478" lon="8.488789">
        <ele>235.893294</ele>
        <time>2026-08-09T08:13:13.282Z</time>
      </trkpt>
      <trkpt lat="50.433554" lon="8.488677">
        <ele>235.721169</ele>
        <time>2026-08-09T08:13:14.589Z</time>
      </trkpt>
      <trkpt lat="50.433827" lon="8.487461">
        <ele>234.365052</ele>
        <time>2026-08-09T08:13:25.094Z</time>
      </trkpt>
      <trkpt lat="50.433963" lon="8.486912">
        <ele>233.745480</ele>
        <time>2026-08-09T08:13:30.198Z</time>
      </trkpt>
      <trkpt lat="50.434483" lon="8.484795">
        <ele>235.961537</ele>
        <time>2026-08-09T08:14:00.514Z</time>
      </trkpt>
      <trkpt lat="50.434223" lon="8.484552">
        <ele>236.842068</ele>
        <time>2026-08-09T08:14:12.057Z</time>
      </trkpt>
      <trkpt lat="50.434069" lon="8.484368">
        <ele>237.405235</ele>
        <time>2026-08-09T08:14:20.546Z</time>
      </trkpt>
      <trkpt lat="50.434023" lon="8.484348">
        <ele>237.544135</ele>
        <time>2026-08-09T08:14:22.640Z</time>
      </trkpt>
      <trkpt lat="50.433640" lon="8.483752">
        <ele>239.964632</ele>
        <time>2026-08-09T08:14:55.451Z</time>
      </trkpt>
      <trkpt lat="50.433563" lon="8.483653">
        <ele>240.542899</ele>
        <time>2026-08-09T08:15:02.018Z</time>
      </trkpt>
      <trkpt lat="50.433554" lon="8.483641">
        <ele>240.611505</ele>
        <time>2026-08-09T08:15:02.627Z</time>
      </trkpt>
      <trkpt lat="50.433504" lon="8.483608">
        <ele>240.926641</ele>
        <time>2026-08-09T08:15:05.574Z</time>
      </trkpt>
      <trkpt lat="50.433207" lon="8.483410">
        <ele>242.801402</ele>
        <time>2026-08-09T08:15:22.020Z</time>
      </trkpt>
      <trkpt lat="50.432962" lon="8.483338">
        <ele>244.249617</ele>
        <time>2026-08-09T08:15:34.000Z</time>
      </trkpt>
      <trkpt lat="50.432749" lon="8.483390">
        <ele>245.502056</ele>
        <time>2026-08-09T08:15:43.652Z</time>
      </trkpt>
      <trkpt lat="50.432590" lon="8.483510">
        <ele>246.527080</ele>
        <time>2026-08-09T08:15:50.953Z</time>
      </trkpt>
      <trkpt lat="50.432432" lon="8.483682">
        <ele>247.644200</ele>
        <time>2026-08-09T08:15:58.562Z</time>
      </trkpt>
      <trkpt lat="50.432114" lon="8.484183">
        <ele>249.757586</ele>
        <time>2026-08-09T08:16:16.415Z</time>
      </trkpt>
      <trkpt lat="50.431745" lon="8.484506">
        <ele>251.414852</ele>
        <time>2026-08-09T08:16:32.563Z</time>
      </trkpt>
      <trkpt lat="50.431142" lon="8.484780">
        <ele>253.877309</ele>
        <time>2026-08-09T08:16:54.530Z</time>
      </trkpt>
      <trkpt lat="50.430748" lon="8.485158">
        <ele>255.688606</ele>
        <time>2026-08-09T08:17:10.997Z</time>
      </trkpt>
      <trkpt lat="50.429999" lon="8.486050">
        <ele>259.338018</ele>
        <time>2026-08-09T08:17:44.159Z</time>
      </trkpt>
      <trkpt lat="50.429404" lon="8.486444">
        <ele>261.844181</ele>
        <time>2026-08-09T08:18:08.428Z</time>
      </trkpt>
      <trkpt lat="50.428670" lon="8.486861">
        <ele>265.139048</ele>
        <time>2026-08-09T08:18:38.575Z</time>
      </trkpt>
      <trkpt lat="50.428421" lon="8.487092">
        <ele>266.401563</ele>
        <time>2026-08-09T08:18:49.534Z</time>
      </trkpt>
      <trkpt lat="50.427704" lon="8.487953">
        <ele>270.342056</ele>
        <time>2026-08-09T08:19:24.450Z</time>
      </trkpt>
      <trkpt lat="50.427564" lon="8.488081">
        <ele>271.208190</ele>
        <time>2026-08-09T08:19:30.936Z</time>
      </trkpt>
      <trkpt lat="50.427371" lon="8.488110">
        <ele>272.351667</ele>
        <time>2026-08-09T08:19:38.854Z</time>
      </trkpt>
      <trkpt lat="50.426921" lon="8.488033">
        <ele>275.021396</ele>
        <time>2026-08-09T08:19:58.160Z</time>
      </trkpt>
      <trkpt lat="50.426453" lon="8.487716">
        <ele>278.027580</ele>
        <time>2026-08-09T08:20:21.379Z</time>
      </trkpt>
      <trkpt lat="50.425499" lon="8.486799">
        <ele>285.300159</ele>
        <time>2026-08-09T08:21:19.651Z</time>
      </trkpt>
      <trkpt lat="50.424464" lon="8.485496">
        <ele>294.236582</ele>
        <time>2026-08-09T08:22:30.151Z</time>
      </trkpt>
      <trkpt lat="50.424407" lon="8.484960">
        <ele>295.295593</ele>
        <time>2026-08-09T08:22:48.566Z</time>
      </trkpt>
      <trkpt lat="50.424251" lon="8.483968">
        <ele>297.286834</ele>
        <time>2026-08-09T08:23:16.198Z</time>
      </trkpt>
      <trkpt lat="50.424201" lon="8.483430">
        <ele>298.346392</ele>
        <time>2026-08-09T08:23:28.617Z</time>
      </trkpt>
      <trkpt lat="50.424077" lon="8.482908">
        <ele>299.435845</ele>
        <time>2026-08-09T08:23:41.548Z</time>
      </trkpt>
      <trkpt lat="50.423937" lon="8.482679">
        <ele>300.149945</ele>
        <time>2026-08-09T08:23:49.535Z</time>
      </trkpt>
      <trkpt lat="50.423703" lon="8.481864">
        <ele>302.161309</ele>
        <time>2026-08-09T08:24:13.056Z</time>
      </trkpt>
      <trkpt lat="50.423304" lon="8.481133">
        <ele>304.327147</ele>
        <time>2026-08-09T08:24:43.211Z</time>
      </trkpt>
      <trkpt lat="50.423208" lon="8.480776">
        <ele>305.199026</ele>
        <time>2026-08-09T08:24:56.790Z</time>
      </trkpt>
      <trkpt lat="50.423271" lon="8.480417">
        <ele>306.322934</ele>
        <time>2026-08-09T08:25:10.391Z</time>
      </trkpt>
      <trkpt lat="50.421945" lon="8.479127">
        <ele>317.522556</ele>
        <time>2026-08-09T08:26:51.672Z</time>
      </trkpt>
      <trkpt lat="50.420524" lon="8.478544">
        <ele>329.202985</ele>
        <time>2026-08-09T08:28:33.467Z</time>
      </trkpt>
      <trkpt lat="50.419896" lon="8.478392">
        <ele>334.029247</ele>
        <time>2026-08-09T08:29:16.131Z</time>
      </trkpt>
      <trkpt lat="50.419530" lon="8.477566">
        <ele>337.921435</ele>
        <time>2026-08-09T08:29:57.789Z</time>
      </trkpt>
      <trkpt lat="50.419513" lon="8.476721">
        <ele>341.192031</ele>
        <time>2026-08-09T08:30:29.804Z</time>
      </trkpt>
      <trkpt lat="50.419284" lon="8.475961">
        <ele>344.239284</ele>
        <time>2026-08-09T08:30:58.099Z</time>
      </trkpt>
      <trkpt lat="50.418484" lon="8.473481">
        <ele>349.250815</ele>
        <time>2026-08-09T08:32:12.615Z</time>
      </trkpt>
      <trkpt lat="50.418419" lon="8.473280">
        <ele>350.090437</ele>
        <time>2026-08-09T08:32:18.864Z</time>
      </trkpt>
      <trkpt lat="50.418077" lon="8.473343">
        <ele>352.103502</ele>
        <time>2026-08-09T08:32:34.721Z</time>
      </trkpt>
      <trkpt lat="50.417892" lon="8.473332">
        <ele>353.185792</ele>
        <time>2026-08-09T08:32:44.122Z</time>
      </trkpt>
      <trkpt lat="50.417598" lon="8.473139">
        <ele>355.048823</ele>
        <time>2026-08-09T08:33:02.387Z</time>
      </trkpt>
      <trkpt lat="50.417195" lon="8.472763">
        <ele>357.789661</ele>
        <time>2026-08-09T08:33:33.098Z</time>
      </trkpt>
      <trkpt lat="50.417038" lon="8.472495">
        <ele>359.145771</ele>
        <time>2026-08-09T08:33:50.110Z</time>
      </trkpt>
      <trkpt lat="50.416901" lon="8.472162">
        <ele>360.849164</ele>
        <time>2026-08-09T08:34:09.455Z</time>
      </trkpt>
      <trkpt lat="50.416840" lon="8.471626">
        <ele>363.311918</ele>
        <time>2026-08-09T08:34:35.667Z</time>
      </trkpt>
      <trkpt lat="50.416778" lon="8.471347">
        <ele>364.648410</ele>
        <time>2026-08-09T08:34:49.171Z</time>
      </trkpt>
      <trkpt lat="50.416511" lon="8.471079">
        <ele>366.898198</ele>
        <time>2026-08-09T08:35:10.641Z</time>
      </trkpt>
      <trkpt lat="50.416251" lon="8.470867">
        <ele>368.978040</ele>
        <time>2026-08-09T08:35:29.277Z</time>
      </trkpt>
      <trkpt lat="50.416941" lon="8.471037">
        <ele>372.571701</ele>
        <time>2026-08-09T08:36:06.677Z</time>
      </trkpt>
      <trkpt lat="50.417461" lon="8.470136">
        <ele>373.396384</ele>
        <time>2026-08-09T08:36:33.350Z</time>
      </trkpt>
      <trkpt lat="50.417906" lon="8.469920">
        <ele>373.892300</ele>
        <time>2026-08-09T08:36:47.950Z</time>
      </trkpt>
      <trkpt lat="50.418503" lon="8.470281">
        <ele>374.511248</ele>
        <time>2026-08-09T08:37:07.271Z</time>
      </trkpt>
      <trkpt lat="50.418747" lon="8.470296">
        <ele>374.721853</ele>
        <time>2026-08-09T08:37:14.531Z</time>
      </trkpt>
      <trkpt lat="50.418966" lon="8.470263">
        <ele>374.911603</ele>
        <time>2026-08-09T08:37:21.393Z</time>
      </trkpt>
      <trkpt lat="50.419347" lon="8.470373">
        <ele>375.245719</ele>
        <time>2026-08-09T08:37:34.862Z</time>
      </trkpt>
      <trkpt lat="50.420100" lon="8.470929">
        <ele>376.661059</ele>
        <time>2026-08-09T08:38:09.605Z</time>
      </trkpt>
      <trkpt lat="50.420463" lon="8.470939">
        <ele>378.288164</ele>
        <time>2026-08-09T08:38:26.967Z</time>
      </trkpt>
      <trkpt lat="50.420748" lon="8.470779">
        <ele>379.644700</ele>
        <time>2026-08-09T08:38:42.431Z</time>
      </trkpt>
      <trkpt lat="50.419669" lon="8.468762">
        <ele>387.493548</ele>
        <time>2026-08-09T08:40:18.263Z</time>
      </trkpt>
      <trkpt lat="50.418046" lon="8.466122">
        <ele>397.630494</ele>
        <time>2026-08-09T08:42:19.484Z</time>
      </trkpt>
      <trkpt lat="50.417942" lon="8.466112">
        <ele>398.031285</ele>
        <time>2026-08-09T08:42:24.604Z</time>
      </trkpt>
      <trkpt lat="50.417234" lon="8.466130">
        <ele>399.871961</ele>
        <time>2026-08-09T08:42:57.086Z</time>
      </trkpt>
      <trkpt lat="50.417042" lon="8.466174">
        <ele>400.028198</ele>
        <time>2026-08-09T08:43:05.140Z</time>
      </trkpt>
      <trkpt lat="50.416291" lon="8.466629">
        <ele>400.676393</ele>
        <time>2026-08-09T08:43:34.623Z</time>
      </trkpt>
      <trkpt lat="50.416159" lon="8.466757">
        <ele>400.801331</ele>
        <time>2026-08-09T08:43:39.613Z</time>
      </trkpt>
      <trkpt lat="50.415703" lon="8.466999">
        <ele>400.975735</ele>
        <time>2026-08-09T08:43:54.916Z</time>
      </trkpt>
      <trkpt lat="50.415459" lon="8.467175">
        <ele>400.742205</ele>
        <time>2026-08-09T08:44:03.460Z</time>
      </trkpt>
      <trkpt lat="50.415108" lon="8.467367">
        <ele>400.418953</ele>
        <time>2026-08-09T08:44:15.090Z</time>
      </trkpt>
      <trkpt lat="50.414941" lon="8.467420">
        <ele>400.270785</ele>
        <time>2026-08-09T08:44:20.375Z</time>
      </trkpt>
      <trkpt lat="50.415043" lon="8.467047">
        <ele>400.045858</ele>
        <time>2026-08-09T08:44:27.933Z</time>
      </trkpt>
      <trkpt lat="50.415110" lon="8.462829">
        <ele>397.704880</ele>
        <time>2026-08-09T08:45:46.837Z</time>
      </trkpt>
      <trkpt lat="50.414848" lon="8.462491">
        <ele>397.505850</ele>
        <time>2026-08-09T08:45:57.494Z</time>
      </trkpt>
      <trkpt lat="50.414574" lon="8.462022">
        <ele>397.267920</ele>
        <time>2026-08-09T08:46:10.211Z</time>
      </trkpt>
      <trkpt lat="50.413293" lon="8.459644">
        <ele>397.017123</ele>
        <time>2026-08-09T08:47:09.277Z</time>
      </trkpt>
      <trkpt lat="50.413013" lon="8.459266">
        <ele>397.077394</ele>
        <time>2026-08-09T08:47:21.996Z</time>
      </trkpt>
      <trkpt lat="50.411319" lon="8.457916">
        <ele>401.906411</ele>
        <time>2026-08-09T08:48:48.214Z</time>
      </trkpt>
      <trkpt lat="50.411078" lon="8.457983">
        <ele>402.509610</ele>
        <time>2026-08-09T08:48:58.970Z</time>
      </trkpt>
      <trkpt lat="50.409373" lon="8.458454">
        <ele>406.019512</ele>
        <time>2026-08-09T08:50:04.230Z</time>
      </trkpt>
      <trkpt lat="50.408184" lon="8.458728">
        <ele>404.541678</ele>
        <time>2026-08-09T08:50:22.972Z</time>
      </trkpt>
      <trkpt lat="50.407971" lon="8.456611">
        <ele>402.767035</ele>
        <time>2026-08-09T08:50:44.373Z</time>
      </trkpt>
      <trkpt lat="50.407670" lon="8.452799">
        <ele>399.901546</ele>
        <time>2026-08-09T08:51:26.222Z</time>
      </trkpt>
      <trkpt lat="50.407006" lon="8.450016">
        <ele>396.882709</ele>
        <time>2026-08-09T08:51:56.206Z</time>
      </trkpt>
      <trkpt lat="50.406754" lon="8.449261">
        <ele>396.006935</ele>
        <time>2026-08-09T08:52:04.655Z</time>
      </trkpt>
      <trkpt lat="50.405734" lon="8.446574">
        <ele>394.055859</ele>
        <time>2026-08-09T08:52:36.671Z</time>
      </trkpt>
      <trkpt lat="50.405684" lon="8.446383">
        <ele>394.141269</ele>
        <time>2026-08-09T08:52:39.383Z</time>
      </trkpt>
      <trkpt lat="50.404197" lon="8.443609">
        <ele>393.983972</ele>
        <time>2026-08-09T08:53:41.908Z</time>
      </trkpt>
      <trkpt lat="50.403115" lon="8.441421">
        <ele>385.129822</ele>
        <time>2026-08-09T08:54:05.305Z</time>
      </trkpt>
      <trkpt lat="50.402460" lon="8.440198">
        <ele>376.200015</ele>
        <time>2026-08-09T08:54:17.314Z</time>
      </trkpt>
      <trkpt lat="50.402247" lon="8.439283">
        <ele>369.126888</ele>
        <time>2026-08-09T08:54:24.535Z</time>
      </trkpt>
      <trkpt lat="50.401665" lon="8.437296">
        <ele>354.280772</ele>
        <time>2026-08-09T08:54:40.974Z</time>
      </trkpt>
      <trkpt lat="50.401393" lon="8.436269">
        <ele>347.499214</ele>
        <time>2026-08-09T08:54:49.483Z</time>
      </trkpt>
      <trkpt lat="50.401411" lon="8.436082">
        <ele>346.345990</ele>
        <time>2026-08-09T08:54:50.949Z</time>
      </trkpt>
      <trkpt lat="50.401485" lon="8.435858">
        <ele>344.807520</ele>
        <time>2026-08-09T08:54:52.921Z</time>
      </trkpt>
      <trkpt lat="50.401724" lon="8.435322">
        <ele>341.349937</ele>
        <time>2026-08-09T08:54:58.090Z</time>
      </trkpt>
      <trkpt lat="50.401881" lon="8.435080">
        <ele>339.915943</ele>
        <time>2026-08-09T08:55:00.847Z</time>
      </trkpt>
      <trkpt lat="50.401805" lon="8.433557">
        <ele>333.571798</ele>
        <time>2026-08-09T08:55:23.440Z</time>
      </trkpt>
      <trkpt lat="50.401676" lon="8.432615">
        <ele>330.046927</ele>
        <time>2026-08-09T08:55:37.811Z</time>
      </trkpt>
      <trkpt lat="50.401604" lon="8.432372">
        <ele>329.377750</ele>
        <time>2026-08-09T08:55:41.910Z</time>
      </trkpt>
      <trkpt lat="50.401149" lon="8.431688">
        <ele>326.908903</ele>
        <time>2026-08-09T08:55:57.451Z</time>
      </trkpt>
      <trkpt lat="50.401030" lon="8.431020">
        <ele>325.176830</ele>
        <time>2026-08-09T08:56:03.838Z</time>
      </trkpt>
      <trkpt lat="50.400732" lon="8.430692">
        <ele>323.750658</ele>
        <time>2026-08-09T08:56:09.278Z</time>
      </trkpt>
      <trkpt lat="50.399881" lon="8.429882">
        <ele>320.682593</ele>
        <time>2026-08-09T08:56:24.518Z</time>
      </trkpt>
      <trkpt lat="50.399050" lon="8.429314">
        <ele>317.577519</ele>
        <time>2026-08-09T08:56:37.330Z</time>
      </trkpt>
      <trkpt lat="50.398968" lon="8.429089">
        <ele>316.517780</ele>
        <time>2026-08-09T08:56:39.544Z</time>
      </trkpt>
      <trkpt lat="50.399033" lon="8.428337">
        <ele>313.414828</ele>
        <time>2026-08-09T08:56:45.793Z</time>
      </trkpt>
      <trkpt lat="50.399334" lon="8.427694">
        <ele>310.152908</ele>
        <time>2026-08-09T08:56:52.171Z</time>
      </trkpt>
      <trkpt lat="50.399717" lon="8.426449">
        <ele>304.852960</ele>
        <time>2026-08-09T08:57:03.070Z</time>
      </trkpt>
      <trkpt lat="50.399874" lon="8.425318">
        <ele>300.896253</ele>
        <time>2026-08-09T08:57:12.734Z</time>
      </trkpt>
      <trkpt lat="50.399974" lon="8.425147">
        <ele>300.102999</ele>
        <time>2026-08-09T08:57:14.767Z</time>
      </trkpt>
      <trkpt lat="50.400085" lon="8.425093">
        <ele>299.479782</ele>
        <time>2026-08-09T08:57:16.385Z</time>
      </trkpt>
      <trkpt lat="50.400175" lon="8.425152">
        <ele>298.956701</ele>
        <time>2026-08-09T08:57:17.747Z</time>
      </trkpt>
      <trkpt lat="50.400463" lon="8.425468">
        <ele>297.072007</ele>
        <time>2026-08-09T08:57:22.720Z</time>
      </trkpt>
      <trkpt lat="50.400676" lon="8.425406">
        <ele>296.059268</ele>
        <time>2026-08-09T08:57:25.775Z</time>
      </trkpt>
      <trkpt lat="50.400404" lon="8.424860">
        <ele>294.013141</ele>
        <time>2026-08-09T08:57:37.698Z</time>
      </trkpt>
      <trkpt lat="50.400361" lon="8.424582">
        <ele>293.168468</ele>
        <time>2026-08-09T08:57:42.522Z</time>
      </trkpt>
      <trkpt lat="50.400353" lon="8.424164">
        <ele>291.933682</ele>
        <time>2026-08-09T08:57:49.444Z</time>
      </trkpt>
      <trkpt lat="50.400288" lon="8.423908">
        <ele>291.120028</ele>
        <time>2026-08-09T08:57:53.951Z</time>
      </trkpt>
      <trkpt lat="50.400094" lon="8.423521">
        <ele>289.666290</ele>
        <time>2026-08-09T08:58:01.842Z</time>
      </trkpt>
      <trkpt lat="50.399900" lon="8.422979">
        <ele>287.728285</ele>
        <time>2026-08-09T08:58:11.862Z</time>
      </trkpt>
      <trkpt lat="50.399751" lon="8.422411">
        <ele>285.693613</ele>
        <time>2026-08-09T08:58:21.861Z</time>
      </trkpt>
      <trkpt lat="50.398585" lon="8.420502">
        <ele>277.042513</ele>
        <time>2026-08-09T08:59:05.271Z</time>
      </trkpt>
      <trkpt lat="50.398193" lon="8.419859">
        <ele>274.227415</ele>
        <time>2026-08-09T08:59:19.881Z</time>
      </trkpt>
      <trkpt lat="50.397933" lon="8.419280">
        <ele>271.986534</ele>
        <time>2026-08-09T08:59:31.525Z</time>
      </trkpt>
      <trkpt lat="50.397817" lon="8.418397">
        <ele>269.339497</ele>
        <time>2026-08-09T08:59:46.306Z</time>
      </trkpt>
      <trkpt lat="50.397744" lon="8.418357">
        <ele>269.018117</ele>
        <time>2026-08-09T08:59:47.224Z</time>
      </trkpt>
      <trkpt lat="50.397598" lon="8.418192">
        <ele>268.270242</ele>
        <time>2026-08-09T08:59:49.385Z</time>
      </trkpt>
      <trkpt lat="50.397456" lon="8.418103">
        <ele>267.634698</ele>
        <time>2026-08-09T08:59:51.241Z</time>
      </trkpt>
      <trkpt lat="50.397247" lon="8.418296">
        <ele>266.626720</ele>
        <time>2026-08-09T08:59:54.764Z</time>
      </trkpt>
      <trkpt lat="50.397121" lon="8.418022">
        <ele>265.731600</ele>
        <time>2026-08-09T08:59:57.784Z</time>
      </trkpt>
      <trkpt lat="50.396709" lon="8.417423">
        <ele>263.396902</ele>
        <time>2026-08-09T09:00:05.616Z</time>
      </trkpt>
      <trkpt lat="50.396438" lon="8.416838">
        <ele>261.225043</ele>
        <time>2026-08-09T09:00:12.043Z</time>
      </trkpt>
      <trkpt lat="50.396270" lon="8.416627">
        <ele>260.171739</ele>
        <time>2026-08-09T09:00:15.032Z</time>
      </trkpt>
      <trkpt lat="50.395390" lon="8.415883">
        <ele>255.279068</ele>
        <time>2026-08-09T09:00:28.292Z</time>
      </trkpt>
      <trkpt lat="50.395161" lon="8.415652">
        <ele>253.945701</ele>
        <time>2026-08-09T09:00:31.815Z</time>
      </trkpt>
      <trkpt lat="50.394734" lon="8.415098">
        <ele>251.220351</ele>
        <time>2026-08-09T09:00:39.000Z</time>
      </trkpt>
      <trkpt lat="50.394623" lon="8.414912">
        <ele>250.421518</ele>
        <time>2026-08-09T09:00:41.119Z</time>
      </trkpt>
      <trkpt lat="50.394438" lon="8.414537">
        <ele>248.934807</ele>
        <time>2026-08-09T09:00:45.083Z</time>
      </trkpt>
      <trkpt lat="50.394292" lon="8.414082">
        <ele>247.337679</ele>
        <time>2026-08-09T09:00:49.416Z</time>
      </trkpt>
      <trkpt lat="50.394213" lon="8.413538">
        <ele>245.588327</ele>
        <time>2026-08-09T09:00:54.305Z</time>
      </trkpt>
      <trkpt lat="50.394016" lon="8.412872">
        <ele>244.824508</ele>
        <time>2026-08-09T09:01:01.184Z</time>
      </trkpt>
      <trkpt lat="50.393806" lon="8.411983">
        <ele>244.153803</ele>
        <time>2026-08-09T09:01:11.387Z</time>
      </trkpt>
      <trkpt lat="50.393549" lon="8.411342">
        <ele>243.618103</ele>
        <time>2026-08-09T09:01:21.277Z</time>
      </trkpt>
      <trkpt lat="50.393265" lon="8.410957">
        <ele>243.125103</ele>
        <time>2026-08-09T09:01:29.392Z</time>
      </trkpt>
      <trkpt lat="50.392996" lon="8.410490">
        <ele>242.226950</ele>
        <time>2026-08-09T09:01:37.041Z</time>
      </trkpt>
      <trkpt lat="50.392816" lon="8.409942">
        <ele>241.347244</ele>
        <time>2026-08-09T09:01:43.507Z</time>
      </trkpt>
      <trkpt lat="50.392750" lon="8.409526">
        <ele>240.735492</ele>
        <time>2026-08-09T09:01:47.608Z</time>
      </trkpt>
      <trkpt lat="50.392729" lon="8.409068">
        <ele>240.080221</ele>
        <time>2026-08-09T09:01:51.760Z</time>
      </trkpt>
      <trkpt lat="50.393080" lon="8.407250">
        <ele>234.798062</ele>
        <time>2026-08-09T09:02:07.874Z</time>
      </trkpt>
      <trkpt lat="50.393144" lon="8.406056">
        <ele>230.750793</ele>
        <time>2026-08-09T09:02:17.803Z</time>
      </trkpt>
      <trkpt lat="50.393265" lon="8.405198">
        <ele>228.252240</ele>
        <time>2026-08-09T09:02:25.180Z</time>
      </trkpt>
      <trkpt lat="50.393287" lon="8.405099">
        <ele>227.983912</ele>
        <time>2026-08-09T09:02:26.786Z</time>
      </trkpt>
      <trkpt lat="50.393366" lon="8.404740">
        <ele>227.011908</ele>
        <time>2026-08-09T09:02:32.639Z</time>
      </trkpt>
      <trkpt lat="50.393808" lon="8.404226">
        <ele>224.803019</ele>
        <time>2026-08-09T09:02:46.226Z</time>
      </trkpt>
      <trkpt lat="50.394298" lon="8.402939">
        <ele>222.077152</ele>
        <time>2026-08-09T09:03:11.682Z</time>
      </trkpt>
      <trkpt lat="50.394646" lon="8.402741">
        <ele>221.667316</ele>
        <time>2026-08-09T09:03:22.406Z</time>
      </trkpt>
      <trkpt lat="50.395244" lon="8.402568">
        <ele>220.994097</ele>
        <time>2026-08-09T09:03:40.731Z</time>
      </trkpt>
      <trkpt lat="50.396014" lon="8.402532">
        <ele>220.563702</ele>
        <time>2026-08-09T09:04:04.651Z</time>
      </trkpt>
      <trkpt lat="50.396626" lon="8.402678">
        <ele>220.666129</ele>
        <time>2026-08-09T09:04:24.211Z</time>
      </trkpt>
      <trkpt lat="50.397272" lon="8.402896">
        <ele>220.775463</ele>
        <time>2026-08-09T09:04:46.443Z</time>
      </trkpt>
      <trkpt lat="50.397936" lon="8.403224">
        <ele>220.926830</ele>
        <time>2026-08-09T09:05:10.970Z</time>
      </trkpt>
      <trkpt lat="50.398463" lon="8.403358">
        <ele>221.053095</ele>
        <time>2026-08-09T09:05:29.351Z</time>
      </trkpt>
      <trkpt lat="50.399051" lon="8.403198">
        <ele>221.194238</ele>
        <time>2026-08-09T09:05:48.468Z</time>
      </trkpt>
      <trkpt lat="50.399618" lon="8.402985">
        <ele>220.616329</ele>
        <time>2026-08-09T09:06:05.928Z</time>
      </trkpt>
      <trkpt lat="50.400411" lon="8.402453">
        <ele>219.365424</ele>
        <time>2026-08-09T09:06:30.267Z</time>
      </trkpt>
      <trkpt lat="50.400830" lon="8.401968">
        <ele>218.614194</ele>
        <time>2026-08-09T09:06:44.402Z</time>
      </trkpt>
      <trkpt lat="50.401207" lon="8.401422">
        <ele>218.101345</ele>
        <time>2026-08-09T09:06:58.097Z</time>
      </trkpt>
      <trkpt lat="50.401612" lon="8.401088">
        <ele>217.644005</ele>
        <time>2026-08-09T09:07:10.705Z</time>
      </trkpt>
      <trkpt lat="50.402153" lon="8.400842">
        <ele>217.080993</ele>
        <time>2026-08-09T09:07:27.485Z</time>
      </trkpt>
      <trkpt lat="50.403289" lon="8.400497">
        <ele>216.547837</ele>
        <time>2026-08-09T09:08:13.445Z</time>
      </trkpt>
      <trkpt lat="50.403551" lon="8.400528">
        <ele>216.466968</ele>
        <time>2026-08-09T09:08:21.488Z</time>
      </trkpt>
      <trkpt lat="50.403636" lon="8.400538">
        <ele>216.440732</ele>
        <time>2026-08-09T09:08:23.944Z</time>
      </trkpt>
      <trkpt lat="50.403807" lon="8.400604">
        <ele>216.386532</ele>
        <time>2026-08-09T09:08:28.887Z</time>
      </trkpt>
      <trkpt lat="50.403862" lon="8.400565">
        <ele>216.367955</ele>
        <time>2026-08-09T09:08:30.513Z</time>
      </trkpt>
      <trkpt lat="50.403836" lon="8.400442">
        <ele>216.342533</ele>
        <time>2026-08-09T09:08:32.765Z</time>
      </trkpt>
      <trkpt lat="50.403702" lon="8.400099">
        <ele>216.179140</ele>
        <time>2026-08-09T09:08:39.479Z</time>
      </trkpt>
      <trkpt lat="50.403711" lon="8.400033">
        <ele>216.026127</ele>
        <time>2026-08-09T09:08:40.626Z</time>
      </trkpt>
      <trkpt lat="50.403463" lon="8.399776">
        <ele>214.968966</ele>
        <time>2026-08-09T09:08:44.842Z</time>
      </trkpt>
      <trkpt lat="50.403178" lon="8.398997">
        <ele>212.932643</ele>
        <time>2026-08-09T09:08:52.530Z</time>
      </trkpt>
      <trkpt lat="50.402990" lon="8.398644">
        <ele>211.889754</ele>
        <time>2026-08-09T09:08:56.362Z</time>
      </trkpt>
      <trkpt lat="50.402617" lon="8.398200">
        <ele>210.224388</ele>
        <time>2026-08-09T09:09:03.136Z</time>
      </trkpt>
      <trkpt lat="50.402439" lon="8.397814">
        <ele>209.609943</ele>
        <time>2026-08-09T09:09:08.017Z</time>
      </trkpt>
      <trkpt lat="50.402412" lon="8.397643">
        <ele>209.465414</ele>
        <time>2026-08-09T09:09:09.901Z</time>
      </trkpt>
      <trkpt lat="50.402932" lon="8.396516">
        <ele>208.323998</ele>
        <time>2026-08-09T09:09:25.137Z</time>
      </trkpt>
      <trkpt lat="50.403773" lon="8.395400">
        <ele>206.563360</ele>
        <time>2026-08-09T09:09:43.466Z</time>
      </trkpt>
      <trkpt lat="50.403951" lon="8.395068">
        <ele>206.020461</ele>
        <time>2026-08-09T09:09:47.773Z</time>
      </trkpt>
      <trkpt lat="50.404122" lon="8.394166">
        <ele>204.842847</ele>
        <time>2026-08-09T09:09:56.773Z</time>
      </trkpt>
      <trkpt lat="50.404347" lon="8.393330">
        <ele>204.024135</ele>
        <time>2026-08-09T09:10:05.303Z</time>
      </trkpt>
      <trkpt lat="50.404702" lon="8.392610">
        <ele>204.011878</ele>
        <time>2026-08-09T09:10:14.583Z</time>
      </trkpt>
      <trkpt lat="50.404868" lon="8.392536">
        <ele>204.008232</ele>
        <time>2026-08-09T09:10:17.822Z</time>
      </trkpt>
      <trkpt lat="50.404957" lon="8.392415">
        <ele>204.005744</ele>
        <time>2026-08-09T09:10:20.213Z</time>
      </trkpt>
      <trkpt lat="50.405094" lon="8.392228">
        <ele>204.001908</ele>
        <time>2026-08-09T09:10:24.277Z</time>
      </trkpt>
      <trkpt lat="50.405244" lon="8.392085">
        <ele>203.998200</ele>
        <time>2026-08-09T09:10:28.412Z</time>
      </trkpt>
      <trkpt lat="50.405458" lon="8.391956">
        <ele>203.993357</ele>
        <time>2026-08-09T09:10:34.314Z</time>
      </trkpt>
      <trkpt lat="50.406018" lon="8.391872">
        <ele>205.055293</ele>
        <time>2026-08-09T09:10:52.489Z</time>
      </trkpt>
      <trkpt lat="50.406441" lon="8.391830">
        <ele>206.231765</ele>
        <time>2026-08-09T09:11:07.609Z</time>
      </trkpt>
      <trkpt lat="50.406798" lon="8.391948">
        <ele>207.244440</ele>
        <time>2026-08-09T09:11:19.407Z</time>
      </trkpt>
      <trkpt lat="50.406914" lon="8.392033">
        <ele>207.599804</ele>
        <time>2026-08-09T09:11:23.022Z</time>
      </trkpt>
      <trkpt lat="50.407109" lon="8.392295">
        <ele>208.312395</ele>
        <time>2026-08-09T09:11:29.908Z</time>
      </trkpt>
      <trkpt lat="50.407230" lon="8.392407">
        <ele>208.702341</ele>
        <time>2026-08-09T09:11:33.554Z</time>
      </trkpt>
      <trkpt lat="50.407669" lon="8.392722">
        <ele>209.199437</ele>
        <time>2026-08-09T09:11:46.114Z</time>
      </trkpt>
      <trkpt lat="50.407848" lon="8.392757">
        <ele>209.302087</ele>
        <time>2026-08-09T09:11:50.491Z</time>
      </trkpt>
      <trkpt lat="50.408848" lon="8.393390">
        <ele>209.915715</ele>
        <time>2026-08-09T09:12:10.361Z</time>
      </trkpt>
      <trkpt lat="50.409012" lon="8.393625">
        <ele>209.917965</ele>
        <time>2026-08-09T09:12:13.674Z</time>
      </trkpt>
      <trkpt lat="50.409145" lon="8.393873">
        <ele>209.635388</ele>
        <time>2026-08-09T09:12:16.673Z</time>
      </trkpt>
      <trkpt lat="50.409258" lon="8.393932">
        <ele>209.472474</ele>
        <time>2026-08-09T09:12:18.321Z</time>
      </trkpt>
      <trkpt lat="50.409412" lon="8.393895">
        <ele>209.259350</ele>
        <time>2026-08-09T09:12:20.492Z</time>
      </trkpt>
      <trkpt lat="50.409501" lon="8.393803">
        <ele>209.113555</ele>
        <time>2026-08-09T09:12:21.949Z</time>
      </trkpt>
      <trkpt lat="50.409665" lon="8.393728">
        <ele>208.879872</ele>
        <time>2026-08-09T09:12:24.302Z</time>
      </trkpt>
      <trkpt lat="50.410069" lon="8.393659">
        <ele>208.323944</ele>
        <time>2026-08-09T09:12:29.877Z</time>
      </trkpt>
      <trkpt lat="50.410342" lon="8.393680">
        <ele>207.950038</ele>
        <time>2026-08-09T09:12:33.513Z</time>
      </trkpt>
      <trkpt lat="50.410793" lon="8.393852">
        <ele>207.592653</ele>
        <time>2026-08-09T09:12:40.176Z</time>
      </trkpt>
      <trkpt lat="50.411361" lon="8.393954">
        <ele>207.754253</ele>
        <time>2026-08-09T09:12:50.524Z</time>
      </trkpt>
      <trkpt lat="50.411887" lon="8.394109">
        <ele>207.905532</ele>
        <time>2026-08-09T09:13:02.446Z</time>
      </trkpt>
      <trkpt lat="50.412092" lon="8.394227">
        <ele>207.967253</ele>
        <time>2026-08-09T09:13:07.604Z</time>
      </trkpt>
      <trkpt lat="50.412268" lon="8.394388">
        <ele>208.024837</ele>
        <time>2026-08-09T09:13:12.285Z</time>
      </trkpt>
      <trkpt lat="50.412654" lon="8.394858">
        <ele>207.431442</ele>
        <time>2026-08-09T09:13:21.323Z</time>
      </trkpt>
      <trkpt lat="50.412814" lon="8.395205">
        <ele>206.992747</ele>
        <time>2026-08-09T09:13:25.443Z</time>
      </trkpt>
      <trkpt lat="50.412963" lon="8.395605">
        <ele>206.518188</ele>
        <time>2026-08-09T09:13:29.540Z</time>
      </trkpt>
      <trkpt lat="50.413091" lon="8.395768">
        <ele>206.253238</ele>
        <time>2026-08-09T09:13:31.702Z</time>
      </trkpt>
      <trkpt lat="50.413157" lon="8.395777">
        <ele>206.146757</ele>
        <time>2026-08-09T09:13:32.555Z</time>
      </trkpt>
      <trkpt lat="50.413460" lon="8.395623">
        <ele>205.634843</ele>
        <time>2026-08-09T09:13:36.654Z</time>
      </trkpt>
      <trkpt lat="50.413678" lon="8.395566">
        <ele>205.279624</ele>
        <time>2026-08-09T09:13:39.451Z</time>
      </trkpt>
      <trkpt lat="50.413776" lon="8.395583">
        <ele>205.092550</ele>
        <time>2026-08-09T09:13:40.673Z</time>
      </trkpt>
      <trkpt lat="50.414145" lon="8.395855">
        <ele>203.985161</ele>
        <time>2026-08-09T09:13:45.691Z</time>
      </trkpt>
      <trkpt lat="50.414511" lon="8.396028">
        <ele>202.946871</ele>
        <time>2026-08-09T09:13:50.525Z</time>
      </trkpt>
      <trkpt lat="50.415713" lon="8.396417">
        <ele>199.590539</ele>
        <time>2026-08-09T09:14:07.076Z</time>
      </trkpt>
      <trkpt lat="50.416134" lon="8.396554">
        <ele>198.382849</ele>
        <time>2026-08-09T09:14:12.472Z</time>
      </trkpt>
      <trkpt lat="50.416241" lon="8.396528">
        <ele>198.078718</ele>
        <time>2026-08-09T09:14:13.789Z</time>
      </trkpt>
      <trkpt lat="50.416373" lon="8.396428">
        <ele>197.667007</ele>
        <time>2026-08-09T09:14:15.594Z</time>
      </trkpt>
      <trkpt lat="50.416722" lon="8.395952">
        <ele>196.368237</ele>
        <time>2026-08-09T09:14:21.295Z</time>
      </trkpt>
      <trkpt lat="50.417155" lon="8.395764">
        <ele>195.258190</ele>
        <time>2026-08-09T09:14:27.088Z</time>
      </trkpt>
      <trkpt lat="50.417445" lon="8.395664">
        <ele>195.493572</ele>
        <time>2026-08-09T09:14:31.220Z</time>
      </trkpt>
      <trkpt lat="50.417832" lon="8.395530">
        <ele>195.807746</ele>
        <time>2026-08-09T09:14:37.935Z</time>
      </trkpt>
      <trkpt lat="50.418655" lon="8.395290">
        <ele>196.471349</ele>
        <time>2026-08-09T09:15:00.380Z</time>
      </trkpt>
      <trkpt lat="50.418893" lon="8.395293">
        <ele>196.664747</ele>
        <time>2026-08-09T09:15:07.430Z</time>
      </trkpt>
      <trkpt lat="50.419018" lon="8.395252">
        <ele>196.816831</ele>
        <time>2026-08-09T09:15:11.290Z</time>
      </trkpt>
      <trkpt lat="50.419426" lon="8.394767">
        <ele>197.426377</ele>
        <time>2026-08-09T09:15:26.921Z</time>
      </trkpt>
      <trkpt lat="50.420094" lon="8.394384">
        <ele>198.273346</ele>
        <time>2026-08-09T09:15:43.811Z</time>
      </trkpt>
      <trkpt lat="50.420319" lon="8.394204">
        <ele>198.574109</ele>
        <time>2026-08-09T09:15:48.110Z</time>
      </trkpt>
      <trkpt lat="50.420723" lon="8.393643">
        <ele>197.678679</ele>
        <time>2026-08-09T09:15:55.523Z</time>
      </trkpt>
      <trkpt lat="50.420803" lon="8.393482">
        <ele>197.271451</ele>
        <time>2026-08-09T09:15:57.223Z</time>
      </trkpt>
      <trkpt lat="50.420919" lon="8.393112">
        <ele>196.448973</ele>
        <time>2026-08-09T09:16:00.596Z</time>
      </trkpt>
      <trkpt lat="50.421026" lon="8.392663">
        <ele>195.492841</ele>
        <time>2026-08-09T09:16:04.319Z</time>
      </trkpt>
      <trkpt lat="50.421534" lon="8.392010">
        <ele>193.437313</ele>
        <time>2026-08-09T09:16:12.217Z</time>
      </trkpt>
      <trkpt lat="50.421963" lon="8.391385">
        <ele>191.448625</ele>
        <time>2026-08-09T09:16:19.231Z</time>
      </trkpt>
      <trkpt lat="50.422338" lon="8.390599">
        <ele>189.293501</ele>
        <time>2026-08-09T09:16:27.000Z</time>
      </trkpt>
      <trkpt lat="50.422466" lon="8.390107">
        <ele>188.127139</ele>
        <time>2026-08-09T09:16:31.285Z</time>
      </trkpt>
      <trkpt lat="50.422490" lon="8.389850">
        <ele>187.557068</ele>
        <time>2026-08-09T09:16:33.364Z</time>
      </trkpt>
      <trkpt lat="50.422537" lon="8.389713">
        <ele>187.215572</ele>
        <time>2026-08-09T09:16:34.620Z</time>
      </trkpt>
      <trkpt lat="50.422703" lon="8.389449">
        <ele>186.691538</ele>
        <time>2026-08-09T09:16:37.626Z</time>
      </trkpt>
      <trkpt lat="50.422955" lon="8.389063">
        <ele>186.101442</ele>
        <time>2026-08-09T09:16:42.393Z</time>
      </trkpt>
      <trkpt lat="50.423015" lon="8.388966">
        <ele>185.957091</ele>
        <time>2026-08-09T09:16:43.574Z</time>
      </trkpt>
      <trkpt lat="50.423254" lon="8.388613">
        <ele>185.407108</ele>
        <time>2026-08-09T09:16:48.344Z</time>
      </trkpt>
      <trkpt lat="50.423308" lon="8.388345">
        <ele>185.106991</ele>
        <time>2026-08-09T09:16:51.092Z</time>
      </trkpt>
      <trkpt lat="50.423287" lon="8.388197">
        <ele>184.945099</ele>
        <time>2026-08-09T09:16:52.537Z</time>
      </trkpt>
      <trkpt lat="50.423187" lon="8.388233">
        <ele>184.773160</ele>
        <time>2026-08-09T09:16:54.127Z</time>
      </trkpt>
      <trkpt lat="50.422894" lon="8.388276">
        <ele>184.279990</ele>
        <time>2026-08-09T09:16:58.420Z</time>
      </trkpt>
      <trkpt lat="50.422840" lon="8.388282">
        <ele>184.189267</ele>
        <time>2026-08-09T09:16:59.163Z</time>
      </trkpt>
      <trkpt lat="50.422843" lon="8.388155">
        <ele>184.053573</ele>
        <time>2026-08-09T09:17:00.524Z</time>
      </trkpt>
      <trkpt lat="50.422874" lon="8.388043">
        <ele>183.929079</ele>
        <time>2026-08-09T09:17:01.810Z</time>
      </trkpt>
      <trkpt lat="50.422989" lon="8.387895">
        <ele>183.730740</ele>
        <time>2026-08-09T09:17:04.279Z</time>
      </trkpt>
      <trkpt lat="50.423083" lon="8.387861">
        <ele>183.602089</ele>
        <time>2026-08-09T09:17:05.669Z</time>
      </trkpt>
      <trkpt lat="50.423777" lon="8.386771">
        <ele>182.292703</ele>
        <time>2026-08-09T09:17:19.659Z</time>
      </trkpt>
      <trkpt lat="50.424414" lon="8.385672">
        <ele>181.401547</ele>
        <time>2026-08-09T09:17:33.415Z</time>
      </trkpt>
      <trkpt lat="50.424588" lon="8.385428">
        <ele>181.311298</ele>
        <time>2026-08-09T09:17:36.967Z</time>
      </trkpt>
      <trkpt lat="50.424786" lon="8.385241">
        <ele>181.221918</ele>
        <time>2026-08-09T09:17:40.525Z</time>
      </trkpt>
      <trkpt lat="50.425094" lon="8.385007">
        <ele>181.089564</ele>
        <time>2026-08-09T09:17:45.778Z</time>
      </trkpt>
      <trkpt lat="50.425786" lon="8.384480">
        <ele>181.128606</ele>
        <time>2026-08-09T09:17:59.687Z</time>
      </trkpt>
      <trkpt lat="50.425979" lon="8.384281">
        <ele>181.498600</ele>
        <time>2026-08-09T09:18:05.823Z</time>
      </trkpt>
      <trkpt lat="50.425969" lon="8.384162">
        <ele>181.621125</ele>
        <time>2026-08-09T09:18:08.926Z</time>
      </trkpt>
      <trkpt lat="50.425952" lon="8.384058">
        <ele>181.730725</ele>
        <time>2026-08-09T09:18:11.051Z</time>
      </trkpt>
      <trkpt lat="50.425693" lon="8.383605">
        <ele>182.352052</ele>
        <time>2026-08-09T09:18:22.318Z</time>
      </trkpt>
      <trkpt lat="50.425642" lon="8.383520">
        <ele>182.471242</ele>
        <time>2026-08-09T09:18:24.538Z</time>
      </trkpt>
      <trkpt lat="50.425317" lon="8.382980">
        <ele>183.229547</ele>
        <time>2026-08-09T09:18:38.241Z</time>
      </trkpt>
      <trkpt lat="50.425878" lon="8.382275">
        <ele>183.928553</ele>
        <time>2026-08-09T09:18:56.125Z</time>
      </trkpt>
      <trkpt lat="50.426247" lon="8.381722">
        <ele>184.169484</ele>
        <time>2026-08-09T09:19:04.885Z</time>
      </trkpt>
      <trkpt lat="50.426680" lon="8.380948">
        <ele>184.479388</ele>
        <time>2026-08-09T09:19:15.742Z</time>
      </trkpt>
      <trkpt lat="50.427333" lon="8.379872">
        <ele>185.006968</ele>
        <time>2026-08-09T09:19:36.050Z</time>
      </trkpt>
      <trkpt lat="50.427358" lon="8.379829">
        <ele>185.028658</ele>
        <time>2026-08-09T09:19:36.955Z</time>
      </trkpt>
      <trkpt lat="50.429166" lon="8.376865">
        <ele>187.905665</ele>
        <time>2026-08-09T09:20:38.147Z</time>
      </trkpt>
      <trkpt lat="50.430034" lon="8.375657">
        <ele>189.860010</ele>
        <time>2026-08-09T09:21:22.466Z</time>
      </trkpt>
      <trkpt lat="50.430104" lon="8.375443">
        <ele>190.127341</ele>
        <time>2026-08-09T09:21:26.534Z</time>
      </trkpt>
      <trkpt lat="50.430205" lon="8.375050">
        <ele>190.598269</ele>
        <time>2026-08-09T09:21:31.657Z</time>
      </trkpt>
      <trkpt lat="50.430333" lon="8.374811">
        <ele>190.945253</ele>
        <time>2026-08-09T09:21:36.435Z</time>
      </trkpt>
      <trkpt lat="50.430894" lon="8.374120">
        <ele>189.482845</ele>
        <time>2026-08-09T09:21:49.461Z</time>
      </trkpt>
      <trkpt lat="50.431023" lon="8.374091">
        <ele>188.952437</ele>
        <time>2026-08-09T09:21:51.291Z</time>
      </trkpt>
      <trkpt lat="50.431098" lon="8.373973">
        <ele>188.520250</ele>
        <time>2026-08-09T09:21:52.755Z</time>
      </trkpt>
      <trkpt lat="50.431104" lon="8.373588">
        <ele>187.521754</ele>
        <time>2026-08-09T09:21:55.926Z</time>
      </trkpt>
      <trkpt lat="50.431380" lon="8.373112">
        <ele>185.852913</ele>
        <time>2026-08-09T09:22:01.323Z</time>
      </trkpt>
      <trkpt lat="50.431663" lon="8.372497">
        <ele>183.976035</ele>
        <time>2026-08-09T09:22:08.376Z</time>
      </trkpt>
      <trkpt lat="50.431831" lon="8.372532">
        <ele>183.650796</ele>
        <time>2026-08-09T09:22:10.405Z</time>
      </trkpt>
      <trkpt lat="50.431965" lon="8.372347">
        <ele>183.308335</ele>
        <time>2026-08-09T09:22:12.877Z</time>
      </trkpt>
      <trkpt lat="50.432036" lon="8.372248">
        <ele>183.126091</ele>
        <time>2026-08-09T09:22:14.228Z</time>
      </trkpt>
      <trkpt lat="50.432066" lon="8.372213">
        <ele>183.054360</ele>
        <time>2026-08-09T09:22:14.768Z</time>
      </trkpt>
      <trkpt lat="50.432354" lon="8.371804">
        <ele>182.309060</ele>
        <time>2026-08-09T09:22:22.043Z</time>
      </trkpt>
      <trkpt lat="50.432386" lon="8.371869">
        <ele>182.208635</ele>
        <time>2026-08-09T09:22:25.722Z</time>
      </trkpt>
      <trkpt lat="50.432644" lon="8.371665">
        <ele>181.654246</ele>
        <time>2026-08-09T09:22:30.361Z</time>
      </trkpt>
      <trkpt lat="50.432739" lon="8.371491">
        <ele>181.374097</ele>
        <time>2026-08-09T09:22:32.936Z</time>
      </trkpt>
      <trkpt lat="50.432767" lon="8.371276">
        <ele>181.105834</ele>
        <time>2026-08-09T09:22:35.389Z</time>
      </trkpt>
      <trkpt lat="50.432823" lon="8.370736">
        <ele>180.657627</ele>
        <time>2026-08-09T09:22:41.466Z</time>
      </trkpt>
      <trkpt lat="50.432820" lon="8.370594">
        <ele>180.712505</ele>
        <time>2026-08-09T09:22:43.314Z</time>
      </trkpt>
      <trkpt lat="50.433031" lon="8.370493">
        <ele>180.846264</ele>
        <time>2026-08-09T09:22:48.033Z</time>
      </trkpt>
      <trkpt lat="50.433344" lon="8.370342">
        <ele>181.044817</ele>
        <time>2026-08-09T09:22:55.573Z</time>
      </trkpt>
      <trkpt lat="50.433525" lon="8.370205">
        <ele>181.166660</ele>
        <time>2026-08-09T09:23:00.177Z</time>
      </trkpt>
      <trkpt lat="50.434282" lon="8.369588">
        <ele>181.683857</ele>
        <time>2026-08-09T09:23:17.735Z</time>
      </trkpt>
      <trkpt lat="50.434679" lon="8.369209">
        <ele>183.086212</ele>
        <time>2026-08-09T09:23:31.879Z</time>
      </trkpt>
      <trkpt lat="50.435012" lon="8.368790">
        <ele>184.417810</ele>
        <time>2026-08-09T09:23:47.045Z</time>
      </trkpt>
      <trkpt lat="50.435646" lon="8.368079">
        <ele>186.848952</ele>
        <time>2026-08-09T09:24:17.513Z</time>
      </trkpt>
      <trkpt lat="50.435954" lon="8.367602">
        <ele>187.336249</ele>
        <time>2026-08-09T09:24:32.005Z</time>
      </trkpt>
      <trkpt lat="50.436447" lon="8.367007">
        <ele>187.398526</ele>
        <time>2026-08-09T09:24:47.855Z</time>
      </trkpt>
      <trkpt lat="50.436859" lon="8.366571">
        <ele>187.448285</ele>
        <time>2026-08-09T09:24:55.324Z</time>
      </trkpt>
      <trkpt lat="50.437359" lon="8.366145">
        <ele>186.791435</ele>
        <time>2026-08-09T09:25:02.352Z</time>
      </trkpt>
      <trkpt lat="50.438397" lon="8.365606">
        <ele>182.429826</ele>
        <time>2026-08-09T09:25:15.002Z</time>
      </trkpt>
      <trkpt lat="50.438509" lon="8.365571">
        <ele>181.974247</ele>
        <time>2026-08-09T09:25:16.334Z</time>
      </trkpt>
      <trkpt lat="50.439249" lon="8.365343">
        <ele>180.534899</ele>
        <time>2026-08-09T09:25:26.128Z</time>
      </trkpt>
      <trkpt lat="50.439468" lon="8.365284">
        <ele>180.681480</ele>
        <time>2026-08-09T09:25:29.896Z</time>
      </trkpt>
      <trkpt lat="50.439660" lon="8.365131">
        <ele>180.823518</ele>
        <time>2026-08-09T09:25:34.121Z</time>
      </trkpt>
      <trkpt lat="50.439884" lon="8.364853">
        <ele>181.011874</ele>
        <time>2026-08-09T09:25:40.356Z</time>
      </trkpt>
      <trkpt lat="50.440308" lon="8.364347">
        <ele>181.363201</ele>
        <time>2026-08-09T09:25:55.315Z</time>
      </trkpt>
      <trkpt lat="50.440878" lon="8.363909">
        <ele>182.591592</ele>
        <time>2026-08-09T09:26:16.199Z</time>
      </trkpt>
      <trkpt lat="50.441677" lon="8.363296">
        <ele>184.856502</ele>
        <time>2026-08-09T09:26:41.377Z</time>
      </trkpt>
      <trkpt lat="50.442777" lon="8.362695">
        <ele>186.230387</ele>
        <time>2026-08-09T09:27:12.418Z</time>
      </trkpt>
      <trkpt lat="50.443717" lon="8.362121">
        <ele>186.452352</ele>
        <time>2026-08-09T09:27:28.278Z</time>
      </trkpt>
      <trkpt lat="50.444099" lon="8.362134">
        <ele>185.687703</ele>
        <time>2026-08-09T09:27:33.472Z</time>
      </trkpt>
      <trkpt lat="50.444141" lon="8.361979">
        <ele>185.381930</ele>
        <time>2026-08-09T09:27:35.154Z</time>
      </trkpt>
      <trkpt lat="50.446309" lon="8.361790">
        <ele>179.697739</ele>
        <time>2026-08-09T09:28:02.284Z</time>
      </trkpt>
      <trkpt lat="50.446479" lon="8.361775">
        <ele>179.326093</ele>
        <time>2026-08-09T09:28:04.544Z</time>
      </trkpt>
      <trkpt lat="50.446944" lon="8.361525">
        <ele>178.253299</ele>
        <time>2026-08-09T09:28:11.330Z</time>
      </trkpt>
      <trkpt lat="50.447294" lon="8.361156">
        <ele>177.396927</ele>
        <time>2026-08-09T09:28:17.674Z</time>
      </trkpt>
      <trkpt lat="50.447570" lon="8.360742">
        <ele>177.156544</ele>
        <time>2026-08-09T09:28:24.106Z</time>
      </trkpt>
      <trkpt lat="50.447665" lon="8.360495">
        <ele>177.040817</ele>
        <time>2026-08-09T09:28:27.410Z</time>
      </trkpt>
      <trkpt lat="50.447941" lon="8.359478">
        <ele>176.597450</ele>
        <time>2026-08-09T09:28:38.185Z</time>
      </trkpt>
      <trkpt lat="50.447952" lon="8.359095">
        <ele>176.443692</ele>
        <time>2026-08-09T09:28:42.000Z</time>
      </trkpt>
      <trkpt lat="50.447992" lon="8.358814">
        <ele>176.328215</ele>
        <time>2026-08-09T09:28:44.825Z</time>
      </trkpt>
      <trkpt lat="50.448195" lon="8.358139">
        <ele>176.180488</ele>
        <time>2026-08-09T09:28:52.117Z</time>
      </trkpt>
      <trkpt lat="50.448325" lon="8.357709">
        <ele>176.100446</ele>
        <time>2026-08-09T09:28:56.816Z</time>
      </trkpt>
      <trkpt lat="50.448592" lon="8.357355">
        <ele>176.008171</ele>
        <time>2026-08-09T09:29:02.304Z</time>
      </trkpt>
      <trkpt lat="50.448936" lon="8.356765">
        <ele>175.873655</ele>
        <time>2026-08-09T09:29:12.083Z</time>
      </trkpt>
      <trkpt lat="50.449435" lon="8.355672">
        <ele>175.314744</ele>
        <time>2026-08-09T09:29:27.443Z</time>
      </trkpt>
      <trkpt lat="50.449523" lon="8.355389">
        <ele>175.156583</ele>
        <time>2026-08-09T09:29:30.470Z</time>
      </trkpt>
      <trkpt lat="50.449548" lon="8.355249">
        <ele>175.083564</ele>
        <time>2026-08-09T09:29:31.878Z</time>
      </trkpt>
      <trkpt lat="50.449553" lon="8.354980">
        <ele>174.948417</ele>
        <time>2026-08-09T09:29:34.432Z</time>
      </trkpt>
      <trkpt lat="50.449582" lon="8.354869">
        <ele>174.888164</ele>
        <time>2026-08-09T09:29:35.560Z</time>
      </trkpt>
      <trkpt lat="50.449796" lon="8.354319">
        <ele>174.564476</ele>
        <time>2026-08-09T09:29:41.507Z</time>
      </trkpt>
      <trkpt lat="50.449896" lon="8.354105">
        <ele>174.431174</ele>
        <time>2026-08-09T09:29:43.864Z</time>
      </trkpt>
      <trkpt lat="50.450198" lon="8.353075">
        <ele>172.797893</ele>
        <time>2026-08-09T09:29:53.482Z</time>
      </trkpt>
      <trkpt lat="50.450428" lon="8.352588">
        <ele>171.887659</ele>
        <time>2026-08-09T09:29:58.485Z</time>
      </trkpt>
      <trkpt lat="50.450727" lon="8.352144">
        <ele>170.917512</ele>
        <time>2026-08-09T09:30:03.870Z</time>
      </trkpt>
      <trkpt lat="50.450947" lon="8.351903">
        <ele>170.285124</ele>
        <time>2026-08-09T09:30:07.248Z</time>
      </trkpt>
      <trkpt lat="50.451180" lon="8.351791">
        <ele>170.271344</ele>
        <time>2026-08-09T09:30:10.334Z</time>
      </trkpt>
      <trkpt lat="50.451406" lon="8.351620">
        <ele>170.424573</ele>
        <time>2026-08-09T09:30:13.750Z</time>
      </trkpt>
      <trkpt lat="50.451612" lon="8.351476">
        <ele>170.562302</ele>
        <time>2026-08-09T09:30:17.137Z</time>
      </trkpt>
      <trkpt lat="50.451860" lon="8.351326">
        <ele>170.724628</ele>
        <time>2026-08-09T09:30:22.076Z</time>
      </trkpt>
      <trkpt lat="50.452131" lon="8.351064">
        <ele>170.919008</ele>
        <time>2026-08-09T09:30:29.939Z</time>
      </trkpt>
      <trkpt lat="50.452638" lon="8.350262">
        <ele>171.762709</ele>
        <time>2026-08-09T09:30:53.697Z</time>
      </trkpt>
      <trkpt lat="50.453499" lon="8.348695">
        <ele>175.697785</ele>
        <time>2026-08-09T09:31:36.537Z</time>
      </trkpt>
      <trkpt lat="50.453796" lon="8.347935">
        <ele>177.159042</ele>
        <time>2026-08-09T09:31:49.675Z</time>
      </trkpt>
      <trkpt lat="50.455004" lon="8.343333">
        <ele>183.372671</ele>
        <time>2026-08-09T09:33:14.142Z</time>
      </trkpt>
      <trkpt lat="50.455286" lon="8.342669">
        <ele>183.157098</ele>
        <time>2026-08-09T09:33:25.443Z</time>
      </trkpt>
      <trkpt lat="50.455505" lon="8.342289">
        <ele>182.642626</ele>
        <time>2026-08-09T09:33:30.645Z</time>
      </trkpt>
      <trkpt lat="50.455950" lon="8.341728">
        <ele>181.743050</ele>
        <time>2026-08-09T09:33:38.494Z</time>
      </trkpt>
      <trkpt lat="50.456316" lon="8.341215">
        <ele>180.969706</ele>
        <time>2026-08-09T09:33:44.522Z</time>
      </trkpt>
      <trkpt lat="50.456470" lon="8.340910">
        <ele>180.107951</ele>
        <time>2026-08-09T09:33:47.465Z</time>
      </trkpt>
      <trkpt lat="50.456680" lon="8.340304">
        <ele>178.226585</ele>
        <time>2026-08-09T09:33:52.686Z</time>
      </trkpt>
      <trkpt lat="50.456780" lon="8.339869">
        <ele>176.965471</ele>
        <time>2026-08-09T09:33:56.218Z</time>
      </trkpt>
      <trkpt lat="50.456820" lon="8.339541">
        <ele>176.054823</ele>
        <time>2026-08-09T09:33:58.781Z</time>
      </trkpt>
      <trkpt lat="50.456832" lon="8.338877">
        <ele>174.243503</ele>
        <time>2026-08-09T09:34:03.857Z</time>
      </trkpt>
      <trkpt lat="50.456785" lon="8.338407">
        <ele>173.036206</ele>
        <time>2026-08-09T09:34:07.432Z</time>
      </trkpt>
      <trkpt lat="50.456661" lon="8.337882">
        <ele>172.184197</ele>
        <time>2026-08-09T09:34:11.613Z</time>
      </trkpt>
      <trkpt lat="50.456434" lon="8.337341">
        <ele>171.198348</ele>
        <time>2026-08-09T09:34:16.563Z</time>
      </trkpt>
      <trkpt lat="50.456207" lon="8.336932">
        <ele>170.372765</ele>
        <time>2026-08-09T09:34:20.959Z</time>
      </trkpt>
      <trkpt lat="50.455878" lon="8.336578">
        <ele>169.419691</ele>
        <time>2026-08-09T09:34:26.512Z</time>
      </trkpt>
      <trkpt lat="50.454970" lon="8.335775">
        <ele>172.162452</ele>
        <time>2026-08-09T09:34:55.574Z</time>
      </trkpt>
      <trkpt lat="50.454674" lon="8.335317">
        <ele>173.873238</ele>
        <time>2026-08-09T09:35:12.971Z</time>
      </trkpt>
      <trkpt lat="50.454426" lon="8.334756">
        <ele>175.663605</ele>
        <time>2026-08-09T09:35:33.013Z</time>
      </trkpt>
      <trkpt lat="50.454351" lon="8.334540">
        <ele>176.292875</ele>
        <time>2026-08-09T09:35:40.604Z</time>
      </trkpt>
      <trkpt lat="50.454278" lon="8.334092">
        <ele>177.136985</ele>
        <time>2026-08-09T09:35:54.617Z</time>
      </trkpt>
      <trkpt lat="50.454234" lon="8.333696">
        <ele>177.870747</ele>
        <time>2026-08-09T09:36:05.678Z</time>
      </trkpt>
      <trkpt lat="50.454210" lon="8.333113">
        <ele>178.937147</ele>
        <time>2026-08-09T09:36:20.027Z</time>
      </trkpt>
      <trkpt lat="50.454239" lon="8.332671">
        <ele>179.748223</ele>
        <time>2026-08-09T09:36:28.623Z</time>
      </trkpt>
      <trkpt lat="50.454356" lon="8.331714">
        <ele>181.240678</ele>
        <time>2026-08-09T09:36:38.797Z</time>
      </trkpt>
      <trkpt lat="50.454428" lon="8.331309">
        <ele>180.072885</ele>
        <time>2026-08-09T09:36:42.104Z</time>
      </trkpt>
      <trkpt lat="50.454540" lon="8.330873">
        <ele>178.767185</ele>
        <time>2026-08-09T09:36:45.612Z</time>
      </trkpt>
      <trkpt lat="50.454822" lon="8.330079">
        <ele>176.242213</ele>
        <time>2026-08-09T09:36:52.155Z</time>
      </trkpt>
      <trkpt lat="50.455208" lon="8.328797">
        <ele>172.825591</ele>
        <time>2026-08-09T09:37:02.672Z</time>
      </trkpt>
      <trkpt lat="50.455325" lon="8.328496">
        <ele>172.250458</ele>
        <time>2026-08-09T09:37:05.597Z</time>
      </trkpt>
      <trkpt lat="50.455415" lon="8.328093">
        <ele>171.553976</ele>
        <time>2026-08-09T09:37:09.223Z</time>
      </trkpt>
      <trkpt lat="50.455404" lon="8.327717">
        <ele>170.940138</ele>
        <time>2026-08-09T09:37:12.478Z</time>
      </trkpt>
      <trkpt lat="50.455300" lon="8.327015">
        <ele>169.764712</ele>
        <time>2026-08-09T09:37:19.040Z</time>
      </trkpt>
      <trkpt lat="50.455353" lon="8.326232">
        <ele>168.693480</ele>
        <time>2026-08-09T09:37:26.219Z</time>
      </trkpt>
      <trkpt lat="50.455401" lon="8.325923">
        <ele>168.404772</ele>
        <time>2026-08-09T09:37:28.956Z</time>
      </trkpt>
      <trkpt lat="50.455302" lon="8.325668">
        <ele>168.133669</ele>
        <time>2026-08-09T09:37:31.536Z</time>
      </trkpt>
      <trkpt lat="50.455295" lon="8.325550">
        <ele>168.026096</ele>
        <time>2026-08-09T09:37:32.527Z</time>
      </trkpt>
      <trkpt lat="50.455423" lon="8.325131">
        <ele>167.604254</ele>
        <time>2026-08-09T09:37:36.549Z</time>
      </trkpt>
      <trkpt lat="50.455425" lon="8.324516">
        <ele>167.046011</ele>
        <time>2026-08-09T09:37:42.153Z</time>
      </trkpt>
      <trkpt lat="50.455477" lon="8.324404">
        <ele>166.920188</ele>
        <time>2026-08-09T09:37:43.427Z</time>
      </trkpt>
      <trkpt lat="50.455475" lon="8.321845">
        <ele>165.303605</ele>
        <time>2026-08-09T09:38:08.577Z</time>
      </trkpt>
      <trkpt lat="50.455528" lon="8.320982">
        <ele>164.832276</ele>
        <time>2026-08-09T09:38:16.663Z</time>
      </trkpt>
      <trkpt lat="50.455748" lon="8.318826">
        <ele>164.241056</ele>
        <time>2026-08-09T09:38:37.144Z</time>
      </trkpt>
      <trkpt lat="50.455793" lon="8.317022">
        <ele>165.862603</ele>
        <time>2026-08-09T09:39:04.574Z</time>
      </trkpt>
      <trkpt lat="50.455768" lon="8.314951">
        <ele>169.000749</ele>
        <time>2026-08-09T09:39:46.319Z</time>
      </trkpt>
      <trkpt lat="50.455879" lon="8.312970">
        <ele>172.081409</ele>
        <time>2026-08-09T09:40:23.140Z</time>
      </trkpt>
      <trkpt lat="50.455987" lon="8.312215">
        <ele>172.723189</ele>
        <time>2026-08-09T09:40:34.998Z</time>
      </trkpt>
      <trkpt lat="50.456754" lon="8.309976">
        <ele>172.619505</ele>
        <time>2026-08-09T09:41:02.663Z</time>
      </trkpt>
      <trkpt lat="50.457123" lon="8.309046">
        <ele>169.832379</ele>
        <time>2026-08-09T09:41:11.653Z</time>
      </trkpt>
      <trkpt lat="50.457953" lon="8.307840">
        <ele>165.365367</ele>
        <time>2026-08-09T09:41:24.626Z</time>
      </trkpt>
      <trkpt lat="50.458422" lon="8.307249">
        <ele>163.311279</ele>
        <time>2026-08-09T09:41:31.468Z</time>
      </trkpt>
      <trkpt lat="50.458730" lon="8.306482">
        <ele>161.339013</ele>
        <time>2026-08-09T09:41:38.542Z</time>
      </trkpt>
      <trkpt lat="50.458884" lon="8.305608">
        <ele>159.537815</ele>
        <time>2026-08-09T09:41:47.154Z</time>
      </trkpt>
      <trkpt lat="50.458916" lon="8.304838">
        <ele>159.787304</ele>
        <time>2026-08-09T09:41:57.952Z</time>
      </trkpt>
      <trkpt lat="50.458879" lon="8.304287">
        <ele>159.966443</ele>
        <time>2026-08-09T09:42:06.162Z</time>
      </trkpt>
      <trkpt lat="50.458788" lon="8.303727">
        <ele>160.153310</ele>
        <time>2026-08-09T09:42:13.297Z</time>
      </trkpt>
      <trkpt lat="50.458714" lon="8.303410">
        <ele>160.262476</ele>
        <time>2026-08-09T09:42:16.894Z</time>
      </trkpt>
      <trkpt lat="50.458479" lon="8.302801">
        <ele>160.731577</ele>
        <time>2026-08-09T09:42:25.149Z</time>
      </trkpt>
      <trkpt lat="50.458142" lon="8.302137">
        <ele>162.037420</ele>
        <time>2026-08-09T09:42:38.004Z</time>
      </trkpt>
      <trkpt lat="50.457795" lon="8.301662">
        <ele>163.149209</ele>
        <time>2026-08-09T09:42:51.372Z</time>
      </trkpt>
      <trkpt lat="50.457625" lon="8.301277">
        <ele>163.869724</ele>
        <time>2026-08-09T09:43:00.799Z</time>
      </trkpt>
      <trkpt lat="50.457422" lon="8.300560">
        <ele>164.822346</ele>
        <time>2026-08-09T09:43:18.734Z</time>
      </trkpt>
      <trkpt lat="50.457330" lon="8.299846">
        <ele>165.002388</ele>
        <time>2026-08-09T09:43:34.709Z</time>
      </trkpt>
      <trkpt lat="50.457306" lon="8.299394">
        <ele>165.114487</ele>
        <time>2026-08-09T09:43:42.704Z</time>
      </trkpt>
      <trkpt lat="50.457341" lon="8.298104">
        <ele>165.433598</ele>
        <time>2026-08-09T09:43:54.750Z</time>
      </trkpt>
      <trkpt lat="50.457428" lon="8.297440">
        <ele>163.567287</ele>
        <time>2026-08-09T09:43:59.823Z</time>
      </trkpt>
      <trkpt lat="50.457670" lon="8.296072">
        <ele>158.395151</ele>
        <time>2026-08-09T09:44:09.785Z</time>
      </trkpt>
      <trkpt lat="50.458239" lon="8.294491">
        <ele>153.696980</ele>
        <time>2026-08-09T09:44:22.950Z</time>
      </trkpt>
      <trkpt lat="50.458550" lon="8.293831">
        <ele>152.392330</ele>
        <time>2026-08-09T09:44:29.959Z</time>
      </trkpt>
      <trkpt lat="50.458865" lon="8.293785">
        <ele>151.602789</ele>
        <time>2026-08-09T09:44:34.815Z</time>
      </trkpt>
      <trkpt lat="50.459368" lon="8.292866">
        <ele>151.368920</ele>
        <time>2026-08-09T09:44:50.681Z</time>
      </trkpt>
      <trkpt lat="50.459826" lon="8.291810">
        <ele>152.724737</ele>
        <time>2026-08-09T09:45:10.306Z</time>
      </trkpt>
      <trkpt lat="50.460372" lon="8.290079">
        <ele>155.389022</ele>
        <time>2026-08-09T09:45:46.366Z</time>
      </trkpt>
      <trkpt lat="50.460464" lon="8.289521">
        <ele>156.346960</ele>
        <time>2026-08-09T09:45:57.578Z</time>
      </trkpt>
      <trkpt lat="50.460546" lon="8.288508">
        <ele>158.044020</ele>
        <time>2026-08-09T09:46:17.260Z</time>
      </trkpt>
      <trkpt lat="50.460559" lon="8.287191">
        <ele>158.372464</ele>
        <time>2026-08-09T09:46:37.640Z</time>
      </trkpt>
      <trkpt lat="50.460628" lon="8.286236">
        <ele>158.361790</ele>
        <time>2026-08-09T09:46:46.900Z</time>
      </trkpt>
      <trkpt lat="50.460825" lon="8.285494">
        <ele>158.323630</ele>
        <time>2026-08-09T09:46:54.066Z</time>
      </trkpt>
      <trkpt lat="50.461101" lon="8.284822">
        <ele>157.863603</ele>
        <time>2026-08-09T09:47:01.040Z</time>
      </trkpt>
      <trkpt lat="50.461482" lon="8.284286">
        <ele>157.401448</ele>
        <time>2026-08-09T09:47:08.209Z</time>
      </trkpt>
      <trkpt lat="50.461890" lon="8.283907">
        <ele>156.973143</ele>
        <time>2026-08-09T09:47:15.747Z</time>
      </trkpt>
      <trkpt lat="50.462822" lon="8.283435">
        <ele>157.206812</ele>
        <time>2026-08-09T09:47:35.810Z</time>
      </trkpt>
      <trkpt lat="50.463121" lon="8.283235">
        <ele>157.426462</ele>
        <time>2026-08-09T09:47:42.649Z</time>
      </trkpt>
      <trkpt lat="50.463443" lon="8.282822">
        <ele>157.707428</ele>
        <time>2026-08-09T09:47:51.104Z</time>
      </trkpt>
      <trkpt lat="50.464094" lon="8.281698">
        <ele>158.392986</ele>
        <time>2026-08-09T09:48:10.675Z</time>
      </trkpt>
      <trkpt lat="50.464300" lon="8.281371">
        <ele>158.605978</ele>
        <time>2026-08-09T09:48:16.153Z</time>
      </trkpt>
      <trkpt lat="50.464590" lon="8.280981">
        <ele>158.883621</ele>
        <time>2026-08-09T09:48:23.688Z</time>
      </trkpt>
      <trkpt lat="50.466564" lon="8.279141">
        <ele>160.941782</ele>
        <time>2026-08-09T09:49:13.666Z</time>
      </trkpt>
      <trkpt lat="50.466847" lon="8.278790">
        <ele>160.837788</ele>
        <time>2026-08-09T09:49:20.955Z</time>
      </trkpt>
      <trkpt lat="50.467440" lon="8.277881">
        <ele>160.570116</ele>
        <time>2026-08-09T09:49:35.013Z</time>
      </trkpt>
      <trkpt lat="50.469390" lon="8.275837">
        <ele>157.898144</ele>
        <time>2026-08-09T09:50:08.397Z</time>
      </trkpt>
      <trkpt lat="50.470619" lon="8.274641">
        <ele>155.206728</ele>
        <time>2026-08-09T09:50:28.921Z</time>
      </trkpt>
      <trkpt lat="50.473152" lon="8.272559">
        <ele>149.421245</ele>
        <time>2026-08-09T09:51:05.205Z</time>
      </trkpt>
      <trkpt lat="50.473392" lon="8.272286">
        <ele>149.577751</ele>
        <time>2026-08-09T09:51:10.383Z</time>
      </trkpt>
      <trkpt lat="50.473502" lon="8.271980">
        <ele>149.695898</ele>
        <time>2026-08-09T09:51:16.061Z</time>
      </trkpt>
      <trkpt lat="50.473471" lon="8.271532">
        <ele>149.847393</ele>
        <time>2026-08-09T09:51:25.591Z</time>
      </trkpt>
      <trkpt lat="50.473390" lon="8.271365">
        <ele>149.917980</ele>
        <time>2026-08-09T09:51:30.754Z</time>
      </trkpt>
      <trkpt lat="50.473148" lon="8.271025">
        <ele>149.988428</ele>
        <time>2026-08-09T09:51:43.145Z</time>
      </trkpt>
      <trkpt lat="50.472522" lon="8.270476">
        <ele>149.639314</ele>
        <time>2026-08-09T09:52:04.817Z</time>
      </trkpt>
      <trkpt lat="50.472109" lon="8.270140">
        <ele>149.412833</ele>
        <time>2026-08-09T09:52:11.134Z</time>
      </trkpt>
      <trkpt lat="50.471964" lon="8.269950">
        <ele>149.320890</ele>
        <time>2026-08-09T09:52:13.478Z</time>
      </trkpt>
      <trkpt lat="50.471889" lon="8.269662">
        <ele>149.224445</ele>
        <time>2026-08-09T09:52:15.833Z</time>
      </trkpt>
      <trkpt lat="50.471922" lon="8.269388">
        <ele>148.941435</ele>
        <time>2026-08-09T09:52:17.899Z</time>
      </trkpt>
      <trkpt lat="50.472135" lon="8.268832">
        <ele>147.020411</ele>
        <time>2026-08-09T09:52:22.528Z</time>
      </trkpt>
      <trkpt lat="50.472032" lon="8.268641">
        <ele>146.279349</ele>
        <time>2026-08-09T09:52:24.316Z</time>
      </trkpt>
      <trkpt lat="50.471979" lon="8.268461">
        <ele>145.692255</ele>
        <time>2026-08-09T09:52:25.737Z</time>
      </trkpt>
      <trkpt lat="50.471988" lon="8.267894">
        <ele>144.013299</ele>
        <time>2026-08-09T09:52:29.845Z</time>
      </trkpt>
      <trkpt lat="50.472082" lon="8.267591">
        <ele>143.015478</ele>
        <time>2026-08-09T09:52:32.405Z</time>
      </trkpt>
      <trkpt lat="50.472239" lon="8.267345">
        <ele>141.984215</ele>
        <time>2026-08-09T09:52:35.240Z</time>
      </trkpt>
      <trkpt lat="50.472649" lon="8.266877">
        <ele>140.805067</ele>
        <time>2026-08-09T09:52:41.919Z</time>
      </trkpt>
      <trkpt lat="50.472830" lon="8.266713">
        <ele>140.813122</ele>
        <time>2026-08-09T09:52:44.590Z</time>
      </trkpt>
      <trkpt lat="50.472956" lon="8.266678">
        <ele>140.818055</ele>
        <time>2026-08-09T09:52:46.225Z</time>
      </trkpt>
      <trkpt lat="50.473492" lon="8.266340">
        <ele>140.840322</ele>
        <time>2026-08-09T09:52:54.182Z</time>
      </trkpt>
      <trkpt lat="50.473548" lon="8.266260">
        <ele>140.843240</ele>
        <time>2026-08-09T09:52:55.620Z</time>
      </trkpt>
      <trkpt lat="50.473818" lon="8.265480">
        <ele>140.907600</ele>
        <time>2026-08-09T09:53:15.757Z</time>
      </trkpt>
      <trkpt lat="50.473779" lon="8.265066">
        <ele>142.380186</ele>
        <time>2026-08-09T09:53:28.280Z</time>
      </trkpt>
      <trkpt lat="50.473671" lon="8.264688">
        <ele>143.838113</ele>
        <time>2026-08-09T09:53:42.404Z</time>
      </trkpt>
      <trkpt lat="50.473538" lon="8.264394">
        <ele>145.107304</ele>
        <time>2026-08-09T09:53:55.583Z</time>
      </trkpt>
      <trkpt lat="50.473568" lon="8.263489">
        <ele>148.296002</ele>
        <time>2026-08-09T09:54:25.583Z</time>
      </trkpt>
      <trkpt lat="50.473543" lon="8.262943">
        <ele>150.222152</ele>
        <time>2026-08-09T09:54:41.559Z</time>
      </trkpt>
      <trkpt lat="50.473520" lon="8.261934">
        <ele>148.943647</ele>
        <time>2026-08-09T09:54:52.333Z</time>
      </trkpt>
      <trkpt lat="50.473417" lon="8.261193">
        <ele>147.265246</ele>
        <time>2026-08-09T09:54:58.031Z</time>
      </trkpt>
      <trkpt lat="50.473454" lon="8.261130">
        <ele>147.075545</ele>
        <time>2026-08-09T09:54:58.605Z</time>
      </trkpt>
      <trkpt lat="50.473628" lon="8.260879">
        <ele>146.254248</ele>
        <time>2026-08-09T09:55:01.182Z</time>
      </trkpt>
      <trkpt lat="50.473675" lon="8.260718">
        <ele>145.862284</ele>
        <time>2026-08-09T09:55:02.399Z</time>
      </trkpt>
      <trkpt lat="50.473687" lon="8.260536">
        <ele>145.457385</ele>
        <time>2026-08-09T09:55:03.669Z</time>
      </trkpt>
      <trkpt lat="50.473648" lon="8.260549">
        <ele>145.318764</ele>
        <time>2026-08-09T09:55:04.114Z</time>
      </trkpt>
      <trkpt lat="50.473565" lon="8.260789">
        <ele>144.714328</ele>
        <time>2026-08-09T09:55:06.051Z</time>
      </trkpt>
      <trkpt lat="50.473570" lon="8.260840">
        <ele>144.600140</ele>
        <time>2026-08-09T09:55:06.421Z</time>
      </trkpt>
      <trkpt lat="50.473639" lon="8.260885">
        <ele>144.350272</ele>
        <time>2026-08-09T09:55:07.233Z</time>
      </trkpt>
      <trkpt lat="50.473912" lon="8.260883">
        <ele>143.444780</ele>
        <time>2026-08-09T09:55:10.340Z</time>
      </trkpt>
      <trkpt lat="50.473968" lon="8.263016">
        <ele>138.938408</ele>
        <time>2026-08-09T09:55:28.480Z</time>
      </trkpt>
      <trkpt lat="50.473956" lon="8.263388">
        <ele>138.373099</ele>
        <time>2026-08-09T09:55:31.650Z</time>
      </trkpt>
      <trkpt lat="50.473914" lon="8.263714">
        <ele>138.025865</ele>
        <time>2026-08-09T09:55:34.434Z</time>
      </trkpt>
      <trkpt lat="50.473934" lon="8.263860">
        <ele>137.869956</ele>
        <time>2026-08-09T09:55:35.651Z</time>
      </trkpt>
      <trkpt lat="50.474026" lon="8.264252">
        <ele>137.433785</ele>
        <time>2026-08-09T09:55:39.693Z</time>
      </trkpt>
      <trkpt lat="50.474236" lon="8.264937">
        <ele>136.640033</ele>
        <time>2026-08-09T09:55:45.953Z</time>
      </trkpt>
      <trkpt lat="50.474601" lon="8.265716">
        <ele>135.644174</ele>
        <time>2026-08-09T09:55:55.122Z</time>
      </trkpt>
      <trkpt lat="50.474806" lon="8.266030">
        <ele>135.927243</ele>
        <time>2026-08-09T09:56:02.153Z</time>
      </trkpt>
      <trkpt lat="50.475044" lon="8.266305">
        <ele>136.219345</ele>
        <time>2026-08-09T09:56:10.943Z</time>
      </trkpt>
      <trkpt lat="50.475374" lon="8.266573">
        <ele>136.586642</ele>
        <time>2026-08-09T09:56:22.456Z</time>
      </trkpt>
      <trkpt lat="50.476261" lon="8.267179">
        <ele>137.091622</ele>
        <time>2026-08-09T09:56:42.681Z</time>
      </trkpt>
      <trkpt lat="50.476392" lon="8.267221">
        <ele>136.748924</ele>
        <time>2026-08-09T09:56:44.498Z</time>
      </trkpt>
      <trkpt lat="50.476870" lon="8.267295">
        <ele>135.517782</ele>
        <time>2026-08-09T09:56:50.598Z</time>
      </trkpt>
      <trkpt lat="50.477046" lon="8.267300">
        <ele>135.066585</ele>
        <time>2026-08-09T09:56:52.744Z</time>
      </trkpt>
      <trkpt lat="50.477302" lon="8.267307">
        <ele>134.410306</ele>
        <time>2026-08-09T09:56:55.846Z</time>
      </trkpt>
      <trkpt lat="50.477618" lon="8.267278">
        <ele>133.598955</ele>
        <time>2026-08-09T09:56:59.680Z</time>
      </trkpt>
      <trkpt lat="50.478107" lon="8.267176">
        <ele>132.777434</ele>
        <time>2026-08-09T09:57:05.937Z</time>
      </trkpt>
      <trkpt lat="50.478460" lon="8.267054">
        <ele>132.719353</ele>
        <time>2026-08-09T09:57:10.968Z</time>
      </trkpt>
      <trkpt lat="50.478970" lon="8.266800">
        <ele>132.633381</ele>
        <time>2026-08-09T09:57:19.912Z</time>
      </trkpt>
      <trkpt lat="50.479957" lon="8.266158">
        <ele>133.499638</ele>
        <time>2026-08-09T09:57:45.910Z</time>
      </trkpt>
      <trkpt lat="50.480298" lon="8.265977">
        <ele>134.508095</ele>
        <time>2026-08-09T09:57:57.637Z</time>
      </trkpt>
      <trkpt lat="50.480597" lon="8.265870">
        <ele>135.367292</ele>
        <time>2026-08-09T09:58:06.541Z</time>
      </trkpt>
      <trkpt lat="50.480775" lon="8.265831">
        <ele>135.870844</ele>
        <time>2026-08-09T09:58:11.134Z</time>
      </trkpt>
      <trkpt lat="50.480829" lon="8.265858">
        <ele>136.029617</ele>
        <time>2026-08-09T09:58:12.560Z</time>
      </trkpt>
      <trkpt lat="50.481096" lon="8.265767">
        <ele>136.795100</ele>
        <time>2026-08-09T09:58:19.301Z</time>
      </trkpt>
      <trkpt lat="50.481240" lon="8.265648">
        <ele>137.250949</ele>
        <time>2026-08-09T09:58:24.397Z</time>
      </trkpt>
      <trkpt lat="50.481348" lon="8.265509">
        <ele>137.746605</ele>
        <time>2026-08-09T09:58:29.312Z</time>
      </trkpt>
      <trkpt lat="50.481746" lon="8.265004">
        <ele>140.951886</ele>
        <time>2026-08-09T09:58:51.327Z</time>
      </trkpt>
      <trkpt lat="50.481878" lon="8.264913">
        <ele>141.855085</ele>
        <time>2026-08-09T09:58:58.299Z</time>
      </trkpt>
      <trkpt lat="50.481999" lon="8.264888">
        <ele>142.619799</ele>
        <time>2026-08-09T09:59:04.296Z</time>
      </trkpt>
      <trkpt lat="50.482169" lon="8.264897">
        <ele>143.685627</ele>
        <time>2026-08-09T09:59:12.784Z</time>
      </trkpt>
      <trkpt lat="50.483334" lon="8.265100">
        <ele>148.582941</ele>
        <time>2026-08-09T10:00:14.348Z</time>
      </trkpt>
      <trkpt lat="50.483504" lon="8.265115">
        <ele>148.464288</ele>
        <time>2026-08-09T10:00:18.583Z</time>
      </trkpt>
      <trkpt lat="50.483508" lon="8.265508">
        <ele>148.290004</ele>
        <time>2026-08-09T10:00:22.510Z</time>
      </trkpt>
      <trkpt lat="50.483545" lon="8.265658">
        <ele>148.218669</ele>
        <time>2026-08-09T10:00:23.919Z</time>
      </trkpt>
      <trkpt lat="50.483670" lon="8.265919">
        <ele>148.073819</ele>
        <time>2026-08-09T10:00:26.524Z</time>
      </trkpt>
      <trkpt lat="50.483681" lon="8.265940">
        <ele>148.061758</ele>
        <time>2026-08-09T10:00:26.728Z</time>
      </trkpt>
      <trkpt lat="50.483727" lon="8.266034">
        <ele>148.009176</ele>
        <time>2026-08-09T10:00:27.648Z</time>
      </trkpt>
      <trkpt lat="50.483815" lon="8.265962">
        <ele>147.940040</ele>
        <time>2026-08-09T10:00:29.293Z</time>
      </trkpt>
      <trkpt lat="50.484001" lon="8.266002">
        <ele>147.809215</ele>
        <time>2026-08-09T10:00:32.374Z</time>
      </trkpt>
      <trkpt lat="50.484023" lon="8.266046">
        <ele>147.784402</ele>
        <time>2026-08-09T10:00:32.968Z</time>
      </trkpt>
      <trkpt lat="50.484192" lon="8.266380">
        <ele>147.595186</ele>
        <time>2026-08-09T10:00:37.397Z</time>
      </trkpt>
      <trkpt lat="50.484234" lon="8.266524">
        <ele>147.285768</ele>
        <time>2026-08-09T10:00:38.537Z</time>
      </trkpt>
      <trkpt lat="50.484419" lon="8.267153">
        <ele>145.494534</ele>
        <time>2026-08-09T10:00:43.507Z</time>
      </trkpt>
      <trkpt lat="50.484549" lon="8.267483">
        <ele>144.491248</ele>
        <time>2026-08-09T10:00:46.436Z</time>
      </trkpt>
      <trkpt lat="50.484851" lon="8.268103">
        <ele>142.472892</ele>
        <time>2026-08-09T10:00:52.868Z</time>
      </trkpt>
      <trkpt lat="50.484935" lon="8.268211">
        <ele>142.031995</ele>
        <time>2026-08-09T10:00:54.298Z</time>
      </trkpt>
      <trkpt lat="50.485198" lon="8.268509">
        <ele>140.714821</ele>
        <time>2026-08-09T10:00:58.424Z</time>
      </trkpt>
      <trkpt lat="50.485465" lon="8.268732">
        <ele>139.724944</ele>
        <time>2026-08-09T10:01:02.194Z</time>
      </trkpt>
      <trkpt lat="50.486067" lon="8.269076">
        <ele>137.917314</ele>
        <time>2026-08-09T10:01:09.911Z</time>
      </trkpt>
      <trkpt lat="50.486187" lon="8.269141">
        <ele>137.559130</ele>
        <time>2026-08-09T10:01:11.445Z</time>
      </trkpt>
      <trkpt lat="50.487022" lon="8.269590">
        <ele>135.209728</ele>
        <time>2026-08-09T10:01:23.154Z</time>
      </trkpt>
      <trkpt lat="50.487373" lon="8.269749">
        <ele>135.360923</ele>
        <time>2026-08-09T10:01:29.379Z</time>
      </trkpt>
      <trkpt lat="50.487826" lon="8.269895">
        <ele>135.552325</ele>
        <time>2026-08-09T10:01:38.408Z</time>
      </trkpt>
      <trkpt lat="50.488902" lon="8.270242">
        <ele>136.192713</ele>
        <time>2026-08-09T10:02:03.040Z</time>
      </trkpt>
      <trkpt lat="50.489783" lon="8.270526">
        <ele>137.541431</ele>
        <time>2026-08-09T10:02:24.039Z</time>
      </trkpt>
      <trkpt lat="50.490362" lon="8.270723">
        <ele>138.429856</ele>
        <time>2026-08-09T10:02:39.013Z</time>
      </trkpt>
      <trkpt lat="50.492067" lon="8.271465">
        <ele>140.556040</ele>
        <time>2026-08-09T10:03:22.526Z</time>
      </trkpt>
      <trkpt lat="50.492344" lon="8.271698">
        <ele>140.438550</ele>
        <time>2026-08-09T10:03:27.349Z</time>
      </trkpt>
      <trkpt lat="50.492594" lon="8.271813">
        <ele>139.892383</ele>
        <time>2026-08-09T10:03:31.052Z</time>
      </trkpt>
      <trkpt lat="50.492861" lon="8.271865">
        <ele>139.328276</ele>
        <time>2026-08-09T10:03:34.685Z</time>
      </trkpt>
      <trkpt lat="50.493040" lon="8.271858">
        <ele>138.952845</ele>
        <time>2026-08-09T10:03:37.020Z</time>
      </trkpt>
      <trkpt lat="50.493310" lon="8.271820">
        <ele>138.384464</ele>
        <time>2026-08-09T10:03:40.445Z</time>
      </trkpt>
      <trkpt lat="50.493715" lon="8.271680">
        <ele>137.514998</ele>
        <time>2026-08-09T10:03:45.606Z</time>
      </trkpt>
      <trkpt lat="50.494931" lon="8.271380">
        <ele>135.360198</ele>
        <time>2026-08-09T10:04:01.840Z</time>
      </trkpt>
      <trkpt lat="50.494995" lon="8.271318">
        <ele>135.235407</ele>
        <time>2026-08-09T10:04:02.897Z</time>
      </trkpt>
      <trkpt lat="50.495073" lon="8.271244">
        <ele>135.084177</ele>
        <time>2026-08-09T10:04:04.176Z</time>
      </trkpt>
      <trkpt lat="50.495155" lon="8.271218">
        <ele>134.945319</ele>
        <time>2026-08-09T10:04:05.370Z</time>
      </trkpt>
      <trkpt lat="50.495400" lon="8.271167">
        <ele>134.535078</ele>
        <time>2026-08-09T10:04:08.986Z</time>
      </trkpt>
      <trkpt lat="50.495610" lon="8.271049">
        <ele>134.164885</ele>
        <time>2026-08-09T10:04:12.607Z</time>
      </trkpt>
      <trkpt lat="50.496206" lon="8.270807">
        <ele>134.212678</ele>
        <time>2026-08-09T10:04:23.876Z</time>
      </trkpt>
      <trkpt lat="50.496265" lon="8.270784">
        <ele>134.238656</ele>
        <time>2026-08-09T10:04:25.050Z</time>
      </trkpt>
      <trkpt lat="50.496356" lon="8.270768">
        <ele>134.277788</ele>
        <time>2026-08-09T10:04:26.792Z</time>
      </trkpt>
      <trkpt lat="50.496601" lon="8.271209">
        <ele>134.436961</ele>
        <time>2026-08-09T10:04:34.302Z</time>
      </trkpt>
      <trkpt lat="50.497014" lon="8.270877">
        <ele>134.635199</ele>
        <time>2026-08-09T10:04:44.013Z</time>
      </trkpt>
      <trkpt lat="50.497338" lon="8.270712">
        <ele>134.760075</ele>
        <time>2026-08-09T10:04:51.342Z</time>
      </trkpt>
      <trkpt lat="50.498122" lon="8.270188">
        <ele>134.714907</ele>
        <time>2026-08-09T10:05:06.109Z</time>
      </trkpt>
      <trkpt lat="50.498253" lon="8.269995">
        <ele>134.705389</ele>
        <time>2026-08-09T10:05:09.036Z</time>
      </trkpt>
      <trkpt lat="50.498573" lon="8.269341">
        <ele>134.677562</ele>
        <time>2026-08-09T10:05:17.265Z</time>
      </trkpt>
      <trkpt lat="50.498697" lon="8.269230">
        <ele>134.669997</ele>
        <time>2026-08-09T10:05:19.507Z</time>
      </trkpt>
      <trkpt lat="50.498815" lon="8.269217">
        <ele>134.690375</ele>
        <time>2026-08-09T10:05:21.401Z</time>
      </trkpt>
      <trkpt lat="50.499220" lon="8.268620">
        <ele>134.900851</ele>
        <time>2026-08-09T10:05:30.660Z</time>
      </trkpt>
      <trkpt lat="50.499389" lon="8.268460">
        <ele>134.975641</ele>
        <time>2026-08-09T10:05:34.296Z</time>
      </trkpt>
      <trkpt lat="50.499590" lon="8.268390">
        <ele>135.053688</ele>
        <time>2026-08-09T10:05:38.225Z</time>
      </trkpt>
      <trkpt lat="50.500245" lon="8.268386">
        <ele>135.302006</ele>
        <time>2026-08-09T10:05:51.832Z</time>
      </trkpt>
      <trkpt lat="50.501403" lon="8.268230">
        <ele>136.324877</ele>
        <time>2026-08-09T10:06:18.200Z</time>
      </trkpt>
      <trkpt lat="50.501827" lon="8.268287">
        <ele>136.724770</ele>
        <time>2026-08-09T10:06:27.035Z</time>
      </trkpt>
      <trkpt lat="50.502280" lon="8.268437">
        <ele>137.078198</ele>
        <time>2026-08-09T10:06:36.199Z</time>
      </trkpt>
      <trkpt lat="50.503907" lon="8.269484">
        <ele>137.637897</ele>
        <time>2026-08-09T10:07:07.875Z</time>
      </trkpt>
      <trkpt lat="50.504537" lon="8.270145">
        <ele>138.079256</ele>
        <time>2026-08-09T10:07:21.845Z</time>
      </trkpt>
      <trkpt lat="50.504887" lon="8.270274">
        <ele>138.288742</ele>
        <time>2026-08-09T10:07:28.702Z</time>
      </trkpt>
      <trkpt lat="50.505039" lon="8.270373">
        <ele>138.384616</ele>
        <time>2026-08-09T10:07:32.005Z</time>
      </trkpt>
      <trkpt lat="50.505697" lon="8.271027">
        <ele>139.333695</ele>
        <time>2026-08-09T10:07:49.140Z</time>
      </trkpt>
      <trkpt lat="50.506317" lon="8.271553">
        <ele>140.744267</ele>
        <time>2026-08-09T10:08:07.717Z</time>
      </trkpt>
      <trkpt lat="50.506952" lon="8.272538">
        <ele>142.551060</ele>
        <time>2026-08-09T10:08:33.472Z</time>
      </trkpt>
      <trkpt lat="50.508055" lon="8.274680">
        <ele>146.135576</ele>
        <time>2026-08-09T10:09:20.908Z</time>
      </trkpt>
      <trkpt lat="50.508913" lon="8.275803">
        <ele>146.615918</ele>
        <time>2026-08-09T10:09:43.357Z</time>
      </trkpt>
      <trkpt lat="50.509304" lon="8.276476">
        <ele>146.865356</ele>
        <time>2026-08-09T10:09:55.415Z</time>
      </trkpt>
      <trkpt lat="50.509520" lon="8.276848">
        <ele>145.710630</ele>
        <time>2026-08-09T10:09:59.618Z</time>
      </trkpt>
      <trkpt lat="50.509549" lon="8.277124">
        <ele>145.065917</ele>
        <time>2026-08-09T10:10:01.764Z</time>
      </trkpt>
      <trkpt lat="50.509606" lon="8.277349">
        <ele>144.507738</ele>
        <time>2026-08-09T10:10:03.581Z</time>
      </trkpt>
      <trkpt lat="50.509649" lon="8.277266">
        <ele>144.261011</ele>
        <time>2026-08-09T10:10:04.362Z</time>
      </trkpt>
      <trkpt lat="50.509935" lon="8.276840">
        <ele>142.833375</ele>
        <time>2026-08-09T10:10:14.173Z</time>
      </trkpt>
      <trkpt lat="50.510270" lon="8.276342">
        <ele>141.162710</ele>
        <time>2026-08-09T10:10:25.618Z</time>
      </trkpt>
      <trkpt lat="50.510287" lon="8.276309">
        <ele>141.064835</ele>
        <time>2026-08-09T10:10:25.983Z</time>
      </trkpt>
      <trkpt lat="50.510300" lon="8.276284">
        <ele>140.990410</ele>
        <time>2026-08-09T10:10:26.261Z</time>
      </trkpt>
      <trkpt lat="50.509927" lon="8.275711">
        <ele>139.612263</ele>
        <time>2026-08-09T10:10:32.182Z</time>
      </trkpt>
      <trkpt lat="50.509722" lon="8.275388">
        <ele>138.992000</ele>
        <time>2026-08-09T10:10:35.762Z</time>
      </trkpt>
      <trkpt lat="50.509461" lon="8.274975">
        <ele>138.200595</ele>
        <time>2026-08-09T10:10:40.922Z</time>
      </trkpt>
      <trkpt lat="50.509250" lon="8.274554">
        <ele>137.472007</ele>
        <time>2026-08-09T10:10:46.170Z</time>
      </trkpt>
      <trkpt lat="50.509184" lon="8.274421">
        <ele>137.242703</ele>
        <time>2026-08-09T10:10:47.980Z</time>
      </trkpt>
      <trkpt lat="50.509170" lon="8.274342">
        <ele>137.131231</ele>
        <time>2026-08-09T10:10:48.829Z</time>
      </trkpt>
      <trkpt lat="50.509190" lon="8.274168">
        <ele>136.890890</ele>
        <time>2026-08-09T10:10:50.861Z</time>
      </trkpt>
      <trkpt lat="50.509111" lon="8.274292">
        <ele>136.652314</ele>
        <time>2026-08-09T10:10:52.730Z</time>
      </trkpt>
      <trkpt lat="50.509099" lon="8.274414">
        <ele>136.513601</ele>
        <time>2026-08-09T10:10:54.105Z</time>
      </trkpt>
      <trkpt lat="50.509165" lon="8.274642">
        <ele>136.695775</ele>
        <time>2026-08-09T10:10:56.937Z</time>
      </trkpt>
      <trkpt lat="50.509466" lon="8.275158">
        <ele>137.204967</ele>
        <time>2026-08-09T10:11:05.211Z</time>
      </trkpt>
      <trkpt lat="50.510336" lon="8.276650">
        <ele>138.621805</ele>
        <time>2026-08-09T10:11:38.323Z</time>
      </trkpt>
      <trkpt lat="50.510270" lon="8.276342">
        <ele>138.746433</ele>
        <time>2026-08-09T10:11:45.869Z</time>
      </trkpt>
      <trkpt lat="50.509935" lon="8.276840">
        <ele>139.024406</ele>
        <time>2026-08-09T10:12:01.569Z</time>
      </trkpt>
      <trkpt lat="50.510270" lon="8.276342">
        <ele>139.302379</ele>
        <time>2026-08-09T10:12:17.798Z</time>
      </trkpt>
      <trkpt lat="50.510336" lon="8.276650">
        <ele>139.427008</ele>
        <time>2026-08-09T10:12:25.538Z</time>
      </trkpt>
      <trkpt lat="50.510542" lon="8.276596">
        <ele>139.552935</ele>
        <time>2026-08-09T10:12:29.974Z</time>
      </trkpt>
      <trkpt lat="50.510651" lon="8.276614">
        <ele>139.619020</ele>
        <time>2026-08-09T10:12:31.922Z</time>
      </trkpt>
      <trkpt lat="50.510899" lon="8.276896">
        <ele>139.656806</ele>
        <time>2026-08-09T10:12:36.998Z</time>
      </trkpt>
      <trkpt lat="50.511333" lon="8.277312">
        <ele>139.680068</ele>
        <time>2026-08-09T10:12:48.490Z</time>
      </trkpt>
      <trkpt lat="50.512096" lon="8.277712">
        <ele>139.716877</ele>
        <time>2026-08-09T10:13:07.046Z</time>
      </trkpt>
      <trkpt lat="50.512168" lon="8.277261">
        <ele>139.671853</ele>
        <time>2026-08-09T10:13:11.402Z</time>
      </trkpt>
      <trkpt lat="50.512222" lon="8.277014">
        <ele>139.546186</ele>
        <time>2026-08-09T10:13:13.815Z</time>
      </trkpt>
      <trkpt lat="50.512543" lon="8.277374">
        <ele>139.247882</ele>
        <time>2026-08-09T10:13:19.548Z</time>
      </trkpt>
      <trkpt lat="50.512724" lon="8.277509">
        <ele>139.096316</ele>
        <time>2026-08-09T10:13:22.498Z</time>
      </trkpt>
      <trkpt lat="50.512803" lon="8.277525">
        <ele>139.036051</ele>
        <time>2026-08-09T10:13:23.644Z</time>
      </trkpt>
      <trkpt lat="50.513975" lon="8.274373">
        <ele>137.526826</ele>
        <time>2026-08-09T10:14:00.010Z</time>
      </trkpt>
      <trkpt lat="50.513987" lon="8.274315">
        <ele>137.504163</ele>
        <time>2026-08-09T10:14:00.654Z</time>
      </trkpt>
      <trkpt lat="50.515411" lon="8.274432">
        <ele>137.185161</ele>
        <time>2026-08-09T10:14:26.745Z</time>
      </trkpt>
      <trkpt lat="50.515518" lon="8.274082">
        <ele>137.156029</ele>
        <time>2026-08-09T10:14:31.762Z</time>
      </trkpt>
      <trkpt lat="50.515699" lon="8.274145">
        <ele>137.134159</ele>
        <time>2026-08-09T10:14:35.715Z</time>
      </trkpt>
      <trkpt lat="50.515873" lon="8.274189">
        <ele>137.113368</ele>
        <time>2026-08-09T10:14:39.154Z</time>
      </trkpt>
      <trkpt lat="50.515970" lon="8.274146">
        <ele>137.115991</ele>
        <time>2026-08-09T10:14:41.261Z</time>
      </trkpt>
      <trkpt lat="50.516365" lon="8.273753">
        <ele>137.570456</ele>
        <time>2026-08-09T10:14:51.843Z</time>
      </trkpt>
      <trkpt lat="50.516504" lon="8.273637">
        <ele>137.723456</ele>
        <time>2026-08-09T10:14:55.629Z</time>
      </trkpt>
      <trkpt lat="50.516753" lon="8.273529">
        <ele>137.974599</ele>
        <time>2026-08-09T10:15:01.702Z</time>
      </trkpt>
      <trkpt lat="50.516910" lon="8.273502">
        <ele>138.128161</ele>
        <time>2026-08-09T10:15:05.341Z</time>
      </trkpt>
      <trkpt lat="50.517269" lon="8.273566">
        <ele>138.479454</ele>
        <time>2026-08-09T10:15:13.214Z</time>
      </trkpt>
      <trkpt lat="50.517741" lon="8.273658">
        <ele>138.866160</ele>
        <time>2026-08-09T10:15:22.684Z</time>
      </trkpt>
      <trkpt lat="50.517956" lon="8.273784">
        <ele>138.901549</ele>
        <time>2026-08-09T10:15:27.831Z</time>
      </trkpt>
      <trkpt lat="50.518279" lon="8.273973">
        <ele>138.954704</ele>
        <time>2026-08-09T10:15:35.120Z</time>
      </trkpt>
      <trkpt lat="50.518463" lon="8.274020">
        <ele>138.983456</ele>
        <time>2026-08-09T10:15:38.780Z</time>
      </trkpt>
      <trkpt lat="50.518713" lon="8.274010">
        <ele>139.022028</ele>
        <time>2026-08-09T10:15:43.472Z</time>
      </trkpt>
      <trkpt lat="50.518999" lon="8.273832">
        <ele>139.069469</ele>
        <time>2026-08-09T10:15:49.182Z</time>
      </trkpt>
      <trkpt lat="50.519115" lon="8.273690">
        <ele>139.092141</ele>
        <time>2026-08-09T10:15:51.603Z</time>
      </trkpt>
      <trkpt lat="50.519283" lon="8.273564">
        <ele>139.120848</ele>
        <time>2026-08-09T10:15:54.870Z</time>
      </trkpt>
      <trkpt lat="50.519466" lon="8.273562">
        <ele>139.267154</ele>
        <time>2026-08-09T10:15:58.129Z</time>
      </trkpt>
      <trkpt lat="50.519547" lon="8.273603">
        <ele>139.358652</ele>
        <time>2026-08-09T10:16:00.020Z</time>
      </trkpt>
      <trkpt lat="50.519712" lon="8.273789">
        <ele>139.576940</ele>
        <time>2026-08-09T10:16:07.198Z</time>
      </trkpt>
      <trkpt lat="50.519681" lon="8.273828">
        <ele>139.619626</ele>
        <time>2026-08-09T10:16:08.206Z</time>
      </trkpt>
      <trkpt lat="50.519633" lon="8.273798">
        <ele>139.675166</ele>
        <time>2026-08-09T10:16:09.546Z</time>
      </trkpt>
      <trkpt lat="50.519550" lon="8.273670">
        <ele>139.800160</ele>
        <time>2026-08-09T10:16:12.444Z</time>
      </trkpt>
      <trkpt lat="50.519513" lon="8.273124">
        <ele>140.175566</ele>
        <time>2026-08-09T10:16:21.103Z</time>
      </trkpt>
      <trkpt lat="50.519599" lon="8.273069">
        <ele>140.275394</ele>
        <time>2026-08-09T10:16:23.555Z</time>
      </trkpt>
      <trkpt lat="50.519711" lon="8.273060">
        <ele>140.395983</ele>
        <time>2026-08-09T10:16:26.589Z</time>
      </trkpt>
      <trkpt lat="50.519537" lon="8.272437">
        <ele>140.861200</ele>
        <time>2026-08-09T10:16:37.438Z</time>
      </trkpt>
      <trkpt lat="50.519483" lon="8.271937">
        <ele>141.069712</ele>
        <time>2026-08-09T10:16:45.261Z</time>
      </trkpt>
      <trkpt lat="50.519494" lon="8.271808">
        <ele>141.073621</ele>
        <time>2026-08-09T10:16:47.113Z</time>
      </trkpt>
      <trkpt lat="50.519753" lon="8.270903">
        <ele>141.103432</ele>
        <time>2026-08-09T10:16:58.826Z</time>
      </trkpt>
      <trkpt lat="50.519820" lon="8.270573">
        <ele>141.113837</ele>
        <time>2026-08-09T10:17:02.324Z</time>
      </trkpt>
      <trkpt lat="50.519805" lon="8.270202">
        <ele>141.125003</ele>
        <time>2026-08-09T10:17:05.991Z</time>
      </trkpt>
      <trkpt lat="50.519725" lon="8.269993">
        <ele>141.132331</ele>
        <time>2026-08-09T10:17:08.346Z</time>
      </trkpt>
      <trkpt lat="50.519691" lon="8.269974">
        <ele>141.134036</ele>
        <time>2026-08-09T10:17:08.899Z</time>
      </trkpt>
      <trkpt lat="50.519774" lon="8.269354">
        <ele>141.192685</ele>
        <time>2026-08-09T10:17:15.027Z</time>
      </trkpt>
      <trkpt lat="50.519802" lon="8.268778">
        <ele>141.355210</ele>
        <time>2026-08-09T10:17:20.702Z</time>
      </trkpt>
      <trkpt lat="50.519726" lon="8.268770">
        <ele>141.388915</ele>
        <time>2026-08-09T10:17:21.919Z</time>
      </trkpt>
      <trkpt lat="50.519663" lon="8.268766">
        <ele>141.416814</ele>
        <time>2026-08-09T10:17:22.962Z</time>
      </trkpt>
      <trkpt lat="50.519640" lon="8.268408">
        <ele>141.518047</ele>
        <time>2026-08-09T10:17:27.100Z</time>
      </trkpt>
      <trkpt lat="50.519617" lon="8.268239">
        <ele>141.566671</ele>
        <time>2026-08-09T10:17:29.348Z</time>
      </trkpt>
      <trkpt lat="50.519579" lon="8.267966">
        <ele>141.645296</ele>
        <time>2026-08-09T10:17:33.167Z</time>
      </trkpt>
      <trkpt lat="50.519361" lon="8.267318">
        <ele>141.851553</ele>
        <time>2026-08-09T10:17:43.916Z</time>
      </trkpt>
      <trkpt lat="50.519114" lon="8.266317">
        <ele>142.602510</ele>
        <time>2026-08-09T10:17:59.914Z</time>
      </trkpt>
      <trkpt lat="50.519031" lon="8.265617">
        <ele>143.232226</ele>
        <time>2026-08-09T10:18:10.565Z</time>
      </trkpt>
      <trkpt lat="50.518997" lon="8.265116">
        <ele>143.677802</ele>
        <time>2026-08-09T10:18:18.051Z</time>
      </trkpt>
      <trkpt lat="50.519024" lon="8.264832">
        <ele>143.931749</ele>
        <time>2026-08-09T10:18:22.166Z</time>
      </trkpt>
      <trkpt lat="50.519110" lon="8.264481">
        <ele>144.264404</ele>
        <time>2026-08-09T10:18:27.497Z</time>
      </trkpt>
      <trkpt lat="50.519291" lon="8.264106">
        <ele>144.612822</ele>
        <time>2026-08-09T10:18:34.534Z</time>
      </trkpt>
      <trkpt lat="50.519547" lon="8.263798">
        <ele>144.931436</ele>
        <time>2026-08-09T10:18:42.562Z</time>
      </trkpt>
      <trkpt lat="50.519882" lon="8.263480">
        <ele>145.318230</ele>
        <time>2026-08-09T10:18:51.555Z</time>
      </trkpt>
      <trkpt lat="50.520136" lon="8.263299">
        <ele>145.593883</ele>
        <time>2026-08-09T10:18:57.512Z</time>
      </trkpt>
      <trkpt lat="50.520177" lon="8.263270">
        <ele>145.638322</ele>
        <time>2026-08-09T10:18:58.346Z</time>
      </trkpt>
      <trkpt lat="50.520241" lon="8.263198">
        <ele>145.716106</ele>
        <time>2026-08-09T10:19:00.051Z</time>
      </trkpt>
      <trkpt lat="50.520381" lon="8.262920">
        <ele>145.938998</ele>
        <time>2026-08-09T10:19:04.245Z</time>
      </trkpt>
      <trkpt lat="50.520828" lon="8.262488">
        <ele>146.439874</ele>
        <time>2026-08-09T10:19:14.362Z</time>
      </trkpt>
      <trkpt lat="50.521111" lon="8.262094">
        <ele>146.785113</ele>
        <time>2026-08-09T10:19:21.221Z</time>
      </trkpt>
      <trkpt lat="50.521248" lon="8.261814">
        <ele>146.990311</ele>
        <time>2026-08-09T10:19:24.973Z</time>
      </trkpt>
      <trkpt lat="50.521696" lon="8.260663">
        <ele>147.774100</ele>
        <time>2026-08-09T10:19:43.538Z</time>
      </trkpt>
      <trkpt lat="50.521831" lon="8.260388">
        <ele>148.288008</ele>
        <time>2026-08-09T10:19:49.499Z</time>
      </trkpt>
      <trkpt lat="50.521981" lon="8.260144">
        <ele>149.049694</ele>
        <time>2026-08-09T10:19:55.742Z</time>
      </trkpt>
      <trkpt lat="50.522178" lon="8.259891">
        <ele>149.947405</ele>
        <time>2026-08-09T10:20:03.707Z</time>
      </trkpt>
      <trkpt lat="50.522464" lon="8.259657">
        <ele>151.085325</ele>
        <time>2026-08-09T10:20:14.658Z</time>
      </trkpt>
      <trkpt lat="50.522856" lon="8.259539">
        <ele>152.494095</ele>
        <time>2026-08-09T10:20:29.438Z</time>
      </trkpt>
      <trkpt lat="50.523002" lon="8.259542">
        <ele>153.009481</ele>
        <time>2026-08-09T10:20:35.168Z</time>
      </trkpt>
      <trkpt lat="50.523302" lon="8.259622">
        <ele>154.083514</ele>
        <time>2026-08-09T10:20:47.012Z</time>
      </trkpt>
      <trkpt lat="50.524105" lon="8.260006">
        <ele>155.848760</ele>
        <time>2026-08-09T10:21:15.319Z</time>
      </trkpt>
      <trkpt lat="50.524346" lon="8.260035">
        <ele>156.341030</ele>
        <time>2026-08-09T10:21:21.726Z</time>
      </trkpt>
      <trkpt lat="50.524768" lon="8.259926">
        <ele>157.212013</ele>
        <time>2026-08-09T10:21:30.776Z</time>
      </trkpt>
      <trkpt lat="50.526365" lon="8.259271">
        <ele>157.156519</ele>
        <time>2026-08-09T10:21:55.897Z</time>
      </trkpt>
      <trkpt lat="50.527389" lon="8.258975">
        <ele>157.270141</ele>
        <time>2026-08-09T10:22:12.874Z</time>
      </trkpt>
      <trkpt lat="50.527729" lon="8.258779">
        <ele>157.509227</ele>
        <time>2026-08-09T10:22:19.304Z</time>
      </trkpt>
      <trkpt lat="50.528539" lon="8.258502">
        <ele>158.056523</ele>
        <time>2026-08-09T10:22:37.655Z</time>
      </trkpt>
      <trkpt lat="50.529412" lon="8.258418">
        <ele>160.602547</ele>
        <time>2026-08-09T10:23:03.910Z</time>
      </trkpt>
      <trkpt lat="50.529691" lon="8.258292">
        <ele>161.480587</ele>
        <time>2026-08-09T10:23:13.983Z</time>
      </trkpt>
      <trkpt lat="50.531260" lon="8.258154">
        <ele>165.319187</ele>
        <time>2026-08-09T10:24:04.339Z</time>
      </trkpt>
      <trkpt lat="50.531821" lon="8.258233">
        <ele>166.447543</ele>
        <time>2026-08-09T10:24:17.806Z</time>
      </trkpt>
      <trkpt lat="50.532362" lon="8.258427">
        <ele>166.841937</ele>
        <time>2026-08-09T10:24:27.849Z</time>
      </trkpt>
      <trkpt lat="50.533122" lon="8.258989">
        <ele>165.723450</ele>
        <time>2026-08-09T10:24:40.120Z</time>
      </trkpt>
      <trkpt lat="50.533225" lon="8.259036">
        <ele>165.580610</ele>
        <time>2026-08-09T10:24:41.572Z</time>
      </trkpt>
      <trkpt lat="50.533575" lon="8.259081">
        <ele>165.112892</ele>
        <time>2026-08-09T10:24:46.159Z</time>
      </trkpt>
      <trkpt lat="50.533738" lon="8.259162">
        <ele>164.885220</ele>
        <time>2026-08-09T10:24:48.354Z</time>
      </trkpt>
      <trkpt lat="50.534768" lon="8.259854">
        <ele>163.424965</ele>
        <time>2026-08-09T10:25:03.457Z</time>
      </trkpt>
      <trkpt lat="50.535568" lon="8.260420">
        <ele>162.462327</ele>
        <time>2026-08-09T10:25:17.273Z</time>
      </trkpt>
      <trkpt lat="50.535978" lon="8.260672">
        <ele>162.823501</ele>
        <time>2026-08-09T10:25:27.895Z</time>
      </trkpt>
      <trkpt lat="50.536804" lon="8.260656">
        <ele>163.501305</ele>
        <time>2026-08-09T10:25:47.685Z</time>
      </trkpt>
      <trkpt lat="50.537204" lon="8.260614">
        <ele>163.830244</ele>
        <time>2026-08-09T10:25:56.878Z</time>
      </trkpt>
      <trkpt lat="50.537299" lon="8.260407">
        <ele>164.309439</ele>
        <time>2026-08-09T10:26:00.375Z</time>
      </trkpt>
      <trkpt lat="50.537497" lon="8.260243">
        <ele>165.167611</ele>
        <time>2026-08-09T10:26:05.899Z</time>
      </trkpt>
      <trkpt lat="50.537729" lon="8.260193">
        <ele>166.065691</ele>
        <time>2026-08-09T10:26:12.695Z</time>
      </trkpt>
      <trkpt lat="50.538221" lon="8.260208">
        <ele>167.952976</ele>
        <time>2026-08-09T10:26:31.999Z</time>
      </trkpt>
      <trkpt lat="50.538243" lon="8.260029">
        <ele>168.397377</ele>
        <time>2026-08-09T10:26:37.109Z</time>
      </trkpt>
      <trkpt lat="50.538248" lon="8.259586">
        <ele>169.477372</ele>
        <time>2026-08-09T10:26:49.740Z</time>
      </trkpt>
      <trkpt lat="50.538250" lon="8.259340">
        <ele>170.077053</ele>
        <time>2026-08-09T10:26:56.473Z</time>
      </trkpt>
      <trkpt lat="50.538307" lon="8.258988">
        <ele>170.851375</ele>
        <time>2026-08-09T10:27:06.063Z</time>
      </trkpt>
      <trkpt lat="50.538333" lon="8.258862">
        <ele>170.990368</ele>
        <time>2026-08-09T10:27:09.590Z</time>
      </trkpt>
      <trkpt lat="50.538457" lon="8.258451">
        <ele>171.467711</ele>
        <time>2026-08-09T10:27:21.187Z</time>
      </trkpt>
      <trkpt lat="50.538830" lon="8.258389">
        <ele>172.086896</ele>
        <time>2026-08-09T10:27:34.295Z</time>
      </trkpt>
      <trkpt lat="50.539163" lon="8.258336">
        <ele>172.639427</ele>
        <time>2026-08-09T10:27:43.174Z</time>
      </trkpt>
      <trkpt lat="50.539949" lon="8.258211">
        <ele>173.683181</ele>
        <time>2026-08-09T10:27:56.399Z</time>
      </trkpt>
      <trkpt lat="50.540001" lon="8.258204">
        <ele>173.660911</ele>
        <time>2026-08-09T10:27:57.263Z</time>
      </trkpt>
      <trkpt lat="50.540913" lon="8.257667">
        <ele>173.245403</ele>
        <time>2026-08-09T10:28:14.555Z</time>
      </trkpt>
      <trkpt lat="50.541205" lon="8.257683">
        <ele>173.120730</ele>
        <time>2026-08-09T10:28:20.602Z</time>
      </trkpt>
      <trkpt lat="50.541348" lon="8.257698">
        <ele>173.059576</ele>
        <time>2026-08-09T10:28:23.773Z</time>
      </trkpt>
      <trkpt lat="50.541577" lon="8.257729">
        <ele>172.989009</ele>
        <time>2026-08-09T10:28:29.022Z</time>
      </trkpt>
      <trkpt lat="50.542409" lon="8.257787">
        <ele>173.906707</ele>
        <time>2026-08-09T10:28:49.462Z</time>
      </trkpt>
      <trkpt lat="50.543788" lon="8.258591">
        <ele>175.390799</ele>
        <time>2026-08-09T10:29:27.551Z</time>
      </trkpt>
      <trkpt lat="50.543776" lon="8.258688">
        <ele>175.443613</ele>
        <time>2026-08-09T10:29:29.012Z</time>
      </trkpt>
      <trkpt lat="50.543790" lon="8.258873">
        <ele>175.543183</ele>
        <time>2026-08-09T10:29:31.569Z</time>
      </trkpt>
      <trkpt lat="50.543770" lon="8.259055">
        <ele>175.641895</ele>
        <time>2026-08-09T10:29:34.212Z</time>
      </trkpt>
      <trkpt lat="50.543725" lon="8.259210">
        <ele>175.732969</ele>
        <time>2026-08-09T10:29:36.614Z</time>
      </trkpt>
      <trkpt lat="50.544119" lon="8.259219">
        <ele>176.064356</ele>
        <time>2026-08-09T10:29:47.721Z</time>
      </trkpt>
      <trkpt lat="50.544607" lon="8.259177">
        <ele>176.483215</ele>
        <time>2026-08-09T10:29:57.547Z</time>
      </trkpt>
      <trkpt lat="50.544840" lon="8.259099">
        <ele>176.819158</ele>
        <time>2026-08-09T10:30:02.306Z</time>
      </trkpt>
      <trkpt lat="50.546759" lon="8.258359">
        <ele>179.995776</ele>
        <time>2026-08-09T10:30:50.042Z</time>
      </trkpt>
      <trkpt lat="50.547246" lon="8.258143">
        <ele>181.169491</ele>
        <time>2026-08-09T10:31:04.897Z</time>
      </trkpt>
      <trkpt lat="50.548588" lon="8.256831">
        <ele>184.302485</ele>
        <time>2026-08-09T10:31:49.997Z</time>
      </trkpt>
      <trkpt lat="50.549212" lon="8.256521">
        <ele>185.334542</ele>
        <time>2026-08-09T10:32:04.316Z</time>
      </trkpt>
      <trkpt lat="50.549898" lon="8.255940">
        <ele>186.320752</ele>
        <time>2026-08-09T10:32:20.484Z</time>
      </trkpt>
      <trkpt lat="50.550075" lon="8.255688">
        <ele>186.532340</ele>
        <time>2026-08-09T10:32:25.541Z</time>
      </trkpt>
      <trkpt lat="50.550528" lon="8.254835">
        <ele>187.158536</ele>
        <time>2026-08-09T10:32:39.334Z</time>
      </trkpt>
      <trkpt lat="50.550686" lon="8.254536">
        <ele>187.377586</ele>
        <time>2026-08-09T10:32:44.831Z</time>
      </trkpt>
      <trkpt lat="50.550728" lon="8.254435">
        <ele>187.445577</ele>
        <time>2026-08-09T10:32:46.625Z</time>
      </trkpt>
      <trkpt lat="50.550781" lon="8.254111">
        <ele>187.662563</ele>
        <time>2026-08-09T10:32:51.575Z</time>
      </trkpt>
      <trkpt lat="50.550793" lon="8.253984">
        <ele>187.803658</ele>
        <time>2026-08-09T10:32:53.552Z</time>
      </trkpt>
      <trkpt lat="50.550963" lon="8.252475">
        <ele>189.487762</ele>
        <time>2026-08-09T10:33:16.284Z</time>
      </trkpt>
      <trkpt lat="50.551301" lon="8.252156">
        <ele>190.169377</ele>
        <time>2026-08-09T10:33:26.965Z</time>
      </trkpt>
      <trkpt lat="50.552440" lon="8.250289">
        <ele>194.121001</ele>
        <time>2026-08-09T10:34:11.954Z</time>
      </trkpt>
      <trkpt lat="50.552636" lon="8.249688">
        <ele>195.220935</ele>
        <time>2026-08-09T10:34:25.202Z</time>
      </trkpt>
      <trkpt lat="50.552891" lon="8.249290">
        <ele>196.424107</ele>
        <time>2026-08-09T10:34:37.067Z</time>
      </trkpt>
      <trkpt lat="50.552938" lon="8.248907">
        <ele>197.279064</ele>
        <time>2026-08-09T10:34:45.581Z</time>
      </trkpt>
      <trkpt lat="50.553197" lon="8.248268">
        <ele>198.940306</ele>
        <time>2026-08-09T10:35:02.451Z</time>
      </trkpt>
      <trkpt lat="50.553631" lon="8.247358">
        <ele>201.434165</ele>
        <time>2026-08-09T10:35:26.604Z</time>
      </trkpt>
      <trkpt lat="50.554004" lon="8.246300">
        <ele>202.978399</ele>
        <time>2026-08-09T10:35:47.105Z</time>
      </trkpt>
      <trkpt lat="50.554241" lon="8.245482">
        <ele>204.095412</ele>
        <time>2026-08-09T10:36:00.430Z</time>
      </trkpt>
      <trkpt lat="50.554555" lon="8.245069">
        <ele>204.895630</ele>
        <time>2026-08-09T10:36:10.080Z</time>
      </trkpt>
      <trkpt lat="50.555010" lon="8.244073">
        <ele>206.704484</ele>
        <time>2026-08-09T10:36:30.206Z</time>
      </trkpt>
      <trkpt lat="50.556119" lon="8.241640">
        <ele>210.536667</ele>
        <time>2026-08-09T10:37:26.232Z</time>
      </trkpt>
      <trkpt lat="50.557004" lon="8.241499">
        <ele>211.909582</ele>
        <time>2026-08-09T10:37:45.773Z</time>
      </trkpt>
      <trkpt lat="50.557518" lon="8.241456">
        <ele>211.946109</ele>
        <time>2026-08-09T10:37:53.691Z</time>
      </trkpt>
      <trkpt lat="50.557680" lon="8.241511">
        <ele>211.896980</ele>
        <time>2026-08-09T10:37:56.150Z</time>
      </trkpt>
      <trkpt lat="50.558413" lon="8.242276">
        <ele>211.636261</ele>
        <time>2026-08-09T10:38:09.519Z</time>
      </trkpt>
      <trkpt lat="50.559418" lon="8.241847">
        <ele>212.581333</ele>
        <time>2026-08-09T10:38:30.204Z</time>
      </trkpt>
      <trkpt lat="50.559665" lon="8.241741">
        <ele>212.964115</ele>
        <time>2026-08-09T10:38:36.971Z</time>
      </trkpt>
      <trkpt lat="50.560248" lon="8.241487">
        <ele>213.868561</ele>
        <time>2026-08-09T10:38:53.050Z</time>
      </trkpt>
      <trkpt lat="50.561286" lon="8.241017">
        <ele>216.292919</ele>
        <time>2026-08-09T10:39:23.280Z</time>
      </trkpt>
      <trkpt lat="50.561538" lon="8.240818">
        <ele>216.985427</ele>
        <time>2026-08-09T10:39:31.412Z</time>
      </trkpt>
      <trkpt lat="50.561950" lon="8.240393">
        <ele>218.195350</ele>
        <time>2026-08-09T10:39:45.842Z</time>
      </trkpt>
      <trkpt lat="50.562374" lon="8.239949">
        <ele>219.226575</ele>
        <time>2026-08-09T10:39:59.882Z</time>
      </trkpt>
      <trkpt lat="50.562616" lon="8.239652">
        <ele>219.774383</ele>
        <time>2026-08-09T10:40:07.781Z</time>
      </trkpt>
      <trkpt lat="50.562984" lon="8.239287">
        <ele>220.550878</ele>
        <time>2026-08-09T10:40:18.545Z</time>
      </trkpt>
      <trkpt lat="50.563308" lon="8.239059">
        <ele>221.184457</ele>
        <time>2026-08-09T10:40:27.155Z</time>
      </trkpt>
      <trkpt lat="50.563352" lon="8.239034">
        <ele>221.267968</ele>
        <time>2026-08-09T10:40:28.287Z</time>
      </trkpt>
      <trkpt lat="50.563578" lon="8.238913">
        <ele>221.694129</ele>
        <time>2026-08-09T10:40:33.805Z</time>
      </trkpt>
      <trkpt lat="50.563765" lon="8.238825">
        <ele>222.006573</ele>
        <time>2026-08-09T10:40:38.143Z</time>
      </trkpt>
      <trkpt lat="50.563916" lon="8.238753">
        <ele>222.234670</ele>
        <time>2026-08-09T10:40:41.666Z</time>
      </trkpt>
      <trkpt lat="50.564301" lon="8.238572">
        <ele>222.815561</ele>
        <time>2026-08-09T10:40:50.861Z</time>
      </trkpt>
      <trkpt lat="50.564393" lon="8.238525">
        <ele>222.955395</ele>
        <time>2026-08-09T10:40:53.216Z</time>
      </trkpt>
      <trkpt lat="50.564645" lon="8.238380">
        <ele>223.343287</ele>
        <time>2026-08-09T10:40:59.680Z</time>
      </trkpt>
      <trkpt lat="50.565730" lon="8.237715">
        <ele>225.259579</ele>
        <time>2026-08-09T10:41:27.397Z</time>
      </trkpt>
      <trkpt lat="50.565884" lon="8.237655">
        <ele>225.582215</ele>
        <time>2026-08-09T10:41:31.338Z</time>
      </trkpt>
      <trkpt lat="50.565953" lon="8.237659">
        <ele>225.722634</ele>
        <time>2026-08-09T10:41:33.082Z</time>
      </trkpt>
      <trkpt lat="50.566806" lon="8.236126">
        <ele>228.427030</ele>
        <time>2026-08-09T10:42:08.379Z</time>
      </trkpt>
      <trkpt lat="50.568235" lon="8.233246">
        <ele>234.391739</ele>
        <time>2026-08-09T10:43:16.178Z</time>
      </trkpt>
      <trkpt lat="50.569401" lon="8.231941">
        <ele>237.884342</ele>
        <time>2026-08-09T10:43:54.889Z</time>
      </trkpt>
      <trkpt lat="50.570183" lon="8.230543">
        <ele>240.951827</ele>
        <time>2026-08-09T10:44:29.642Z</time>
      </trkpt>
      <trkpt lat="50.571093" lon="8.227908">
        <ele>246.013367</ele>
        <time>2026-08-09T10:45:23.956Z</time>
      </trkpt>
      <trkpt lat="50.571149" lon="8.227660">
        <ele>246.459888</ele>
        <time>2026-08-09T10:45:29.727Z</time>
      </trkpt>
      <trkpt lat="50.571237" lon="8.225925">
        <ele>248.981471</ele>
        <time>2026-08-09T10:46:03.911Z</time>
      </trkpt>
      <trkpt lat="50.571294" lon="8.225592">
        <ele>249.475560</ele>
        <time>2026-08-09T10:46:09.631Z</time>
      </trkpt>
      <trkpt lat="50.571635" lon="8.224440">
        <ele>251.031301</ele>
        <time>2026-08-09T10:46:27.168Z</time>
      </trkpt>
      <trkpt lat="50.571788" lon="8.223974">
        <ele>251.450209</ele>
        <time>2026-08-09T10:46:33.650Z</time>
      </trkpt>
      <trkpt lat="50.572148" lon="8.223022">
        <ele>252.334974</ele>
        <time>2026-08-09T10:46:49.726Z</time>
      </trkpt>
      <trkpt lat="50.572751" lon="8.221576">
        <ele>254.683635</ele>
        <time>2026-08-09T10:47:22.540Z</time>
      </trkpt>
      <trkpt lat="50.573046" lon="8.220529">
        <ele>256.766451</ele>
        <time>2026-08-09T10:47:46.619Z</time>
      </trkpt>
      <trkpt lat="50.573317" lon="8.219950">
        <ele>258.074330</ele>
        <time>2026-08-09T10:48:02.466Z</time>
      </trkpt>
      <trkpt lat="50.574098" lon="8.219007">
        <ele>261.172314</ele>
        <time>2026-08-09T10:48:35.737Z</time>
      </trkpt>
      <trkpt lat="50.574261" lon="8.218855">
        <ele>261.769293</ele>
        <time>2026-08-09T10:48:41.851Z</time>
      </trkpt>
      <trkpt lat="50.574310" lon="8.218724">
        <ele>262.073557</ele>
        <time>2026-08-09T10:48:44.960Z</time>
      </trkpt>
      <trkpt lat="50.574398" lon="8.216919">
        <ele>265.804929</ele>
        <time>2026-08-09T10:49:22.692Z</time>
      </trkpt>
      <trkpt lat="50.574522" lon="8.216553">
        <ele>266.681990</ele>
        <time>2026-08-09T10:49:31.966Z</time>
      </trkpt>
      <trkpt lat="50.574698" lon="8.215818">
        <ele>268.342787</ele>
        <time>2026-08-09T10:49:50.786Z</time>
      </trkpt>
      <trkpt lat="50.574812" lon="8.215201">
        <ele>269.701386</ele>
        <time>2026-08-09T10:50:04.946Z</time>
      </trkpt>
      <trkpt lat="50.575133" lon="8.214230">
        <ele>271.207137</ele>
        <time>2026-08-09T10:50:25.389Z</time>
      </trkpt>
      <trkpt lat="50.575146" lon="8.214100">
        <ele>271.385414</ele>
        <time>2026-08-09T10:50:27.963Z</time>
      </trkpt>
      <trkpt lat="50.575561" lon="8.214108">
        <ele>272.270724</ele>
        <time>2026-08-09T10:50:40.057Z</time>
      </trkpt>
      <trkpt lat="50.575622" lon="8.214109">
        <ele>272.400851</ele>
        <time>2026-08-09T10:50:41.862Z</time>
      </trkpt>
      <trkpt lat="50.575847" lon="8.214137">
        <ele>272.882298</ele>
        <time>2026-08-09T10:50:47.911Z</time>
      </trkpt>
      <trkpt lat="50.575921" lon="8.214057">
        <ele>273.073770</ele>
        <time>2026-08-09T10:50:50.187Z</time>
      </trkpt>
      <trkpt lat="50.576267" lon="8.213363">
        <ele>274.346640</ele>
        <time>2026-08-09T10:51:03.075Z</time>
      </trkpt>
      <trkpt lat="50.576406" lon="8.213012">
        <ele>274.972183</ele>
        <time>2026-08-09T10:51:11.072Z</time>
      </trkpt>
      <trkpt lat="50.576499" lon="8.212592">
        <ele>275.644824</ele>
        <time>2026-08-09T10:51:19.766Z</time>
      </trkpt>
      <trkpt lat="50.576531" lon="8.212364">
        <ele>275.997934</ele>
        <time>2026-08-09T10:51:23.962Z</time>
      </trkpt>
      <trkpt lat="50.576634" lon="8.209851">
        <ele>280.520435</ele>
        <time>2026-08-09T10:52:16.265Z</time>
      </trkpt>
      <trkpt lat="50.576755" lon="8.209551">
        <ele>281.257687</ele>
        <time>2026-08-09T10:52:25.099Z</time>
      </trkpt>
      <trkpt lat="50.576889" lon="8.209466">
        <ele>281.729598</ele>
        <time>2026-08-09T10:52:30.585Z</time>
      </trkpt>
      <trkpt lat="50.577027" lon="8.209445">
        <ele>282.182495</ele>
        <time>2026-08-09T10:52:35.735Z</time>
      </trkpt>
      <trkpt lat="50.577422" lon="8.209504">
        <ele>283.478611</ele>
        <time>2026-08-09T10:52:49.809Z</time>
      </trkpt>
      <trkpt lat="50.577462" lon="8.209478">
        <ele>283.619971</ele>
        <time>2026-08-09T10:52:51.255Z</time>
      </trkpt>
      <trkpt lat="50.577492" lon="8.209402">
        <ele>283.789513</ele>
        <time>2026-08-09T10:52:53.155Z</time>
      </trkpt>
      <trkpt lat="50.577499" lon="8.209297">
        <ele>283.930866</ele>
        <time>2026-08-09T10:52:55.373Z</time>
      </trkpt>
      <trkpt lat="50.577343" lon="8.206824">
        <ele>287.258162</ele>
        <time>2026-08-09T10:53:37.007Z</time>
      </trkpt>
      <trkpt lat="50.577479" lon="8.206139">
        <ele>288.665048</ele>
        <time>2026-08-09T10:53:51.214Z</time>
      </trkpt>
      <trkpt lat="50.577613" lon="8.205845">
        <ele>289.473676</ele>
        <time>2026-08-09T10:53:59.049Z</time>
      </trkpt>
      <trkpt lat="50.577994" lon="8.205330">
        <ele>291.240444</ele>
        <time>2026-08-09T10:54:17.485Z</time>
      </trkpt>
      <trkpt lat="50.578428" lon="8.204230">
        <ele>294.100379</ele>
        <time>2026-08-09T10:54:48.463Z</time>
      </trkpt>
      <trkpt lat="50.578627" lon="8.203832">
        <ele>295.081341</ele>
        <time>2026-08-09T10:55:00.018Z</time>
      </trkpt>
      <trkpt lat="50.578902" lon="8.203475">
        <ele>296.168174</ele>
        <time>2026-08-09T10:55:12.171Z</time>
      </trkpt>
      <trkpt lat="50.579263" lon="8.203140">
        <ele>297.445967</ele>
        <time>2026-08-09T10:55:25.864Z</time>
      </trkpt>
      <trkpt lat="50.579510" lon="8.202483">
        <ele>298.924475</ele>
        <time>2026-08-09T10:55:39.912Z</time>
      </trkpt>
      <trkpt lat="50.579704" lon="8.201838">
        <ele>300.823550</ele>
        <time>2026-08-09T10:55:51.764Z</time>
      </trkpt>
      <trkpt lat="50.579800" lon="8.201110">
        <ele>303.055017</ele>
        <time>2026-08-09T10:56:03.827Z</time>
      </trkpt>
      <trkpt lat="50.579775" lon="8.200913">
        <ele>303.657938</ele>
        <time>2026-08-09T10:56:07.914Z</time>
      </trkpt>
      <trkpt lat="50.579454" lon="8.200184">
        <ele>306.320340</ele>
        <time>2026-08-09T10:56:31.034Z</time>
      </trkpt>
      <trkpt lat="50.579452" lon="8.200056">
        <ele>306.704609</ele>
        <time>2026-08-09T10:56:35.087Z</time>
      </trkpt>
      <trkpt lat="50.579980" lon="8.199711">
        <ele>311.140541</ele>
        <time>2026-08-09T10:57:09.153Z</time>
      </trkpt>
      <trkpt lat="50.580971" lon="8.199029">
        <ele>322.010219</ele>
        <time>2026-08-09T10:58:22.493Z</time>
      </trkpt>
      <trkpt lat="50.581012" lon="8.198891">
        <ele>322.982572</ele>
        <time>2026-08-09T10:58:28.711Z</time>
      </trkpt>
      <trkpt lat="50.581297" lon="8.198089">
        <ele>328.151165</ele>
        <time>2026-08-09T10:59:04.352Z</time>
      </trkpt>
      <trkpt lat="50.581492" lon="8.197759">
        <ele>330.337671</ele>
        <time>2026-08-09T10:59:19.411Z</time>
      </trkpt>
      <trkpt lat="50.581942" lon="8.197166">
        <ele>334.819732</ele>
        <time>2026-08-09T10:59:47.416Z</time>
      </trkpt>
      <trkpt lat="50.582104" lon="8.197551">
        <ele>337.059929</ele>
        <time>2026-08-09T11:00:02.014Z</time>
      </trkpt>
      <trkpt lat="50.582525" lon="8.196356">
        <ele>342.059825</ele>
        <time>2026-08-09T11:00:42.955Z</time>
      </trkpt>
      <trkpt lat="50.582769" lon="8.195536">
        <ele>344.665879</ele>
        <time>2026-08-09T11:01:05.085Z</time>
      </trkpt>
      <trkpt lat="50.582673" lon="8.195438">
        <ele>345.184378</ele>
        <time>2026-08-09T11:01:09.017Z</time>
      </trkpt>
      <trkpt lat="50.583105" lon="8.193297">
        <ele>349.488123</ele>
        <time>2026-08-09T11:01:53.517Z</time>
      </trkpt>
      <trkpt lat="50.583113" lon="8.193029">
        <ele>349.822685</ele>
        <time>2026-08-09T11:01:58.136Z</time>
      </trkpt>
      <trkpt lat="50.582854" lon="8.192134">
        <ele>351.049184</ele>
        <time>2026-08-09T11:02:14.436Z</time>
      </trkpt>
      <trkpt lat="50.582657" lon="8.190859">
        <ele>352.814144</ele>
        <time>2026-08-09T11:02:35.808Z</time>
      </trkpt>
      <trkpt lat="50.582518" lon="8.190159">
        <ele>353.818029</ele>
        <time>2026-08-09T11:02:49.150Z</time>
      </trkpt>
      <trkpt lat="50.582314" lon="8.189402">
        <ele>354.943633</ele>
        <time>2026-08-09T11:03:06.143Z</time>
      </trkpt>
      <trkpt lat="50.582244" lon="8.188862">
        <ele>356.025639</ele>
        <time>2026-08-09T11:03:18.486Z</time>
      </trkpt>
      <trkpt lat="50.582271" lon="8.188253">
        <ele>357.465721</ele>
        <time>2026-08-09T11:03:32.777Z</time>
      </trkpt>
      <trkpt lat="50.582339" lon="8.187917">
        <ele>358.297603</ele>
        <time>2026-08-09T11:03:41.288Z</time>
      </trkpt>
      <trkpt lat="50.582899" lon="8.184138">
        <ele>367.211842</ele>
        <time>2026-08-09T11:05:12.508Z</time>
      </trkpt>
      <trkpt lat="50.582686" lon="8.181677">
        <ele>372.366147</ele>
        <time>2026-08-09T11:06:03.037Z</time>
      </trkpt>
      <trkpt lat="50.582321" lon="8.177701">
        <ele>381.738388</ele>
        <time>2026-08-09T11:07:41.442Z</time>
      </trkpt>
      <trkpt lat="50.582158" lon="8.175927">
        <ele>384.281078</ele>
        <time>2026-08-09T11:08:15.555Z</time>
      </trkpt>
      <trkpt lat="50.581266" lon="8.176520">
        <ele>385.563533</ele>
        <time>2026-08-09T11:08:36.028Z</time>
      </trkpt>
      <trkpt lat="50.581217" lon="8.176507">
        <ele>385.591486</ele>
        <time>2026-08-09T11:08:37.023Z</time>
      </trkpt>
      <trkpt lat="50.581190" lon="8.176445">
        <ele>385.618341</ele>
        <time>2026-08-09T11:08:37.963Z</time>
      </trkpt>
      <trkpt lat="50.581068" lon="8.175026">
        <ele>386.129839</ele>
        <time>2026-08-09T11:08:53.346Z</time>
      </trkpt>
      <trkpt lat="50.580277" lon="8.175162">
        <ele>387.633957</ele>
        <time>2026-08-09T11:09:10.592Z</time>
      </trkpt>
      <trkpt lat="50.580074" lon="8.175208">
        <ele>388.157721</ele>
        <time>2026-08-09T11:09:15.017Z</time>
      </trkpt>
      <trkpt lat="50.579898" lon="8.175238">
        <ele>388.609817</ele>
        <time>2026-08-09T11:09:18.905Z</time>
      </trkpt>
      <trkpt lat="50.579324" lon="8.175318">
        <ele>390.081436</ele>
        <time>2026-08-09T11:09:35.868Z</time>
      </trkpt>
      <trkpt lat="50.579987" lon="8.172814">
        <ele>399.447537</ele>
        <time>2026-08-09T11:10:53.380Z</time>
      </trkpt>
      <trkpt lat="50.580498" lon="8.170888">
        <ele>408.320713</ele>
        <time>2026-08-09T11:11:54.694Z</time>
      </trkpt>
      <trkpt lat="50.579586" lon="8.171057">
        <ele>414.983214</ele>
        <time>2026-08-09T11:12:42.063Z</time>
      </trkpt>
      <trkpt lat="50.579028" lon="8.170892">
        <ele>421.595256</ele>
        <time>2026-08-09T11:13:16.540Z</time>
      </trkpt>
      <trkpt lat="50.578789" lon="8.170776">
        <ele>424.507854</ele>
        <time>2026-08-09T11:13:33.490Z</time>
      </trkpt>
      <trkpt lat="50.577815" lon="8.170108">
        <ele>437.144413</ele>
        <time>2026-08-09T11:15:02.252Z</time>
      </trkpt>
      <trkpt lat="50.577692" lon="8.170000">
        <ele>439.048317</ele>
        <time>2026-08-09T11:15:15.033Z</time>
      </trkpt>
      <trkpt lat="50.577186" lon="8.169287">
        <ele>448.227970</ele>
        <time>2026-08-09T11:16:16.423Z</time>
      </trkpt>
      <trkpt lat="50.576918" lon="8.168970">
        <ele>452.759435</ele>
        <time>2026-08-09T11:16:45.659Z</time>
      </trkpt>
      <trkpt lat="50.576147" lon="8.168640">
        <ele>461.343497</ele>
        <time>2026-08-09T11:17:40.887Z</time>
      </trkpt>
      <trkpt lat="50.576000" lon="8.168533">
        <ele>462.321349</ele>
        <time>2026-08-09T11:17:49.699Z</time>
      </trkpt>
      <trkpt lat="50.575964" lon="8.168440">
        <ele>462.738991</ele>
        <time>2026-08-09T11:17:53.323Z</time>
      </trkpt>
      <trkpt lat="50.575826" lon="8.168529">
        <ele>463.639437</ele>
        <time>2026-08-09T11:18:03.069Z</time>
      </trkpt>
      <trkpt lat="50.575964" lon="8.168440">
        <ele>464.539883</ele>
        <time>2026-08-09T11:18:12.456Z</time>
      </trkpt>
      <trkpt lat="50.575927" lon="8.168244">
        <ele>465.323960</ele>
        <time>2026-08-09T11:18:18.527Z</time>
      </trkpt>
      <trkpt lat="50.575946" lon="8.168049">
        <ele>466.080450</ele>
        <time>2026-08-09T11:18:24.074Z</time>
      </trkpt>
      <trkpt lat="50.576424" lon="8.166582">
        <ele>470.256067</ele>
        <time>2026-08-09T11:18:59.107Z</time>
      </trkpt>
      <trkpt lat="50.576757" lon="8.165243">
        <ele>469.817598</ele>
        <time>2026-08-09T11:19:18.193Z</time>
      </trkpt>
      <trkpt lat="50.576861" lon="8.165005">
        <ele>469.729508</ele>
        <time>2026-08-09T11:19:21.044Z</time>
      </trkpt>
      <trkpt lat="50.577210" lon="8.164680">
        <ele>469.467163</ele>
        <time>2026-08-09T11:19:26.972Z</time>
      </trkpt>
      <trkpt lat="50.577078" lon="8.164358">
        <ele>468.848955</ele>
        <time>2026-08-09T11:19:29.822Z</time>
      </trkpt>
      <trkpt lat="50.576899" lon="8.164110">
        <ele>468.243362</ele>
        <time>2026-08-09T11:19:32.556Z</time>
      </trkpt>
      <trkpt lat="50.576702" lon="8.163952">
        <ele>467.681812</ele>
        <time>2026-08-09T11:19:35.110Z</time>
      </trkpt>
      <trkpt lat="50.576066" lon="8.163591">
        <ele>465.964611</ele>
        <time>2026-08-09T11:19:43.397Z</time>
      </trkpt>
      <trkpt lat="50.576180" lon="8.163384">
        <ele>465.522642</ele>
        <time>2026-08-09T11:19:45.827Z</time>
      </trkpt>
      <trkpt lat="50.577601" lon="8.161677">
        <ele>470.993303</ele>
        <time>2026-08-09T11:20:44.676Z</time>
      </trkpt>
      <trkpt lat="50.578609" lon="8.160390">
        <ele>478.928893</ele>
        <time>2026-08-09T11:21:50.187Z</time>
      </trkpt>
      <trkpt lat="50.578750" lon="8.160298">
        <ele>479.935441</ele>
        <time>2026-08-09T11:21:57.806Z</time>
      </trkpt>
      <trkpt lat="50.580782" lon="8.158959">
        <ele>493.315762</ele>
        <time>2026-08-09T11:23:33.884Z</time>
      </trkpt>
      <trkpt lat="50.581279" lon="8.158632">
        <ele>496.688362</ele>
        <time>2026-08-09T11:23:57.065Z</time>
      </trkpt>
      <trkpt lat="50.582318" lon="8.157986">
        <ele>503.870625</ele>
        <time>2026-08-09T11:24:48.700Z</time>
      </trkpt>
      <trkpt lat="50.583132" lon="8.157570">
        <ele>509.538989</ele>
        <time>2026-08-09T11:25:30.519Z</time>
      </trkpt>
      <trkpt lat="50.583441" lon="8.157413">
        <ele>511.725563</ele>
        <time>2026-08-09T11:25:46.283Z</time>
      </trkpt>
      <trkpt lat="50.586521" lon="8.156002">
        <ele>532.970883</ele>
        <time>2026-08-09T11:28:15.836Z</time>
      </trkpt>
      <trkpt lat="50.588346" lon="8.155211">
        <ele>544.962321</ele>
        <time>2026-08-09T11:29:45.807Z</time>
      </trkpt>
      <trkpt lat="50.588631" lon="8.155121">
        <ele>546.578137</ele>
        <time>2026-08-09T11:29:57.509Z</time>
      </trkpt>
      <trkpt lat="50.589322" lon="8.154901">
        <ele>550.497026</ele>
        <time>2026-08-09T11:30:24.595Z</time>
      </trkpt>
      <trkpt lat="50.589336" lon="8.154897">
        <ele>550.576121</ele>
        <time>2026-08-09T11:30:25.099Z</time>
      </trkpt>
      <trkpt lat="50.590486" lon="8.154524">
        <ele>556.356493</ele>
        <time>2026-08-09T11:31:12.728Z</time>
      </trkpt>
      <trkpt lat="50.590947" lon="8.154434">
        <ele>558.577144</ele>
        <time>2026-08-09T11:31:31.583Z</time>
      </trkpt>
      <trkpt lat="50.591181" lon="8.154416">
        <ele>559.697103</ele>
        <time>2026-08-09T11:31:40.524Z</time>
      </trkpt>
      <trkpt lat="50.592185" lon="8.154352">
        <ele>562.460603</ele>
        <time>2026-08-09T11:32:12.297Z</time>
      </trkpt>
      <trkpt lat="50.592636" lon="8.154318">
        <ele>563.552888</ele>
        <time>2026-08-09T11:32:23.466Z</time>
      </trkpt>
      <trkpt lat="50.593274" lon="8.154253">
        <ele>564.965409</ele>
        <time>2026-08-09T11:32:38.885Z</time>
      </trkpt>
      <trkpt lat="50.594937" lon="8.154078">
        <ele>567.613481</ele>
        <time>2026-08-09T11:33:20.287Z</time>
      </trkpt>
      <trkpt lat="50.597506" lon="8.153796">
        <ele>575.790791</ele>
        <time>2026-08-09T11:34:49.399Z</time>
      </trkpt>
      <trkpt lat="50.599007" lon="8.153932">
        <ele>577.031450</ele>
        <time>2026-08-09T11:35:24.077Z</time>
      </trkpt>
      <trkpt lat="50.599719" lon="8.154003">
        <ele>575.428634</ele>
        <time>2026-08-09T11:35:33.509Z</time>
      </trkpt>
      <trkpt lat="50.601627" lon="8.154229">
        <ele>566.725988</ele>
        <time>2026-08-09T11:35:55.624Z</time>
      </trkpt>
      <trkpt lat="50.602736" lon="8.153991">
        <ele>560.097188</ele>
        <time>2026-08-09T11:36:08.208Z</time>
      </trkpt>
      <trkpt lat="50.603987" lon="8.153734">
        <ele>552.360260</ele>
        <time>2026-08-09T11:36:22.438Z</time>
      </trkpt>
      <trkpt lat="50.604442" lon="8.153713">
        <ele>549.815763</ele>
        <time>2026-08-09T11:36:27.523Z</time>
      </trkpt>
      <trkpt lat="50.604620" lon="8.153752">
        <ele>548.811186</ele>
        <time>2026-08-09T11:36:29.508Z</time>
      </trkpt>
      <trkpt lat="50.604967" lon="8.153980">
        <ele>546.709589</ele>
        <time>2026-08-09T11:36:33.659Z</time>
      </trkpt>
      <trkpt lat="50.605744" lon="8.154803">
        <ele>542.293477</ele>
        <time>2026-08-09T11:36:44.926Z</time>
      </trkpt>
      <trkpt lat="50.605774" lon="8.154637">
        <ele>542.018013</ele>
        <time>2026-08-09T11:36:46.621Z</time>
      </trkpt>
      <trkpt lat="50.605784" lon="8.153541">
        <ele>540.268644</ele>
        <time>2026-08-09T11:36:57.859Z</time>
      </trkpt>
      <trkpt lat="50.605912" lon="8.153274">
        <ele>539.734610</ele>
        <time>2026-08-09T11:37:01.507Z</time>
      </trkpt>
      <trkpt lat="50.606388" lon="8.151473">
        <ele>536.541477</ele>
        <time>2026-08-09T11:37:20.226Z</time>
      </trkpt>
      <trkpt lat="50.607097" lon="8.149267">
        <ele>533.312004</ele>
        <time>2026-08-09T11:37:43.024Z</time>
      </trkpt>
      <trkpt lat="50.608029" lon="8.146987">
        <ele>533.047589</ele>
        <time>2026-08-09T11:38:16.591Z</time>
      </trkpt>
      <trkpt lat="50.608328" lon="8.146196">
        <ele>534.183587</ele>
        <time>2026-08-09T11:38:30.260Z</time>
      </trkpt>
      <trkpt lat="50.608968" lon="8.144697">
        <ele>537.946828</ele>
        <time>2026-08-09T11:39:08.771Z</time>
      </trkpt>
      <trkpt lat="50.610039" lon="8.141841">
        <ele>549.548879</ele>
        <time>2026-08-09T11:40:59.763Z</time>
      </trkpt>
      <trkpt lat="50.610151" lon="8.139984">
        <ele>553.677942</ele>
        <time>2026-08-09T11:41:32.793Z</time>
      </trkpt>
      <trkpt lat="50.610070" lon="8.138970">
        <ele>552.876944</ele>
        <time>2026-08-09T11:41:43.907Z</time>
      </trkpt>
      <trkpt lat="50.610184" lon="8.138004">
        <ele>552.106859</ele>
        <time>2026-08-09T11:41:54.012Z</time>
      </trkpt>
      <trkpt lat="50.610296" lon="8.137422">
        <ele>551.630203</ele>
        <time>2026-08-09T11:41:59.949Z</time>
      </trkpt>
      <trkpt lat="50.611182" lon="8.139873">
        <ele>546.128180</ele>
        <time>2026-08-09T11:42:25.463Z</time>
      </trkpt>
      <trkpt lat="50.611413" lon="8.140383">
        <ele>545.141074</ele>
        <time>2026-08-09T11:42:31.017Z</time>
      </trkpt>
      <trkpt lat="50.612693" lon="8.141915">
        <ele>541.766173</ele>
        <time>2026-08-09T11:42:55.672Z</time>
      </trkpt>
      <trkpt lat="50.613039" lon="8.142311">
        <ele>541.647578</ele>
        <time>2026-08-09T11:43:04.575Z</time>
      </trkpt>
      <trkpt lat="50.613548" lon="8.143132">
        <ele>541.445580</ele>
        <time>2026-08-09T11:43:20.635Z</time>
      </trkpt>
      <trkpt lat="50.613585" lon="8.143199">
        <ele>541.429949</ele>
        <time>2026-08-09T11:43:21.860Z</time>
      </trkpt>
      <trkpt lat="50.613733" lon="8.143473">
        <ele>541.366625</ele>
        <time>2026-08-09T11:43:25.896Z</time>
      </trkpt>
      <trkpt lat="50.614072" lon="8.143409">
        <ele>541.032654</ele>
        <time>2026-08-09T11:43:37.956Z</time>
      </trkpt>
      <trkpt lat="50.614823" lon="8.143267">
        <ele>538.571004</ele>
        <time>2026-08-09T11:44:02.644Z</time>
      </trkpt>
      <trkpt lat="50.615405" lon="8.143260">
        <ele>536.676837</ele>
        <time>2026-08-09T11:44:19.960Z</time>
      </trkpt>
      <trkpt lat="50.615930" lon="8.141178">
        <ele>530.196328</ele>
        <time>2026-08-09T11:44:39.206Z</time>
      </trkpt>
      <trkpt lat="50.615928" lon="8.141004">
        <ele>529.640420</ele>
        <time>2026-08-09T11:44:40.698Z</time>
      </trkpt>
      <trkpt lat="50.615932" lon="8.140912">
        <ele>529.345851</ele>
        <time>2026-08-09T11:44:41.499Z</time>
      </trkpt>
      <trkpt lat="50.615978" lon="8.140664">
        <ele>528.520498</ele>
        <time>2026-08-09T11:44:43.755Z</time>
      </trkpt>
      <trkpt lat="50.616367" lon="8.140673">
        <ele>526.561939</ele>
        <time>2026-08-09T11:44:49.076Z</time>
      </trkpt>
      <trkpt lat="50.616734" lon="8.140682">
        <ele>526.034900</ele>
        <time>2026-08-09T11:44:54.449Z</time>
      </trkpt>
      <trkpt lat="50.616932" lon="8.140814">
        <ele>525.807802</ele>
        <time>2026-08-09T11:44:57.844Z</time>
      </trkpt>
      <trkpt lat="50.617352" lon="8.141114">
        <ele>525.320701</ele>
        <time>2026-08-09T11:45:05.774Z</time>
      </trkpt>
      <trkpt lat="50.617651" lon="8.141386">
        <ele>524.956017</ele>
        <time>2026-08-09T11:45:12.236Z</time>
      </trkpt>
      <trkpt lat="50.617967" lon="8.141752">
        <ele>524.541771</ele>
        <time>2026-08-09T11:45:20.997Z</time>
      </trkpt>
      <trkpt lat="50.618356" lon="8.142297">
        <ele>524.034240</ele>
        <time>2026-08-09T11:45:33.072Z</time>
      </trkpt>
      <trkpt lat="50.618638" lon="8.142878">
        <ele>523.585940</ele>
        <time>2026-08-09T11:45:42.697Z</time>
      </trkpt>
      <trkpt lat="50.618709" lon="8.143099">
        <ele>523.434129</ele>
        <time>2026-08-09T11:45:45.425Z</time>
      </trkpt>
      <trkpt lat="50.618751" lon="8.143227">
        <ele>523.345816</ele>
        <time>2026-08-09T11:45:46.932Z</time>
      </trkpt>
      <trkpt lat="50.618973" lon="8.143600">
        <ele>523.032395</ele>
        <time>2026-08-09T11:45:52.010Z</time>
      </trkpt>
      <trkpt lat="50.619153" lon="8.143738">
        <ele>522.839056</ele>
        <time>2026-08-09T11:45:54.979Z</time>
      </trkpt>
      <trkpt lat="50.620362" lon="8.142696">
        <ele>517.750295</ele>
        <time>2026-08-09T11:46:13.631Z</time>
      </trkpt>
      <trkpt lat="50.620456" lon="8.142713">
        <ele>517.382005</ele>
        <time>2026-08-09T11:46:14.922Z</time>
      </trkpt>
      <trkpt lat="50.620570" lon="8.142840">
        <ele>516.838615</ele>
        <time>2026-08-09T11:46:16.839Z</time>
      </trkpt>
      <trkpt lat="50.620806" lon="8.143023">
        <ele>515.814847</ele>
        <time>2026-08-09T11:46:20.562Z</time>
      </trkpt>
      <trkpt lat="50.620899" lon="8.143232">
        <ele>515.563782</ele>
        <time>2026-08-09T11:46:22.924Z</time>
      </trkpt>
      <trkpt lat="50.620964" lon="8.143557">
        <ele>515.289495</ele>
        <time>2026-08-09T11:46:26.167Z</time>
      </trkpt>
      <trkpt lat="50.621227" lon="8.144861">
        <ele>514.188129</ele>
        <time>2026-08-09T11:46:40.819Z</time>
      </trkpt>
      <trkpt lat="50.621704" lon="8.147626">
        <ele>513.077937</ele>
        <time>2026-08-09T11:47:15.154Z</time>
      </trkpt>
      <trkpt lat="50.621787" lon="8.148350">
        <ele>512.933076</ele>
        <time>2026-08-09T11:47:23.350Z</time>
      </trkpt>
      <trkpt lat="50.621813" lon="8.148869">
        <ele>512.806812</ele>
        <time>2026-08-09T11:47:29.043Z</time>
      </trkpt>
      <trkpt lat="50.621927" lon="8.149115">
        <ele>512.728211</ele>
        <time>2026-08-09T11:47:31.930Z</time>
      </trkpt>
      <trkpt lat="50.621923" lon="8.150244">
        <ele>512.436908</ele>
        <time>2026-08-09T11:47:44.483Z</time>
      </trkpt>
      <trkpt lat="50.621923" lon="8.150805">
        <ele>512.292162</ele>
        <time>2026-08-09T11:47:51.118Z</time>
      </trkpt>
      <trkpt lat="50.621985" lon="8.152577">
        <ele>512.332296</ele>
        <time>2026-08-09T11:48:14.166Z</time>
      </trkpt>
      <trkpt lat="50.622223" lon="8.155295">
        <ele>512.729593</ele>
        <time>2026-08-09T11:48:48.789Z</time>
      </trkpt>
      <trkpt lat="50.622239" lon="8.156067">
        <ele>512.866449</ele>
        <time>2026-08-09T11:48:58.716Z</time>
      </trkpt>
      <trkpt lat="50.622360" lon="8.157588">
        <ele>513.151184</ele>
        <time>2026-08-09T11:49:19.479Z</time>
      </trkpt>
      <trkpt lat="50.622464" lon="8.158913">
        <ele>513.412713</ele>
        <time>2026-08-09T11:49:37.134Z</time>
      </trkpt>
      <trkpt lat="50.622645" lon="8.160936">
        <ele>513.611741</ele>
        <time>2026-08-09T11:50:02.483Z</time>
      </trkpt>
      <trkpt lat="50.622651" lon="8.161495">
        <ele>513.630926</ele>
        <time>2026-08-09T11:50:09.391Z</time>
      </trkpt>
      <trkpt lat="50.622620" lon="8.161584">
        <ele>513.634410</ele>
        <time>2026-08-09T11:50:10.673Z</time>
      </trkpt>
      <trkpt lat="50.622556" lon="8.161740">
        <ele>513.640784</ele>
        <time>2026-08-09T11:50:12.725Z</time>
      </trkpt>
      <trkpt lat="50.622526" lon="8.161899">
        <ele>513.646476</ele>
        <time>2026-08-09T11:50:14.564Z</time>
      </trkpt>
      <trkpt lat="50.622298" lon="8.163951">
        <ele>513.275108</ele>
        <time>2026-08-09T11:50:36.778Z</time>
      </trkpt>
      <trkpt lat="50.621768" lon="8.166245">
        <ele>511.269765</ele>
        <time>2026-08-09T11:51:00.511Z</time>
      </trkpt>
      <trkpt lat="50.621676" lon="8.166975">
        <ele>510.158637</ele>
        <time>2026-08-09T11:51:06.796Z</time>
      </trkpt>
      <trkpt lat="50.621551" lon="8.167278">
        <ele>509.619057</ele>
        <time>2026-08-09T11:51:09.696Z</time>
      </trkpt>
      <trkpt lat="50.620871" lon="8.168345">
        <ele>506.060393</ele>
        <time>2026-08-09T11:51:21.096Z</time>
      </trkpt>
      <trkpt lat="50.620454" lon="8.169079">
        <ele>503.157224</ele>
        <time>2026-08-09T11:51:28.292Z</time>
      </trkpt>
      <trkpt lat="50.620184" lon="8.169813">
        <ele>500.657190</ele>
        <time>2026-08-09T11:51:34.628Z</time>
      </trkpt>
      <trkpt lat="50.619995" lon="8.170692">
        <ele>498.702129</ele>
        <time>2026-08-09T11:51:41.874Z</time>
      </trkpt>
      <trkpt lat="50.620692" lon="8.171172">
        <ele>496.307119</ele>
        <time>2026-08-09T11:51:51.664Z</time>
      </trkpt>
      <trkpt lat="50.620833" lon="8.171330">
        <ele>495.762382</ele>
        <time>2026-08-09T11:51:53.920Z</time>
      </trkpt>
      <trkpt lat="50.620956" lon="8.171545">
        <ele>495.184046</ele>
        <time>2026-08-09T11:51:56.309Z</time>
      </trkpt>
      <trkpt lat="50.621042" lon="8.171766">
        <ele>494.679900</ele>
        <time>2026-08-09T11:51:58.430Z</time>
      </trkpt>
      <trkpt lat="50.621126" lon="8.172182">
        <ele>494.656726</ele>
        <time>2026-08-09T11:52:01.953Z</time>
      </trkpt>
      <trkpt lat="50.621189" lon="8.172332">
        <ele>494.647176</ele>
        <time>2026-08-09T11:52:03.422Z</time>
      </trkpt>
      <trkpt lat="50.621513" lon="8.172886">
        <ele>494.607179</ele>
        <time>2026-08-09T11:52:09.987Z</time>
      </trkpt>
      <trkpt lat="50.621784" lon="8.173183">
        <ele>494.579562</ele>
        <time>2026-08-09T11:52:15.246Z</time>
      </trkpt>
      <trkpt lat="50.621853" lon="8.173289">
        <ele>494.571500</ele>
        <time>2026-08-09T11:52:16.987Z</time>
      </trkpt>
      <trkpt lat="50.621904" lon="8.173460">
        <ele>494.561470</ele>
        <time>2026-08-09T11:52:19.417Z</time>
      </trkpt>
      <trkpt lat="50.622463" lon="8.176380">
        <ele>501.188495</ele>
        <time>2026-08-09T11:53:29.876Z</time>
      </trkpt>
      <trkpt lat="50.622561" lon="8.176485">
        <ele>501.695481</ele>
        <time>2026-08-09T11:53:34.759Z</time>
      </trkpt>
      <trkpt lat="50.623265" lon="8.176729">
        <ele>504.774545</ele>
        <time>2026-08-09T11:54:03.616Z</time>
      </trkpt>
      <trkpt lat="50.623446" lon="8.176853">
        <ele>505.617297</ele>
        <time>2026-08-09T11:54:11.234Z</time>
      </trkpt>
      <trkpt lat="50.623968" lon="8.177337">
        <ele>508.203385</ele>
        <time>2026-08-09T11:54:33.813Z</time>
      </trkpt>
      <trkpt lat="50.624799" lon="8.178287">
        <ele>510.493162</ele>
        <time>2026-08-09T11:55:05.616Z</time>
      </trkpt>
      <trkpt lat="50.625191" lon="8.179013">
        <ele>511.058948</ele>
        <time>2026-08-09T11:55:18.875Z</time>
      </trkpt>
      <trkpt lat="50.625927" lon="8.180413">
        <ele>509.804769</ele>
        <time>2026-08-09T11:55:35.081Z</time>
      </trkpt>
      <trkpt lat="50.625989" lon="8.180579">
        <ele>509.433760</ele>
        <time>2026-08-09T11:55:36.627Z</time>
      </trkpt>
      <trkpt lat="50.626299" lon="8.182353">
        <ele>505.643972</ele>
        <time>2026-08-09T11:55:51.041Z</time>
      </trkpt>
      <trkpt lat="50.626377" lon="8.182646">
        <ele>504.399519</ele>
        <time>2026-08-09T11:55:53.385Z</time>
      </trkpt>
      <trkpt lat="50.626587" lon="8.183212">
        <ele>501.831539</ele>
        <time>2026-08-09T11:55:58.123Z</time>
      </trkpt>
      <trkpt lat="50.626613" lon="8.183300">
        <ele>501.451350</ele>
        <time>2026-08-09T11:55:58.803Z</time>
      </trkpt>
      <trkpt lat="50.626609" lon="8.183386">
        <ele>501.113636</ele>
        <time>2026-08-09T11:55:59.423Z</time>
      </trkpt>
      <trkpt lat="50.627581" lon="8.182431">
        <ele>494.134079</ele>
        <time>2026-08-09T11:56:12.026Z</time>
      </trkpt>
      <trkpt lat="50.627960" lon="8.182065">
        <ele>491.645749</ele>
        <time>2026-08-09T11:56:16.969Z</time>
      </trkpt>
      <trkpt lat="50.628147" lon="8.181923">
        <ele>490.483693</ele>
        <time>2026-08-09T11:56:19.320Z</time>
      </trkpt>
      <trkpt lat="50.628275" lon="8.181355">
        <ele>488.342975</ele>
        <time>2026-08-09T11:56:23.692Z</time>
      </trkpt>
      <trkpt lat="50.628549" lon="8.181313">
        <ele>486.801743</ele>
        <time>2026-08-09T11:56:26.908Z</time>
      </trkpt>
      <trkpt lat="50.628923" lon="8.182359">
        <ele>483.259588</ele>
        <time>2026-08-09T11:56:36.228Z</time>
      </trkpt>
      <trkpt lat="50.628971" lon="8.182402">
        <ele>483.042867</ele>
        <time>2026-08-09T11:56:36.900Z</time>
      </trkpt>
      <trkpt lat="50.628954" lon="8.182449">
        <ele>482.908144</ele>
        <time>2026-08-09T11:56:37.656Z</time>
      </trkpt>
      <trkpt lat="50.628989" lon="8.182602">
        <ele>482.503145</ele>
        <time>2026-08-09T11:56:39.767Z</time>
      </trkpt>
      <trkpt lat="50.629573" lon="8.184260">
        <ele>477.845963</ele>
        <time>2026-08-09T11:57:04.133Z</time>
      </trkpt>
      <trkpt lat="50.629626" lon="8.184328">
        <ele>477.733145</ele>
        <time>2026-08-09T11:57:05.517Z</time>
      </trkpt>
      <trkpt lat="50.629760" lon="8.184352">
        <ele>477.510493</ele>
        <time>2026-08-09T11:57:08.247Z</time>
      </trkpt>
      <trkpt lat="50.629969" lon="8.184191">
        <ele>477.126450</ele>
        <time>2026-08-09T11:57:12.936Z</time>
      </trkpt>
      <trkpt lat="50.630277" lon="8.183919">
        <ele>476.543604</ele>
        <time>2026-08-09T11:57:20.145Z</time>
      </trkpt>
      <trkpt lat="50.630468" lon="8.183735">
        <ele>476.174056</ele>
        <time>2026-08-09T11:57:24.984Z</time>
      </trkpt>
      <trkpt lat="50.630589" lon="8.183619">
        <ele>475.940253</ele>
        <time>2026-08-09T11:57:28.189Z</time>
      </trkpt>
      <trkpt lat="50.630807" lon="8.183415">
        <ele>475.521714</ele>
        <time>2026-08-09T11:57:32.019Z</time>
      </trkpt>
      <trkpt lat="50.631140" lon="8.183110">
        <ele>475.017645</ele>
        <time>2026-08-09T11:57:40.981Z</time>
      </trkpt>
      <trkpt lat="50.631799" lon="8.182501">
        <ele>478.146341</ele>
        <time>2026-08-09T11:58:07.678Z</time>
      </trkpt>
      <trkpt lat="50.630893" lon="8.180568">
        <ele>485.751219</ele>
        <time>2026-08-09T11:59:07.843Z</time>
      </trkpt>
      <trkpt lat="50.631228" lon="8.180074">
        <ele>488.847402</ele>
        <time>2026-08-09T11:59:28.437Z</time>
      </trkpt>
      <trkpt lat="50.631352" lon="8.179891">
        <ele>489.993877</ele>
        <time>2026-08-09T11:59:36.725Z</time>
      </trkpt>
      <trkpt lat="50.631599" lon="8.179527">
        <ele>492.276044</ele>
        <time>2026-08-09T11:59:55.298Z</time>
      </trkpt>
      <trkpt lat="50.631779" lon="8.179262">
        <ele>493.938389</ele>
        <time>2026-08-09T12:00:09.378Z</time>
      </trkpt>
      <trkpt lat="50.631688" lon="8.179091">
        <ele>494.938856</ele>
        <time>2026-08-09T12:00:17.515Z</time>
      </trkpt>
      <trkpt lat="50.631562" lon="8.178885">
        <ele>496.282688</ele>
        <time>2026-08-09T12:00:27.485Z</time>
      </trkpt>
      <trkpt lat="50.631584" lon="8.178812">
        <ele>496.662212</ele>
        <time>2026-08-09T12:00:30.631Z</time>
      </trkpt>
      <trkpt lat="50.631686" lon="8.178549">
        <ele>498.109787</ele>
        <time>2026-08-09T12:00:42.062Z</time>
      </trkpt>
      <trkpt lat="50.631978" lon="8.177873">
        <ele>501.950342</ele>
        <time>2026-08-09T12:01:09.440Z</time>
      </trkpt>
      <trkpt lat="50.632301" lon="8.177896">
        <ele>504.344010</ele>
        <time>2026-08-09T12:01:25.613Z</time>
      </trkpt>
      <trkpt lat="50.632393" lon="8.177870">
        <ele>505.035960</ele>
        <time>2026-08-09T12:01:30.850Z</time>
      </trkpt>
      <trkpt lat="50.632430" lon="8.177935">
        <ele>505.446075</ele>
        <time>2026-08-09T12:01:33.663Z</time>
      </trkpt>
      <trkpt lat="50.632492" lon="8.177640">
        <ele>506.905395</ele>
        <time>2026-08-09T12:01:42.761Z</time>
      </trkpt>
      <trkpt lat="50.632593" lon="8.176787">
        <ele>510.270994</ele>
        <time>2026-08-09T12:02:06.700Z</time>
      </trkpt>
      <trkpt lat="50.632640" lon="8.176605">
        <ele>510.991371</ele>
        <time>2026-08-09T12:02:12.035Z</time>
      </trkpt>
      <trkpt lat="50.633133" lon="8.175520">
        <ele>515.884147</ele>
        <time>2026-08-09T12:02:48.546Z</time>
      </trkpt>
      <trkpt lat="50.633760" lon="8.174164">
        <ele>521.203965</ele>
        <time>2026-08-09T12:03:32.603Z</time>
      </trkpt>
      <trkpt lat="50.635504" lon="8.170241">
        <ele>534.487173</ele>
        <time>2026-08-09T12:05:19.264Z</time>
      </trkpt>
      <trkpt lat="50.636420" lon="8.168303">
        <ele>543.203625</ele>
        <time>2026-08-09T12:06:25.479Z</time>
      </trkpt>
      <trkpt lat="50.636625" lon="8.167665">
        <ele>546.331460</ele>
        <time>2026-08-09T12:06:47.131Z</time>
      </trkpt>
      <trkpt lat="50.636812" lon="8.166714">
        <ele>551.066033</ele>
        <time>2026-08-09T12:07:19.209Z</time>
      </trkpt>
      <trkpt lat="50.637044" lon="8.165729">
        <ele>556.062464</ele>
        <time>2026-08-09T12:07:55.107Z</time>
      </trkpt>
      <trkpt lat="50.637192" lon="8.165347">
        <ele>558.096888</ele>
        <time>2026-08-09T12:08:10.592Z</time>
      </trkpt>
      <trkpt lat="50.637253" lon="8.165121">
        <ele>559.094215</ele>
        <time>2026-08-09T12:08:18.871Z</time>
      </trkpt>
      <trkpt lat="50.637304" lon="8.164778">
        <ele>560.524739</ele>
        <time>2026-08-09T12:08:30.316Z</time>
      </trkpt>
      <trkpt lat="50.637385" lon="8.164563">
        <ele>561.540162</ele>
        <time>2026-08-09T12:08:38.146Z</time>
      </trkpt>
      <trkpt lat="50.637443" lon="8.164453">
        <ele>562.121017</ele>
        <time>2026-08-09T12:08:42.532Z</time>
      </trkpt>
      <trkpt lat="50.637810" lon="8.164150">
        <ele>564.773296</ele>
        <time>2026-08-09T12:09:01.553Z</time>
      </trkpt>
      <trkpt lat="50.638184" lon="8.163805">
        <ele>567.547443</ele>
        <time>2026-08-09T12:09:19.904Z</time>
      </trkpt>
      <trkpt lat="50.638318" lon="8.163528">
        <ele>568.962031</ele>
        <time>2026-08-09T12:09:28.737Z</time>
      </trkpt>
      <trkpt lat="50.638584" lon="8.162776">
        <ele>570.663638</ele>
        <time>2026-08-09T12:09:48.516Z</time>
      </trkpt>
      <trkpt lat="50.638871" lon="8.162054">
        <ele>572.295299</ele>
        <time>2026-08-09T12:10:05.866Z</time>
      </trkpt>
      <trkpt lat="50.639064" lon="8.161646">
        <ele>573.269952</ele>
        <time>2026-08-09T12:10:15.176Z</time>
      </trkpt>
      <trkpt lat="50.639688" lon="8.160569">
        <ele>574.541622</ele>
        <time>2026-08-09T12:10:35.271Z</time>
      </trkpt>
      <trkpt lat="50.639800" lon="8.160376">
        <ele>574.557256</ele>
        <time>2026-08-09T12:10:38.076Z</time>
      </trkpt>
      <trkpt lat="50.640025" lon="8.160149">
        <ele>574.582426</ele>
        <time>2026-08-09T12:10:42.608Z</time>
      </trkpt>
      <trkpt lat="50.640186" lon="8.160049">
        <ele>574.598732</ele>
        <time>2026-08-09T12:10:45.709Z</time>
      </trkpt>
      <trkpt lat="50.640354" lon="8.160011">
        <ele>574.614725</ele>
        <time>2026-08-09T12:10:48.843Z</time>
      </trkpt>
      <trkpt lat="50.640538" lon="8.160018">
        <ele>574.632069</ele>
        <time>2026-08-09T12:10:51.947Z</time>
      </trkpt>
      <trkpt lat="50.640775" lon="8.159933">
        <ele>574.654972</ele>
        <time>2026-08-09T12:10:55.720Z</time>
      </trkpt>
      <trkpt lat="50.641414" lon="8.159813">
        <ele>573.243794</ele>
        <time>2026-08-09T12:11:04.673Z</time>
      </trkpt>
      <trkpt lat="50.641612" lon="8.159902">
        <ele>572.729669</ele>
        <time>2026-08-09T12:11:07.755Z</time>
      </trkpt>
      <trkpt lat="50.642356" lon="8.160408">
        <ele>570.706381</ele>
        <time>2026-08-09T12:11:19.408Z</time>
      </trkpt>
      <trkpt lat="50.642488" lon="8.160536">
        <ele>570.319425</ele>
        <time>2026-08-09T12:11:21.572Z</time>
      </trkpt>
      <trkpt lat="50.642713" lon="8.160652">
        <ele>569.761064</ele>
        <time>2026-08-09T12:11:24.911Z</time>
      </trkpt>
      <trkpt lat="50.643145" lon="8.160629">
        <ele>568.761622</ele>
        <time>2026-08-09T12:11:31.257Z</time>
      </trkpt>
      <trkpt lat="50.643620" lon="8.160509">
        <ele>567.649319</ele>
        <time>2026-08-09T12:11:38.729Z</time>
      </trkpt>
      <trkpt lat="50.644108" lon="8.160325">
        <ele>566.489157</ele>
        <time>2026-08-09T12:11:46.743Z</time>
      </trkpt>
      <trkpt lat="50.644430" lon="8.160270">
        <ele>565.726131</ele>
        <time>2026-08-09T12:11:51.845Z</time>
      </trkpt>
      <trkpt lat="50.644805" lon="8.160270">
        <ele>564.813903</ele>
        <time>2026-08-09T12:11:57.572Z</time>
      </trkpt>
      <trkpt lat="50.646024" lon="8.160230">
        <ele>561.847912</ele>
        <time>2026-08-09T12:12:15.612Z</time>
      </trkpt>
      <trkpt lat="50.646045" lon="8.160229">
        <ele>561.796804</ele>
        <time>2026-08-09T12:12:15.917Z</time>
      </trkpt>
      <trkpt lat="50.646450" lon="8.160289">
        <ele>561.113365</ele>
        <time>2026-08-09T12:12:22.008Z</time>
      </trkpt>
      <trkpt lat="50.646801" lon="8.160430">
        <ele>560.557530</ele>
        <time>2026-08-09T12:12:27.561Z</time>
      </trkpt>
      <trkpt lat="50.647430" lon="8.160777">
        <ele>559.534931</ele>
        <time>2026-08-09T12:12:38.452Z</time>
      </trkpt>
      <trkpt lat="50.647657" lon="8.160856">
        <ele>559.178203</ele>
        <time>2026-08-09T12:12:42.466Z</time>
      </trkpt>
      <trkpt lat="50.647671" lon="8.160852">
        <ele>559.156369</ele>
        <time>2026-08-09T12:12:42.740Z</time>
      </trkpt>
      <trkpt lat="50.647804" lon="8.160847">
        <ele>558.952213</ele>
        <time>2026-08-09T12:12:45.200Z</time>
      </trkpt>
      <trkpt lat="50.648285" lon="8.160824">
        <ele>558.602153</ele>
        <time>2026-08-09T12:12:54.281Z</time>
      </trkpt>
      <trkpt lat="50.648640" lon="8.160763">
        <ele>558.375411</ele>
        <time>2026-08-09T12:13:01.322Z</time>
      </trkpt>
      <trkpt lat="50.648751" lon="8.161030">
        <ele>558.246869</ele>
        <time>2026-08-09T12:13:04.833Z</time>
      </trkpt>
      <trkpt lat="50.648820" lon="8.161088">
        <ele>558.197223</ele>
        <time>2026-08-09T12:13:06.160Z</time>
      </trkpt>
      <trkpt lat="50.649006" lon="8.160890">
        <ele>558.054736</ele>
        <time>2026-08-09T12:13:09.949Z</time>
      </trkpt>
      <trkpt lat="50.649094" lon="8.160751">
        <ele>557.975655</ele>
        <time>2026-08-09T12:13:11.956Z</time>
      </trkpt>
      <trkpt lat="50.649583" lon="8.160435">
        <ele>557.171833</ele>
        <time>2026-08-09T12:13:19.641Z</time>
      </trkpt>
      <trkpt lat="50.650066" lon="8.160176">
        <ele>555.236437</ele>
        <time>2026-08-09T12:13:26.279Z</time>
      </trkpt>
      <trkpt lat="50.650650" lon="8.159796">
        <ele>552.839740</ele>
        <time>2026-08-09T12:13:33.868Z</time>
      </trkpt>
      <trkpt lat="50.651427" lon="8.159274">
        <ele>549.036841</ele>
        <time>2026-08-09T12:13:43.523Z</time>
      </trkpt>
      <trkpt lat="50.651730" lon="8.159011">
        <ele>547.108425</ele>
        <time>2026-08-09T12:13:47.444Z</time>
      </trkpt>
      <trkpt lat="50.652590" lon="8.158135">
        <ele>541.400153</ele>
        <time>2026-08-09T12:13:59.059Z</time>
      </trkpt>
      <trkpt lat="50.652892" lon="8.157814">
        <ele>540.052836</ele>
        <time>2026-08-09T12:14:03.386Z</time>
      </trkpt>
      <trkpt lat="50.653098" lon="8.157647">
        <ele>539.344911</ele>
        <time>2026-08-09T12:14:06.238Z</time>
      </trkpt>
      <trkpt lat="50.653322" lon="8.157533">
        <ele>538.625510</ele>
        <time>2026-08-09T12:14:09.156Z</time>
      </trkpt>
      <trkpt lat="50.653995" lon="8.157218">
        <ele>536.479868</ele>
        <time>2026-08-09T12:14:18.074Z</time>
      </trkpt>
      <trkpt lat="50.654056" lon="8.157215">
        <ele>536.293334</ele>
        <time>2026-08-09T12:14:18.875Z</time>
      </trkpt>
      <trkpt lat="50.654119" lon="8.157232">
        <ele>536.097981</ele>
        <time>2026-08-09T12:14:19.719Z</time>
      </trkpt>
      <trkpt lat="50.654228" lon="8.157315">
        <ele>535.728037</ele>
        <time>2026-08-09T12:14:21.367Z</time>
      </trkpt>
      <trkpt lat="50.654826" lon="8.158700">
        <ele>537.124230</ele>
        <time>2026-08-09T12:14:39.147Z</time>
      </trkpt>
      <trkpt lat="50.654986" lon="8.158857">
        <ele>537.469379</ele>
        <time>2026-08-09T12:14:44.003Z</time>
      </trkpt>
      <trkpt lat="50.655103" lon="8.158927">
        <ele>537.698583</ele>
        <time>2026-08-09T12:14:47.618Z</time>
      </trkpt>
      <trkpt lat="50.655538" lon="8.159116">
        <ele>538.525034</ele>
        <time>2026-08-09T12:15:03.531Z</time>
      </trkpt>
      <trkpt lat="50.656706" lon="8.159587">
        <ele>546.537669</ele>
        <time>2026-08-09T12:16:04.440Z</time>
      </trkpt>
      <trkpt lat="50.656924" lon="8.159638">
        <ele>548.081860</ele>
        <time>2026-08-09T12:16:15.940Z</time>
      </trkpt>
      <trkpt lat="50.656984" lon="8.159615">
        <ele>548.514504</ele>
        <time>2026-08-09T12:16:19.116Z</time>
      </trkpt>
      <trkpt lat="50.657093" lon="8.159469">
        <ele>549.516453</ele>
        <time>2026-08-09T12:16:26.427Z</time>
      </trkpt>
      <trkpt lat="50.657624" lon="8.157902">
        <ele>556.576418</ele>
        <time>2026-08-09T12:17:21.939Z</time>
      </trkpt>
      <trkpt lat="50.657770" lon="8.157596">
        <ele>558.046443</ele>
        <time>2026-08-09T12:17:34.275Z</time>
      </trkpt>
      <trkpt lat="50.658224" lon="8.156915">
        <ele>561.839670</ele>
        <time>2026-08-09T12:18:04.951Z</time>
      </trkpt>
      <trkpt lat="50.658432" lon="8.156402">
        <ele>563.811297</ele>
        <time>2026-08-09T12:18:23.364Z</time>
      </trkpt>
      <trkpt lat="50.658490" lon="8.156299">
        <ele>564.243645</ele>
        <time>2026-08-09T12:18:27.437Z</time>
      </trkpt>
      <trkpt lat="50.658503" lon="8.156176">
        <ele>564.634980</ele>
        <time>2026-08-09T12:18:30.321Z</time>
      </trkpt>
      <trkpt lat="50.658974" lon="8.154782">
        <ele>569.592272</ele>
        <time>2026-08-09T12:19:07.893Z</time>
      </trkpt>
      <trkpt lat="50.659614" lon="8.155163">
        <ele>573.628423</ele>
        <time>2026-08-09T12:19:38.259Z</time>
      </trkpt>
      <trkpt lat="50.659728" lon="8.155318">
        <ele>574.627882</ele>
        <time>2026-08-09T12:19:45.049Z</time>
      </trkpt>
      <trkpt lat="50.659772" lon="8.155473">
        <ele>575.342837</ele>
        <time>2026-08-09T12:19:49.948Z</time>
      </trkpt>
      <trkpt lat="50.659807" lon="8.155486">
        <ele>575.581624</ele>
        <time>2026-08-09T12:19:51.709Z</time>
      </trkpt>
      <trkpt lat="50.660214" lon="8.156000">
        <ele>579.043910</ele>
        <time>2026-08-09T12:20:18.272Z</time>
      </trkpt>
      <trkpt lat="50.660566" lon="8.156459">
        <ele>582.076725</ele>
        <time>2026-08-09T12:20:41.369Z</time>
      </trkpt>
      <trkpt lat="50.660694" lon="8.156536">
        <ele>582.986463</ele>
        <time>2026-08-09T12:20:48.361Z</time>
      </trkpt>
      <trkpt lat="50.661300" lon="8.157353">
        <ele>588.091359</ele>
        <time>2026-08-09T12:21:26.996Z</time>
      </trkpt>
      <trkpt lat="50.661412" lon="8.157529">
        <ele>589.103481</ele>
        <time>2026-08-09T12:21:34.590Z</time>
      </trkpt>
      <trkpt lat="50.662178" lon="8.159114">
        <ele>595.713945</ele>
        <time>2026-08-09T12:22:29.569Z</time>
      </trkpt>
      <trkpt lat="50.662386" lon="8.159535">
        <ele>596.674623</ele>
        <time>2026-08-09T12:22:41.348Z</time>
      </trkpt>
      <trkpt lat="50.662493" lon="8.159678">
        <ele>597.072788</ele>
        <time>2026-08-09T12:22:45.948Z</time>
      </trkpt>
      <trkpt lat="50.664239" lon="8.161773">
        <ele>599.575313</ele>
        <time>2026-08-09T12:24:03.583Z</time>
      </trkpt>
      <trkpt lat="50.664447" lon="8.161649">
        <ele>599.563681</ele>
        <time>2026-08-09T12:24:06.933Z</time>
      </trkpt>
      <trkpt lat="50.665266" lon="8.161654">
        <ele>599.938676</ele>
        <time>2026-08-09T12:24:19.689Z</time>
      </trkpt>
      <trkpt lat="50.665455" lon="8.161708">
        <ele>600.079709</ele>
        <time>2026-08-09T12:24:22.933Z</time>
      </trkpt>
      <trkpt lat="50.665572" lon="8.161778">
        <ele>600.171587</ele>
        <time>2026-08-09T12:24:25.195Z</time>
      </trkpt>
      <trkpt lat="50.666114" lon="8.162503">
        <ele>600.693343</ele>
        <time>2026-08-09T12:24:44.537Z</time>
      </trkpt>
      <trkpt lat="50.666747" lon="8.163266">
        <ele>602.253678</ele>
        <time>2026-08-09T12:25:14.892Z</time>
      </trkpt>
      <trkpt lat="50.666936" lon="8.163425">
        <ele>602.786061</ele>
        <time>2026-08-09T12:25:22.688Z</time>
      </trkpt>
      <trkpt lat="50.667278" lon="8.163595">
        <ele>603.677318</ele>
        <time>2026-08-09T12:25:34.654Z</time>
      </trkpt>
      <trkpt lat="50.667427" lon="8.163749">
        <ele>604.120059</ele>
        <time>2026-08-09T12:25:39.917Z</time>
      </trkpt>
      <trkpt lat="50.667853" lon="8.164374">
        <ele>605.131867</ele>
        <time>2026-08-09T12:25:53.594Z</time>
      </trkpt>
      <trkpt lat="50.668070" lon="8.164885">
        <ele>604.239773</ele>
        <time>2026-08-09T12:26:00.325Z</time>
      </trkpt>
      <trkpt lat="50.668209" lon="8.165262">
        <ele>603.607212</ele>
        <time>2026-08-09T12:26:04.643Z</time>
      </trkpt>
      <trkpt lat="50.668384" lon="8.165733">
        <ele>602.815384</ele>
        <time>2026-08-09T12:26:09.741Z</time>
      </trkpt>
      <trkpt lat="50.668636" lon="8.166187">
        <ele>601.940129</ele>
        <time>2026-08-09T12:26:15.129Z</time>
      </trkpt>
      <trkpt lat="50.668978" lon="8.166624">
        <ele>600.630896</ele>
        <time>2026-08-09T12:26:21.179Z</time>
      </trkpt>
      <trkpt lat="50.669375" lon="8.167214">
        <ele>598.087247</ele>
        <time>2026-08-09T12:26:28.535Z</time>
      </trkpt>
      <trkpt lat="50.670464" lon="8.168851">
        <ele>591.677344</ele>
        <time>2026-08-09T12:26:48.617Z</time>
      </trkpt>
      <trkpt lat="50.669723" lon="8.170206">
        <ele>588.203052</ele>
        <time>2026-08-09T12:27:05.094Z</time>
      </trkpt>
      <trkpt lat="50.670241" lon="8.171035">
        <ele>586.037944</ele>
        <time>2026-08-09T12:27:18.027Z</time>
      </trkpt>
      <trkpt lat="50.670498" lon="8.171399">
        <ele>585.052664</ele>
        <time>2026-08-09T12:27:24.055Z</time>
      </trkpt>
      <trkpt lat="50.671087" lon="8.171970">
        <ele>583.080446</ele>
        <time>2026-08-09T12:27:34.721Z</time>
      </trkpt>
      <trkpt lat="50.671310" lon="8.172100">
        <ele>582.402205</ele>
        <time>2026-08-09T12:27:37.987Z</time>
      </trkpt>
      <trkpt lat="50.672711" lon="8.172840">
        <ele>573.499708</ele>
        <time>2026-08-09T12:27:57.571Z</time>
      </trkpt>
      <trkpt lat="50.672813" lon="8.172869">
        <ele>572.858151</ele>
        <time>2026-08-09T12:27:58.955Z</time>
      </trkpt>
      <trkpt lat="50.673631" lon="8.172746">
        <ele>568.430378</ele>
        <time>2026-08-09T12:28:10.023Z</time>
      </trkpt>
      <trkpt lat="50.673806" lon="8.172841">
        <ele>567.514208</ele>
        <time>2026-08-09T12:28:12.566Z</time>
      </trkpt>
      <trkpt lat="50.673870" lon="8.172896">
        <ele>567.153436</ele>
        <time>2026-08-09T12:28:13.566Z</time>
      </trkpt>
      <trkpt lat="50.673918" lon="8.173008">
        <ele>566.729254</ele>
        <time>2026-08-09T12:28:14.756Z</time>
      </trkpt>
      <trkpt lat="50.674069" lon="8.173695">
        <ele>564.447988</ele>
        <time>2026-08-09T12:28:21.214Z</time>
      </trkpt>
      <trkpt lat="50.674278" lon="8.175194">
        <ele>560.648758</ele>
        <time>2026-08-09T12:28:35.472Z</time>
      </trkpt>
      <trkpt lat="50.674330" lon="8.175357">
        <ele>560.306712</ele>
        <time>2026-08-09T12:28:37.215Z</time>
      </trkpt>
      <trkpt lat="50.674421" lon="8.175523">
        <ele>559.895315</ele>
        <time>2026-08-09T12:28:39.329Z</time>
      </trkpt>
      <trkpt lat="50.676321" lon="8.178282">
        <ele>552.983232</ele>
        <time>2026-08-09T12:29:19.609Z</time>
      </trkpt>
      <trkpt lat="50.676681" lon="8.177712">
        <ele>551.803149</ele>
        <time>2026-08-09T12:29:34.128Z</time>
      </trkpt>
      <trkpt lat="50.676770" lon="8.177681">
        <ele>551.607705</ele>
        <time>2026-08-09T12:29:36.694Z</time>
      </trkpt>
      <trkpt lat="50.676814" lon="8.177700">
        <ele>551.509883</ele>
        <time>2026-08-09T12:29:38.003Z</time>
      </trkpt>
      <trkpt lat="50.677100" lon="8.178163">
        <ele>550.631262</ele>
        <time>2026-08-09T12:29:49.699Z</time>
      </trkpt>
      <trkpt lat="50.677185" lon="8.178300">
        <ele>550.370722</ele>
        <time>2026-08-09T12:29:53.181Z</time>
      </trkpt>
      <trkpt lat="50.677275" lon="8.178288">
        <ele>550.177039</ele>
        <time>2026-08-09T12:29:55.783Z</time>
      </trkpt>
      <trkpt lat="50.677329" lon="8.178195">
        <ele>550.005634</ele>
        <time>2026-08-09T12:29:58.054Z</time>
      </trkpt>
      <trkpt lat="50.678560" lon="8.176180">
        <ele>548.190479</ele>
        <time>2026-08-09T12:30:27.582Z</time>
      </trkpt>
      <trkpt lat="50.678814" lon="8.175706">
        <ele>548.076147</ele>
        <time>2026-08-09T12:30:36.442Z</time>
      </trkpt>
      <trkpt lat="50.679545" lon="8.174489">
        <ele>550.266680</ele>
        <time>2026-08-09T12:31:08.178Z</time>
      </trkpt>
      <trkpt lat="50.679592" lon="8.174403">
        <ele>550.492213</ele>
        <time>2026-08-09T12:31:10.469Z</time>
      </trkpt>
      <trkpt lat="50.680258" lon="8.173292">
        <ele>553.529382</ele>
        <time>2026-08-09T12:31:42.893Z</time>
      </trkpt>
      <trkpt lat="50.680517" lon="8.172861">
        <ele>554.965370</ele>
        <time>2026-08-09T12:31:58.011Z</time>
      </trkpt>
      <trkpt lat="50.680613" lon="8.172771">
        <ele>555.397439</ele>
        <time>2026-08-09T12:32:02.775Z</time>
      </trkpt>
      <trkpt lat="50.681688" lon="8.172136">
        <ele>559.838937</ele>
        <time>2026-08-09T12:32:44.642Z</time>
      </trkpt>
      <trkpt lat="50.681842" lon="8.172334">
        <ele>560.571208</ele>
        <time>2026-08-09T12:32:50.908Z</time>
      </trkpt>
      <trkpt lat="50.681949" lon="8.172412">
        <ele>560.498743</ele>
        <time>2026-08-09T12:32:54.369Z</time>
      </trkpt>
      <trkpt lat="50.682134" lon="8.172483">
        <ele>560.381686</ele>
        <time>2026-08-09T12:32:59.258Z</time>
      </trkpt>
      <trkpt lat="50.682298" lon="8.172478">
        <ele>560.280835</ele>
        <time>2026-08-09T12:33:02.912Z</time>
      </trkpt>
      <trkpt lat="50.682522" lon="8.172317">
        <ele>560.129504</ele>
        <time>2026-08-09T12:33:07.738Z</time>
      </trkpt>
      <trkpt lat="50.682694" lon="8.172125">
        <ele>559.999976</ele>
        <time>2026-08-09T12:33:11.439Z</time>
      </trkpt>
      <trkpt lat="50.682905" lon="8.171819">
        <ele>559.823796</ele>
        <time>2026-08-09T12:33:16.177Z</time>
      </trkpt>
      <trkpt lat="50.683112" lon="8.171396">
        <ele>559.615586</ele>
        <time>2026-08-09T12:33:21.608Z</time>
      </trkpt>
      <trkpt lat="50.683195" lon="8.171031">
        <ele>559.431062</ele>
        <time>2026-08-09T12:33:25.403Z</time>
      </trkpt>
      <trkpt lat="50.683239" lon="8.170608">
        <ele>558.304126</ele>
        <time>2026-08-09T12:33:29.506Z</time>
      </trkpt>
      <trkpt lat="50.683382" lon="8.170701">
        <ele>557.662392</ele>
        <time>2026-08-09T12:33:31.691Z</time>
      </trkpt>
      <trkpt lat="50.683422" lon="8.170778">
        <ele>557.400623</ele>
        <time>2026-08-09T12:33:32.562Z</time>
      </trkpt>
      <trkpt lat="50.683790" lon="8.172507">
        <ele>552.605583</ele>
        <time>2026-08-09T12:33:48.194Z</time>
      </trkpt>
      <trkpt lat="50.684418" lon="8.174681">
        <ele>543.963862</ele>
        <time>2026-08-09T12:34:08.383Z</time>
      </trkpt>
      <trkpt lat="50.684440" lon="8.174839">
        <ele>543.361943</ele>
        <time>2026-08-09T12:34:09.704Z</time>
      </trkpt>
      <trkpt lat="50.684188" lon="8.179188">
        <ele>520.955478</ele>
        <time>2026-08-09T12:35:14.830Z</time>
      </trkpt>
      <trkpt lat="50.683859" lon="8.179574">
        <ele>517.679547</ele>
        <time>2026-08-09T12:35:24.375Z</time>
      </trkpt>
      <trkpt lat="50.684251" lon="8.180287">
        <ele>512.899889</ele>
        <time>2026-08-09T12:35:38.516Z</time>
      </trkpt>
      <trkpt lat="50.685813" lon="8.182144">
        <ele>503.600581</ele>
        <time>2026-08-09T12:36:30.088Z</time>
      </trkpt>
      <trkpt lat="50.686028" lon="8.181961">
        <ele>502.433513</ele>
        <time>2026-08-09T12:36:33.414Z</time>
      </trkpt>
      <trkpt lat="50.686635" lon="8.181608">
        <ele>499.342815</ele>
        <time>2026-08-09T12:36:41.644Z</time>
      </trkpt>
      <trkpt lat="50.686841" lon="8.182349">
        <ele>496.893368</ele>
        <time>2026-08-09T12:36:47.764Z</time>
      </trkpt>
      <trkpt lat="50.686899" lon="8.184012">
        <ele>491.706438</ele>
        <time>2026-08-09T12:36:59.117Z</time>
      </trkpt>
      <trkpt lat="50.686943" lon="8.185089">
        <ele>488.290885</ele>
        <time>2026-08-09T12:37:07.142Z</time>
      </trkpt>
      <trkpt lat="50.687908" lon="8.185644">
        <ele>485.380636</ele>
        <time>2026-08-09T12:37:21.931Z</time>
      </trkpt>
      <trkpt lat="50.687980" lon="8.185769">
        <ele>485.255150</ele>
        <time>2026-08-09T12:37:24.035Z</time>
      </trkpt>
      <trkpt lat="50.688543" lon="8.187970">
        <ele>483.457761</ele>
        <time>2026-08-09T12:37:46.360Z</time>
      </trkpt>
      <trkpt lat="50.688849" lon="8.189314">
        <ele>482.317979</ele>
        <time>2026-08-09T12:37:59.174Z</time>
      </trkpt>
      <trkpt lat="50.688886" lon="8.189285">
        <ele>482.265939</ele>
        <time>2026-08-09T12:37:59.823Z</time>
      </trkpt>
      <trkpt lat="50.689132" lon="8.189740">
        <ele>481.788558</ele>
        <time>2026-08-09T12:38:06.272Z</time>
      </trkpt>
      <trkpt lat="50.689704" lon="8.190721">
        <ele>480.741734</ele>
        <time>2026-08-09T12:38:21.135Z</time>
      </trkpt>
      <trkpt lat="50.689797" lon="8.190976">
        <ele>480.511112</ele>
        <time>2026-08-09T12:38:24.365Z</time>
      </trkpt>
      <trkpt lat="50.690040" lon="8.192313">
        <ele>479.422875</ele>
        <time>2026-08-09T12:38:39.218Z</time>
      </trkpt>
      <trkpt lat="50.690385" lon="8.194206">
        <ele>477.953629</ele>
        <time>2026-08-09T12:39:00.498Z</time>
      </trkpt>
      <trkpt lat="50.690414" lon="8.194448">
        <ele>477.769922</ele>
        <time>2026-08-09T12:39:03.190Z</time>
      </trkpt>
      <trkpt lat="50.690621" lon="8.196040">
        <ele>475.877523</ele>
        <time>2026-08-09T12:39:21.663Z</time>
      </trkpt>
      <trkpt lat="50.690743" lon="8.196798">
        <ele>474.789519</ele>
        <time>2026-08-09T12:39:29.812Z</time>
      </trkpt>
      <trkpt lat="50.691012" lon="8.197582">
        <ele>473.549155</ele>
        <time>2026-08-09T12:39:38.250Z</time>
      </trkpt>
      <trkpt lat="50.690925" lon="8.197992">
        <ele>472.497362</ele>
        <time>2026-08-09T12:39:41.966Z</time>
      </trkpt>
      <trkpt lat="50.690679" lon="8.199652">
        <ele>467.734222</ele>
        <time>2026-08-09T12:39:56.295Z</time>
      </trkpt>
      <trkpt lat="50.690858" lon="8.200431">
        <ele>465.435945</ele>
        <time>2026-08-09T12:40:03.503Z</time>
      </trkpt>
      <trkpt lat="50.691067" lon="8.201396">
        <ele>463.718610</ele>
        <time>2026-08-09T12:40:13.017Z</time>
      </trkpt>
      <trkpt lat="50.691368" lon="8.202523">
        <ele>461.659065</ele>
        <time>2026-08-09T12:40:24.758Z</time>
      </trkpt>
      <trkpt lat="50.691311" lon="8.202627">
        <ele>461.427492</ele>
        <time>2026-08-09T12:40:26.072Z</time>
      </trkpt>
      <trkpt lat="50.691665" lon="8.203681">
        <ele>459.719410</ele>
        <time>2026-08-09T12:40:37.630Z</time>
      </trkpt>
      <trkpt lat="50.692194" lon="8.204715">
        <ele>458.014761</ele>
        <time>2026-08-09T12:40:50.528Z</time>
      </trkpt>
      <trkpt lat="50.692382" lon="8.204970">
        <ele>457.512924</ele>
        <time>2026-08-09T12:40:54.472Z</time>
      </trkpt>
      <trkpt lat="50.692780" lon="8.205511">
        <ele>456.395360</ele>
        <time>2026-08-09T12:41:02.890Z</time>
      </trkpt>
      <trkpt lat="50.693237" lon="8.206058">
        <ele>455.127467</ele>
        <time>2026-08-09T12:41:11.791Z</time>
      </trkpt>
      <trkpt lat="50.693295" lon="8.206107">
        <ele>454.982036</ele>
        <time>2026-08-09T12:41:12.819Z</time>
      </trkpt>
      <trkpt lat="50.695841" lon="8.208067">
        <ele>448.582254</ele>
        <time>2026-08-09T12:41:55.009Z</time>
      </trkpt>
      <trkpt lat="50.696116" lon="8.208278">
        <ele>448.391195</ele>
        <time>2026-08-09T12:42:00.123Z</time>
      </trkpt>
      <trkpt lat="50.696078" lon="8.208399">
        <ele>448.337738</ele>
        <time>2026-08-09T12:42:01.389Z</time>
      </trkpt>
      <trkpt lat="50.696802" lon="8.208729">
        <ele>447.866855</ele>
        <time>2026-08-09T12:42:13.688Z</time>
      </trkpt>
      <trkpt lat="50.696959" lon="8.208742">
        <ele>447.768616</ele>
        <time>2026-08-09T12:42:16.571Z</time>
      </trkpt>
      <trkpt lat="50.697643" lon="8.208799">
        <ele>447.292145</ele>
        <time>2026-08-09T12:42:29.646Z</time>
      </trkpt>
      <trkpt lat="50.697895" lon="8.208709">
        <ele>447.095346</ele>
        <time>2026-08-09T12:42:34.279Z</time>
      </trkpt>
      <trkpt lat="50.698686" lon="8.208254">
        <ele>446.454094</ele>
        <time>2026-08-09T12:42:46.981Z</time>
      </trkpt>
      <trkpt lat="50.698737" lon="8.208222">
        <ele>446.412291</ele>
        <time>2026-08-09T12:42:47.768Z</time>
      </trkpt>
      <trkpt lat="50.698964" lon="8.208072">
        <ele>446.224851</ele>
        <time>2026-08-09T12:42:51.650Z</time>
      </trkpt>
      <trkpt lat="50.699113" lon="8.207931">
        <ele>445.898619</ele>
        <time>2026-08-09T12:42:54.305Z</time>
      </trkpt>
      <trkpt lat="50.699897" lon="8.206414">
        <ele>443.110753</ele>
        <time>2026-08-09T12:43:12.619Z</time>
      </trkpt>
      <trkpt lat="50.700080" lon="8.206109">
        <ele>442.512547</ele>
        <time>2026-08-09T12:43:16.728Z</time>
      </trkpt>
      <trkpt lat="50.700429" lon="8.205352">
        <ele>442.152415</ele>
        <time>2026-08-09T12:43:26.158Z</time>
      </trkpt>
      <trkpt lat="50.700511" lon="8.205099">
        <ele>442.154079</ele>
        <time>2026-08-09T12:43:29.308Z</time>
      </trkpt>
      <trkpt lat="50.700566" lon="8.204878">
        <ele>442.155470</ele>
        <time>2026-08-09T12:43:32.073Z</time>
      </trkpt>
      <trkpt lat="50.700767" lon="8.204231">
        <ele>442.159690</ele>
        <time>2026-08-09T12:43:40.672Z</time>
      </trkpt>
      <trkpt lat="50.701258" lon="8.202315">
        <ele>442.871940</ele>
        <time>2026-08-09T12:44:11.537Z</time>
      </trkpt>
      <trkpt lat="50.701985" lon="8.199694">
        <ele>445.779893</ele>
        <time>2026-08-09T12:44:48.335Z</time>
      </trkpt>
      <trkpt lat="50.702065" lon="8.199386">
        <ele>446.311063</ele>
        <time>2026-08-09T12:44:52.785Z</time>
      </trkpt>
      <trkpt lat="50.702276" lon="8.198556">
        <ele>447.738116</ele>
        <time>2026-08-09T12:45:10.234Z</time>
      </trkpt>
      <trkpt lat="50.702447" lon="8.197645">
        <ele>449.455158</ele>
        <time>2026-08-09T12:45:36.800Z</time>
      </trkpt>
      <trkpt lat="50.702614" lon="8.196502">
        <ele>451.789915</ele>
        <time>2026-08-09T12:46:12.395Z</time>
      </trkpt>
      <trkpt lat="50.702624" lon="8.196431">
        <ele>451.934684</ele>
        <time>2026-08-09T12:46:14.395Z</time>
      </trkpt>
      <trkpt lat="50.704814" lon="8.181267">
        <ele>435.933044</ele>
        <time>2026-08-09T12:48:32.530Z</time>
      </trkpt>
      <trkpt lat="50.704872" lon="8.180883">
        <ele>432.859953</ele>
        <time>2026-08-09T12:48:35.086Z</time>
      </trkpt>
      <trkpt lat="50.705005" lon="8.179991">
        <ele>425.726335</ele>
        <time>2026-08-09T12:48:40.895Z</time>
      </trkpt>
      <trkpt lat="50.705173" lon="8.180022">
        <ele>423.647280</ele>
        <time>2026-08-09T12:48:42.582Z</time>
      </trkpt>
      <trkpt lat="50.705268" lon="8.179645">
        <ele>420.488763</ele>
        <time>2026-08-09T12:48:45.462Z</time>
      </trkpt>
      <trkpt lat="50.705467" lon="8.179296">
        <ele>416.833090</ele>
        <time>2026-08-09T12:48:48.825Z</time>
      </trkpt>
      <trkpt lat="50.705644" lon="8.178941">
        <ele>414.431690</ele>
        <time>2026-08-09T12:48:52.116Z</time>
      </trkpt>
      <trkpt lat="50.705695" lon="8.178762">
        <ele>413.560229</ele>
        <time>2026-08-09T12:48:53.561Z</time>
      </trkpt>
      <trkpt lat="50.705779" lon="8.178378">
        <ele>411.756479</ele>
        <time>2026-08-09T12:48:56.650Z</time>
      </trkpt>
      <trkpt lat="50.705796" lon="8.178245">
        <ele>411.154070</ele>
        <time>2026-08-09T12:48:57.583Z</time>
      </trkpt>
      <trkpt lat="50.705821" lon="8.178151">
        <ele>410.701415</ele>
        <time>2026-08-09T12:48:58.300Z</time>
      </trkpt>
      <trkpt lat="50.706239" lon="8.177209">
        <ele>405.594614</ele>
        <time>2026-08-09T12:49:07.054Z</time>
      </trkpt>
      <trkpt lat="50.706411" lon="8.176920">
        <ele>403.833821</ele>
        <time>2026-08-09T12:49:10.341Z</time>
      </trkpt>
      <trkpt lat="50.706606" lon="8.176732">
        <ele>402.932538</ele>
        <time>2026-08-09T12:49:13.448Z</time>
      </trkpt>
      <trkpt lat="50.707161" lon="8.176308">
        <ele>401.436903</ele>
        <time>2026-08-09T12:49:21.698Z</time>
      </trkpt>
      <trkpt lat="50.707620" lon="8.176205">
        <ele>400.312254</ele>
        <time>2026-08-09T12:49:27.780Z</time>
      </trkpt>
      <trkpt lat="50.708084" lon="8.176177">
        <ele>399.185842</ele>
        <time>2026-08-09T12:49:35.054Z</time>
      </trkpt>
      <trkpt lat="50.708804" lon="8.176071">
        <ele>396.578849</ele>
        <time>2026-08-09T12:49:46.465Z</time>
      </trkpt>
      <trkpt lat="50.709446" lon="8.175881">
        <ele>394.098428</ele>
        <time>2026-08-09T12:49:56.128Z</time>
      </trkpt>
      <trkpt lat="50.709559" lon="8.176050">
        <ele>393.507409</ele>
        <time>2026-08-09T12:49:57.984Z</time>
      </trkpt>
      <trkpt lat="50.710457" lon="8.176458">
        <ele>388.587068</ele>
        <time>2026-08-09T12:50:08.563Z</time>
      </trkpt>
      <trkpt lat="50.710832" lon="8.176625">
        <ele>386.163677</ele>
        <time>2026-08-09T12:50:12.877Z</time>
      </trkpt>
      <trkpt lat="50.711102" lon="8.176784">
        <ele>384.371371</ele>
        <time>2026-08-09T12:50:16.108Z</time>
      </trkpt>
      <trkpt lat="50.711389" lon="8.177055">
        <ele>382.291529</ele>
        <time>2026-08-09T12:50:19.854Z</time>
      </trkpt>
      <trkpt lat="50.711486" lon="8.177036">
        <ele>381.683586</ele>
        <time>2026-08-09T12:50:21.003Z</time>
      </trkpt>
      <trkpt lat="50.711708" lon="8.176801">
        <ele>380.192683</ele>
        <time>2026-08-09T12:50:24.175Z</time>
      </trkpt>
      <trkpt lat="50.712070" lon="8.177130">
        <ele>378.088974</ele>
        <time>2026-08-09T12:50:29.190Z</time>
      </trkpt>
      <trkpt lat="50.712488" lon="8.177732">
        <ele>375.239567</ele>
        <time>2026-08-09T12:50:36.169Z</time>
      </trkpt>
      <trkpt lat="50.713273" lon="8.178947">
        <ele>370.480300</ele>
        <time>2026-08-09T12:50:50.126Z</time>
      </trkpt>
      <trkpt lat="50.713279" lon="8.178956">
        <ele>370.453614</ele>
        <time>2026-08-09T12:50:50.234Z</time>
      </trkpt>
      <trkpt lat="50.714109" lon="8.180799">
        <ele>365.888129</ele>
        <time>2026-08-09T12:51:09.531Z</time>
      </trkpt>
      <trkpt lat="50.714433" lon="8.181530">
        <ele>364.488077</ele>
        <time>2026-08-09T12:51:17.549Z</time>
      </trkpt>
      <trkpt lat="50.714795" lon="8.182357">
        <ele>362.910606</ele>
        <time>2026-08-09T12:51:26.632Z</time>
      </trkpt>
      <trkpt lat="50.715180" lon="8.183196">
        <ele>361.119477</ele>
        <time>2026-08-09T12:51:35.684Z</time>
      </trkpt>
      <trkpt lat="50.715525" lon="8.184014">
        <ele>358.782435</ele>
        <time>2026-08-09T12:51:43.732Z</time>
      </trkpt>
      <trkpt lat="50.715606" lon="8.184120">
        <ele>358.387397</ele>
        <time>2026-08-09T12:51:45.061Z</time>
      </trkpt>
      <trkpt lat="50.715776" lon="8.184258">
        <ele>357.669592</ele>
        <time>2026-08-09T12:51:47.475Z</time>
      </trkpt>
      <trkpt lat="50.715796" lon="8.184221">
        <ele>357.553915</ele>
        <time>2026-08-09T12:51:47.854Z</time>
      </trkpt>
      <trkpt lat="50.715893" lon="8.184131">
        <ele>357.131436</ele>
        <time>2026-08-09T12:51:49.263Z</time>
      </trkpt>
      <trkpt lat="50.716044" lon="8.184056">
        <ele>356.536994</ele>
        <time>2026-08-09T12:51:51.241Z</time>
      </trkpt>
      <trkpt lat="50.716101" lon="8.183956">
        <ele>356.217061</ele>
        <time>2026-08-09T12:51:52.313Z</time>
      </trkpt>
      <trkpt lat="50.716405" lon="8.184507">
        <ele>354.584895</ele>
        <time>2026-08-09T12:51:57.988Z</time>
      </trkpt>
      <trkpt lat="50.716861" lon="8.185515">
        <ele>352.475868</ele>
        <time>2026-08-09T12:52:07.889Z</time>
      </trkpt>
      <trkpt lat="50.717086" lon="8.186106">
        <ele>351.301878</ele>
        <time>2026-08-09T12:52:13.504Z</time>
      </trkpt>
      <trkpt lat="50.717295" lon="8.186517">
        <ele>350.404470</ele>
        <time>2026-08-09T12:52:18.034Z</time>
      </trkpt>
      <trkpt lat="50.717622" lon="8.186836">
        <ele>349.726672</ele>
        <time>2026-08-09T12:52:23.700Z</time>
      </trkpt>
      <trkpt lat="50.717600" lon="8.186896">
        <ele>349.673827</ele>
        <time>2026-08-09T12:52:24.490Z</time>
      </trkpt>
      <trkpt lat="50.717570" lon="8.187017">
        <ele>349.574785</ele>
        <time>2026-08-09T12:52:25.843Z</time>
      </trkpt>
      <trkpt lat="50.717552" lon="8.187179">
        <ele>349.449426</ele>
        <time>2026-08-09T12:52:27.499Z</time>
      </trkpt>
      <trkpt lat="50.717541" lon="8.187384">
        <ele>349.292620</ele>
        <time>2026-08-09T12:52:29.437Z</time>
      </trkpt>
      <trkpt lat="50.717605" lon="8.187530">
        <ele>349.157275</ele>
        <time>2026-08-09T12:52:31.037Z</time>
      </trkpt>
      <trkpt lat="50.718128" lon="8.188323">
        <ele>348.284533</ele>
        <time>2026-08-09T12:52:42.348Z</time>
      </trkpt>
      <trkpt lat="50.718693" lon="8.189106">
        <ele>346.723610</ele>
        <time>2026-08-09T12:52:52.822Z</time>
      </trkpt>
      <trkpt lat="50.719123" lon="8.189749">
        <ele>345.015891</ele>
        <time>2026-08-09T12:53:00.144Z</time>
      </trkpt>
      <trkpt lat="50.719222" lon="8.189935">
        <ele>344.572203</ele>
        <time>2026-08-09T12:53:02.031Z</time>
      </trkpt>
      <trkpt lat="50.719432" lon="8.189861">
        <ele>343.951678</ele>
        <time>2026-08-09T12:53:04.684Z</time>
      </trkpt>
      <trkpt lat="50.719637" lon="8.189910">
        <ele>343.353732</ele>
        <time>2026-08-09T12:53:07.276Z</time>
      </trkpt>
      <trkpt lat="50.719975" lon="8.190078">
        <ele>342.404011</ele>
        <time>2026-08-09T12:53:11.710Z</time>
      </trkpt>
      <trkpt lat="50.721182" lon="8.190278">
        <ele>339.668004</ele>
        <time>2026-08-09T12:53:27.883Z</time>
      </trkpt>
      <trkpt lat="50.721928" lon="8.190716">
        <ele>337.695508</ele>
        <time>2026-08-09T12:53:39.303Z</time>
      </trkpt>
      <trkpt lat="50.722589" lon="8.191167">
        <ele>335.677916</ele>
        <time>2026-08-09T12:53:48.816Z</time>
      </trkpt>
      <trkpt lat="50.723195" lon="8.191485">
        <ele>333.888598</ele>
        <time>2026-08-09T12:53:56.519Z</time>
      </trkpt>
      <trkpt lat="50.723686" lon="8.191484">
        <ele>332.601096</ele>
        <time>2026-08-09T12:54:02.499Z</time>
      </trkpt>
      <trkpt lat="50.724268" lon="8.191381">
        <ele>331.097480</ele>
        <time>2026-08-09T12:54:10.062Z</time>
      </trkpt>
      <trkpt lat="50.724554" lon="8.191419">
        <ele>330.360590</ele>
        <time>2026-08-09T12:54:14.194Z</time>
      </trkpt>
      <trkpt lat="50.725673" lon="8.191122">
        <ele>327.243103</ele>
        <time>2026-08-09T12:54:29.929Z</time>
      </trkpt>
      <trkpt lat="50.726018" lon="8.191083">
        <ele>326.234350</ele>
        <time>2026-08-09T12:54:34.038Z</time>
      </trkpt>
      <trkpt lat="50.726265" lon="8.190974">
        <ele>325.486403</ele>
        <time>2026-08-09T12:54:37.142Z</time>
      </trkpt>
      <trkpt lat="50.726633" lon="8.190716">
        <ele>324.312195</ele>
        <time>2026-08-09T12:54:42.104Z</time>
      </trkpt>
      <trkpt lat="50.726755" lon="8.190630">
        <ele>323.922569</ele>
        <time>2026-08-09T12:54:43.786Z</time>
      </trkpt>
      <trkpt lat="50.727010" lon="8.190600">
        <ele>323.555448</ele>
        <time>2026-08-09T12:54:47.122Z</time>
      </trkpt>
      <trkpt lat="50.727572" lon="8.190699">
        <ele>323.090696</ele>
        <time>2026-08-09T12:54:55.119Z</time>
      </trkpt>
      <trkpt lat="50.728170" lon="8.191122">
        <ele>322.552200</ele>
        <time>2026-08-09T12:55:07.443Z</time>
      </trkpt>
      <trkpt lat="50.729168" lon="8.191762">
        <ele>322.301655</ele>
        <time>2026-08-09T12:55:25.523Z</time>
      </trkpt>
      <trkpt lat="50.729366" lon="8.191982">
        <ele>322.328672</ele>
        <time>2026-08-09T12:55:29.672Z</time>
      </trkpt>
      <trkpt lat="50.730144" lon="8.193354">
        <ele>322.075673</ele>
        <time>2026-08-09T12:55:51.744Z</time>
      </trkpt>
      <trkpt lat="50.730642" lon="8.194511">
        <ele>321.001644</ele>
        <time>2026-08-09T12:56:05.069Z</time>
      </trkpt>
      <trkpt lat="50.731097" lon="8.195339">
        <ele>320.082108</ele>
        <time>2026-08-09T12:56:14.190Z</time>
      </trkpt>
      <trkpt lat="50.731588" lon="8.196044">
        <ele>318.543130</ele>
        <time>2026-08-09T12:56:22.886Z</time>
      </trkpt>
      <trkpt lat="50.732070" lon="8.196642">
        <ele>317.121585</ele>
        <time>2026-08-09T12:56:30.745Z</time>
      </trkpt>
      <trkpt lat="50.732397" lon="8.196974">
        <ele>316.219977</ele>
        <time>2026-08-09T12:56:36.421Z</time>
      </trkpt>
      <trkpt lat="50.732575" lon="8.197294">
        <ele>315.312627</ele>
        <time>2026-08-09T12:56:40.208Z</time>
      </trkpt>
      <trkpt lat="50.732781" lon="8.197553">
        <ele>314.342333</ele>
        <time>2026-08-09T12:56:43.752Z</time>
      </trkpt>
      <trkpt lat="50.733090" lon="8.198080">
        <ele>312.666538</ele>
        <time>2026-08-09T12:56:49.578Z</time>
      </trkpt>
      <trkpt lat="50.734694" lon="8.200563">
        <ele>303.302682</ele>
        <time>2026-08-09T12:57:15.623Z</time>
      </trkpt>
      <trkpt lat="50.734946" lon="8.200848">
        <ele>301.914699</ele>
        <time>2026-08-09T12:57:19.462Z</time>
      </trkpt>
      <trkpt lat="50.734993" lon="8.200867">
        <ele>301.697417</ele>
        <time>2026-08-09T12:57:20.089Z</time>
      </trkpt>
      <trkpt lat="50.735186" lon="8.201180">
        <ele>301.036166</ele>
        <time>2026-08-09T12:57:24.388Z</time>
      </trkpt>
      <trkpt lat="50.735721" lon="8.202243">
        <ele>299.577398</ele>
        <time>2026-08-09T12:57:39.520Z</time>
      </trkpt>
      <trkpt lat="50.736384" lon="8.203618">
        <ele>297.504674</ele>
        <time>2026-08-09T12:57:57.833Z</time>
      </trkpt>
      <trkpt lat="50.737595" lon="8.206136">
        <ele>293.318652</ele>
        <time>2026-08-09T12:58:28.899Z</time>
      </trkpt>
      <trkpt lat="50.738241" lon="8.207467">
        <ele>291.642328</ele>
        <time>2026-08-09T12:58:45.053Z</time>
      </trkpt>
      <trkpt lat="50.738251" lon="8.207801">
        <ele>291.352076</ele>
        <time>2026-08-09T12:58:48.562Z</time>
      </trkpt>
      <trkpt lat="50.738422" lon="8.210338">
        <ele>290.579040</ele>
        <time>2026-08-09T12:59:13.957Z</time>
      </trkpt>
      <trkpt lat="50.738461" lon="8.210516">
        <ele>290.521967</ele>
        <time>2026-08-09T12:59:15.913Z</time>
      </trkpt>
      <trkpt lat="50.738608" lon="8.210950">
        <ele>290.683530</ele>
        <time>2026-08-09T12:59:21.218Z</time>
      </trkpt>
      <trkpt lat="50.738965" lon="8.213568">
        <ele>291.799001</ele>
        <time>2026-08-09T13:00:01.318Z</time>
      </trkpt>
      <trkpt lat="50.739100" lon="8.215034">
        <ele>292.826953</ele>
        <time>2026-08-09T13:00:24.463Z</time>
      </trkpt>
      <trkpt lat="50.739152" lon="8.215597">
        <ele>293.221749</ele>
        <time>2026-08-09T13:00:33.333Z</time>
      </trkpt>
      <trkpt lat="50.739272" lon="8.216831">
        <ele>293.717630</ele>
        <time>2026-08-09T13:00:54.333Z</time>
      </trkpt>
      <trkpt lat="50.739413" lon="8.218509">
        <ele>294.051342</ele>
        <time>2026-08-09T13:01:15.948Z</time>
      </trkpt>
      <trkpt lat="50.739771" lon="8.218430">
        <ele>294.007891</ele>
        <time>2026-08-09T13:01:22.181Z</time>
      </trkpt>
      <trkpt lat="50.739766" lon="8.220732">
        <ele>292.316826</ele>
        <time>2026-08-09T13:01:43.545Z</time>
      </trkpt>
      <trkpt lat="50.739764" lon="8.221241">
        <ele>292.043070</ele>
        <time>2026-08-09T13:01:47.914Z</time>
      </trkpt>
      <trkpt lat="50.740448" lon="8.221148">
        <ele>292.043070</ele>
        <time>2026-08-09T13:01:57.220Z</time>
      </trkpt>
      <trkpt lat="50.740274" lon="8.222029">
        <ele>292.043070</ele>
        <time>2026-08-09T13:02:05.067Z</time>
      </trkpt>
      <trkpt lat="50.740201" lon="8.222298">
        <ele>292.043070</ele>
        <time>2026-08-09T13:02:07.704Z</time>
      </trkpt>
    </trkseg>
  </trk>
</gpx>